Model_C8,Model_C1,BBH_Raw_Weighted,BBH_Raw_Macro,BBH_C1_Reported,Num_Subtasks,BBH_Reconstructed_Score,Reconstruction_Residual
0-hero_Matter-0.2-7B-DPO,0-hero/Matter-0.2-7B-DPO,35.84447144592953,35.96254301656297,10.055525080241036,24,11.48158006543567,-1.426054985194634
01-ai_Yi-1.5-34B,01-ai/Yi-1.5-34B,59.53827460510328,59.76391706360018,42.74936268839652,24,44.17304197308727,-1.4236792846907491
01-ai_Yi-1.5-34B-32K,01-ai/Yi-1.5-34B-32K,59.81600416594341,60.15685776542417,43.38184666762572,24,44.55623859618062,-1.174391928554897
01-ai_Yi-1.5-34B-Chat,01-ai/Yi-1.5-34B-Chat,60.649192848463805,60.83748310271818,44.262825981005655,24,45.70582846546066,-1.4430024844550076
01-ai_Yi-1.5-34B-Chat-16K,01-ai/Yi-1.5-34B-Chat-16K,60.701267141121335,61.002182564995714,44.53615654671034,24,45.777677832290685,-1.2415212855803475
01-ai_Yi-1.5-6B,01-ai/Yi-1.5-6B,44.81860788057629,44.88346218753918,22.027904536694773,24,23.863620949139605,-1.8357164124448317
01-ai_Yi-1.5-6B-Chat,01-ai/Yi-1.5-6B-Chat,45.061621246311404,45.54861043778055,23.67872313235784,24,24.19891799434629,-0.5201948619884469
01-ai_Yi-1.5-9B,01-ai/Yi-1.5-9B,51.3626106578719,51.42941791041909,30.50071699492122,24,32.89269138077672,-2.391974385855498
01-ai_Yi-1.5-9B-32K,01-ai/Yi-1.5-9B-32K,49.401145634438464,49.633211598826506,28.937011582169664,24,30.186365230179913,-1.2493536480102492
01-ai_Yi-1.5-9B-Chat,01-ai/Yi-1.5-9B-Chat,55.28554070473876,55.59064302816849,36.95293138417893,24,38.30534368197031,-1.3524122977913748
01-ai_Yi-1.5-9B-Chat-16K,01-ai/Yi-1.5-9B-Chat-16K,51.24110397500434,51.533833646517785,31.49760894701832,24,32.725042858173374,-1.2274339111550532
01-ai_Yi-34B,01-ai/Yi-34B,54.50442631487589,54.570999517945616,35.542431259008794,24,37.227603179520266,-1.685171920511472
01-ai_Yi-34B-200K,01-ai/Yi-34B-200K,54.01839958340566,54.41817925289527,36.02211028900003,24,36.5570090891069,-0.5348988001068662
01-ai_Yi-34B-Chat,01-ai/Yi-34B-Chat,55.268182607186255,55.608729107661645,37.623987597243485,24,38.28139389302698,-0.6574062957834954
01-ai_Yi-6B,01-ai/Yi-6B,42.66620378406527,43.092305910008655,19.408504737915056,24,20.89384712016613,-1.4853423822510727
01-ai_Yi-6B-200K,01-ai/Yi-6B-200K,42.45790661343517,42.89294810960331,20.148020103768047,24,20.606449652846116,-0.458429549078069
01-ai_Yi-6B-Chat,01-ai/Yi-6B-Chat,40.87831973615692,41.32601920754869,17.00016656742376,24,18.427018859002676,-1.4268522915789141
01-ai_Yi-9B,01-ai/Yi-9B,49.2622808540184,49.39607512530807,27.62695611207793,24,29.994766918633243,-2.367810806555312
01-ai_Yi-9B-200K,01-ai/Yi-9B-200K,47.80420065960771,47.93302602023641,26.49249509714754,24,27.982984647393145,-1.4904895502456057
01-ai_Yi-Coder-9B-Chat,01-ai/Yi-Coder-9B-Chat,48.029855927790315,48.14200033911168,25.94315294491389,24,28.294331903656488,-2.3511789587425973
1-800-LLMs_Qwen-2.5-14B-Hindi,1-800-LLMs/Qwen-2.5-14B-Hindi,64.97135913903836,65.239015319562,49.32988995210337,24,51.66932591235096,-2.3394359602475916
1-800-LLMs_Qwen-2.5-14B-Hindi-Custom-Instruct,1-800-LLMs/Qwen-2.5-14B-Hindi-Custom-Instruct,62.575941676792226,62.84322714967582,46.54015554088327,24,48.36425503817081,-1.8240994972875413
1024m_PHI-4-Hindi,1024m/PHI-4-Hindi,66.96754035757681,67.10015642760665,52.46181381023763,24,54.42355164083443,-1.9617378305968032
1024m_QWEN-14B-B100,1024m/QWEN-14B-B100,65.11022391945843,65.3271132679638,49.77664782103219,24,51.860924223897655,-2.084276402865463
152334H_miqu-1-70b-sf,152334H/miqu-1-70b-sf,60.87484811664642,61.02361685099691,43.807147003691966,24,46.01717572172403,-2.2100287180320635
1TuanPham_T-VisStar-7B-v0.1,1TuanPham/T-VisStar-7B-v0.1,50.3211248047214,50.52203113352468,30.24383447882599,24,31.455704044176642,-1.2118695653506535
1TuanPham_T-VisStar-v0.1,1TuanPham/T-VisStar-v0.1,50.3211248047214,50.52203113352468,30.24383447882599,24,31.455704044176642,-1.2118695653506535
3rd-Degree-Burn_L-3.1-Science-Writer-8B,3rd-Degree-Burn/L-3.1-Science-Writer-8B,50.078111438986284,50.41306326216104,29.19930078641656,24,31.12040699896996,-1.921106212553397
3rd-Degree-Burn_Llama-3.1-8B-Squareroot,3rd-Degree-Burn/Llama-3.1-8B-Squareroot,34.247526471098766,34.60942332632887,8.618063681935197,24,9.27819948264889,-0.660135800713693
3rd-Degree-Burn_Llama-3.1-8B-Squareroot-v1,3rd-Degree-Burn/Llama-3.1-8B-Squareroot-v1,33.153966325290746,33.427703119251255,6.515144725982737,24,7.769362779218817,-1.2542180532360794
3rd-Degree-Burn_Llama-Squared-8B,3rd-Degree-Burn/Llama-Squared-8B,44.10692588092345,44.310256838683536,21.277103190106818,24,22.88167960246289,-1.6045764123560708
4season_final_model_test_v2,4season/final_model_test_v2,63.235549383787536,63.42049783295019,47.410670136906425,24,49.27434701801751,-1.8636768811110827
AALF_FuseChat-Llama-3.1-8B-Instruct-preview,AALF/FuseChat-Llama-3.1-8B-Instruct-preview,50.9460163166117,51.198878983499036,30.84806521622957,24,32.317896446136686,-1.4698312299071148
AALF_FuseChat-Llama-3.1-8B-SFT-preview,AALF/FuseChat-Llama-3.1-8B-SFT-preview,52.2131574379448,52.40303130445233,32.53678156315301,24,34.06623103900011,-1.5294494758470947
AALF_gemma-2-27b-it-SimPO-37K,AALF/gemma-2-27b-it-SimPO-37K,38.899496615170975,39.113439179525336,15.307880971954305,24,15.696742919462537,-0.3888619475082322
AALF_gemma-2-27b-it-SimPO-37K-100steps,AALF/gemma-2-27b-it-SimPO-37K-100steps,39.17722617601111,39.30823076988502,15.261078322847055,24,16.079939542555895,-0.8188612197088396
AELLM_gemma-2-aeria-infinity-9b,AELLM/gemma-2-aeria-infinity-9b,59.76392987328589,59.8333666957765,42.0902142313775,24,44.48438922935062,-2.394174997973117
AELLM_gemma-2-lyco-infinity-9b,AELLM/gemma-2-lyco-infinity-9b,58.28849158132269,58.39534871023702,39.78753882674737,24,42.448657169167184,-2.6611183424198117
AGI-0_Art-v0-3B,AGI-0/Art-v0-3B,33.865648324943585,33.98105601735286,8.029776912286984,24,8.751304125895533,-0.7215272136085495
AGI-0_Artificium-llama3.1-8B-001,AGI-0/Artificium-llama3.1-8B-001,42.37111612567263,42.56215022592355,19.34889807323965,24,20.486700708129444,-1.1378026348897947
AGI-0_smartllama3.1-8B-001,AGI-0/smartllama3.1-8B-001,46.39819475785454,46.70178751086817,24.8577369132814,24,26.043051742983046,-1.185314829701646
AI-MO_NuminaMath-7B-CoT,AI-MO/NuminaMath-7B-CoT,42.978649540010416,43.14193495860011,19.152364282090307,24,21.32494332114615,-2.1725790390558437
AI-MO_NuminaMath-7B-TIR,AI-MO/NuminaMath-7B-TIR,41.27755597986461,41.43691337589789,16.87354725795866,24,18.97786400469937,-2.104316746740711
AI-Sweden-Models_Llama-3-8B-instruct,AI-Sweden-Models/Llama-3-8B-instruct,41.468495052942195,41.73460154515302,18.388095615027524,24,19.24131168307604,-0.8532160680485177
AI-Sweden-Models_gpt-sw3-40b,AI-Sweden-Models/gpt-sw3-40b,32.45964242319042,32.67744702957652,6.894934050796576,24,6.811371221485437,0.08356282931113856
AI4free_Dhanishtha,AI4free/Dhanishtha,33.76149973962853,34.03944494332637,7.93648440557281,24,8.607605392235522,-0.6711209866627117
AI4free_t2,AI4free/t2,28.745009546953654,29.101114363217686,2.133152068631521,24,1.6861163876118552,0.4470356810196656
AIDC-AI_Marco-o1,AIDC-AI/Marco-o1,53.341433778857834,53.643626963987494,34.84254498655976,24,35.622967320316846,-0.7804223337570875
Aashraf995_Creative-7B-nerd,Aashraf995/Creative-7B-nerd,55.84099982641902,56.06785565640195,37.0801538173552,24,39.071736928157016,-1.9915831108018125
Aashraf995_Gemma-Evo-10B,Aashraf995/Gemma-Evo-10B,60.35410519007117,60.443528975528814,43.42455936867185,24,45.29868205342399,-1.8741226847521375
Aashraf995_Qwen-Evo-7B,Aashraf995/Qwen-Evo-7B,56.81305328935949,57.09361538590277,38.585326990506125,24,40.41292510898375,-1.8275981184776242
Aashraf995_QwenStock-14B,Aashraf995/QwenStock-14B,65.2838048949835,65.50130348108011,50.43389870716874,24,52.10042211333098,-1.6665234061622414
AbacusResearch_Jallabi-34B,AbacusResearch/Jallabi-34B,59.868078458600934,60.23380603196265,43.61576498719506,24,44.62808796301062,-1.0123229758155645
Ahdoot_StructuredThinker-v0.3-MoreStructure,Ahdoot/StructuredThinker-v0.3-MoreStructure,48.13400451310537,48.37690649489398,27.258541777802407,24,28.4380306373165,-1.1794888595140947
Ahdoot_Test_StealthThinker,Ahdoot/Test_StealthThinker,46.1031070994619,46.46639813466629,25.366571749083093,24,25.63590533094636,-0.2693335818632683
AicoresSecurity_Cybernet-Sec-3B-R1-V0,AicoresSecurity/Cybernet-Sec-3B-R1-V0,44.87068217323382,44.9743419491294,22.32210586978715,24,23.935470315969614,-1.6133644461824623
AicoresSecurity_Cybernet-Sec-3B-R1-V0-Coder,AicoresSecurity/Cybernet-Sec-3B-R1-V0-Coder,44.52352022218365,44.77501104993748,22.65149321038919,24,23.45647453710292,-0.8049813267137296
AicoresSecurity_Cybernet-Sec-3B-R1-V1,AicoresSecurity/Cybernet-Sec-3B-R1-V1,42.63148758896025,42.82342020189216,19.125071594281845,24,20.845947542279454,-1.7208759479976088
AicoresSecurity_Cybernet-Sec-3B-R1-V1.1,AicoresSecurity/Cybernet-Sec-3B-R1-V1.1,43.672973442110745,43.91775517124728,20.43056853928926,24,22.28293487887953,-1.8523663395902688
Alepach_notHumpback-M0,Alepach/notHumpback-M0,28.640860961638605,29.00111436321769,1.2773603683897798,24,1.5424176539518495,-0.26505728556206964
Alepach_notHumpback-M1,Alepach/notHumpback-M1,29.109529595556328,29.498007801214708,1.922946094565394,24,2.1890619554218818,-0.26611586085648775
Alepach_notHumpback-M1-v2,Alepach/notHumpback-M1-v2,27.51258462072557,27.75640398406834,1.2676708259061196,24,0.0,1.2676708259061196
Alibaba-NLP_gte-Qwen2-7B-instruct,Alibaba-NLP/gte-Qwen2-7B-instruct,44.57559451484117,44.95144990818469,21.92548248566236,24,23.52832390393292,-1.602841418270561
Alsebay_Qwen2.5-7B-test-novelist,Alsebay/Qwen2.5-7B-test-novelist,51.171671584794304,51.512151844660515,30.417500036352997,24,32.62924370240003,-2.2117436660470347
Amaorynho_BBAI2006,Amaorynho/BBAI2006,26.714112133310188,27.043669901671333,1.6776683167876156,24,0.0,1.6776683167876156
Amaorynho_BBAI270V4,Amaorynho/BBAI270V4,30.411386911994445,30.712046736502817,3.006785000149223,24,3.9852961261719666,-0.9785111260227435
Amaorynho_BBAIIFEV1,Amaorynho/BBAIIFEV1,52.80333275473008,52.924620385605095,32.97465792285014,24,34.88052386307348,-1.905865940223336
Amaorynho_BBAI_375,Amaorynho/BBAI_375,26.714112133310188,27.043669901671333,1.6776683167876156,24,0.0,1.6776683167876156
Amu_t1-1.5B,Amu/t1-1.5B,39.80211768790141,40.076069841092156,15.17286027788074,24,16.942131944515936,-1.7692716666351949
Amu_t1-3B,Amu/t1-3B,39.64589480992883,39.989750143834385,15.248848632790676,24,16.726583844025928,-1.4777352112352524
ArliAI_ArliAI-RPMax-12B-v1.1,ArliAI/ArliAI-RPMax-12B-v1.1,47.335532025689986,47.518176084011905,24.80906331793277,24,27.33634034592311,-2.527277027990337
ArliAI_Llama-3.1-8B-ArliAI-RPMax-v1.1,ArliAI/Llama-3.1-8B-ArliAI-RPMax-v1.1,49.97396285367124,50.15613456039082,28.787014099442825,24,30.976708265309956,-2.189694165867131
Arthur-LAGACHERIE_Precis-1B-Instruct,Arthur-LAGACHERIE/Precis-1B-Instruct,31.956257594167678,32.236145106873686,6.06909792285563,24,6.116827342128737,-0.047729419273106366
Artples_L-MChat-7b,Artples/L-MChat-7b,45.842735636174275,46.00330167467941,24.20155738881327,24,25.276658496796344,-1.0751011079830732
Artples_L-MChat-Small,Artples/L-MChat-Small,47.89099114737025,48.225627665257264,26.856515500031357,24,28.102733592109818,-1.2462180920784611
Aryanne_QwentileSwap,Aryanne/QwentileSwap,69.79691025863565,70.08370136278448,57.67565555333628,24,58.32736723859796,-0.6517116852616809
Aryanne_SHBA,Aryanne/SHBA,52.10900885262975,52.33174837035714,32.47770265291174,24,33.9225323053401,-1.4448296524283606
Aryanne_SuperHeart,Aryanne/SuperHeart,51.91806977955216,52.15375046264325,31.893554212659296,24,33.65908462696342,-1.7655304143041235
AtAndDev_Qwen2.5-1.5B-continuous-learnt,AtAndDev/Qwen2.5-1.5B-continuous-learnt,42.162818955042525,42.577470857933335,19.53766599736009,24,20.199303240809424,-0.6616372434493343
Ateron_Glowing-Forest-12B,Ateron/Glowing-Forest-12B,54.69536538795348,54.9176294722067,35.52548240518279,24,37.49105085789694,-1.9655684527141446
Ateron_Lotus-Magpic,Ateron/Lotus-Magpic,52.26523173060232,52.53514950133299,32.65772737584173,24,34.13808040583011,-1.480353029988379
Ateron_Way_of_MagPicaro,Ateron/Way_of_MagPicaro,54.01839958340566,54.27386861946703,34.315941121704846,24,36.5570090891069,-2.241067967402053
AuraIndustries_Aura-4B,AuraIndustries/Aura-4B,44.69710119770873,44.904094650019466,22.64085672774061,24,23.69597242653627,-1.0551156987956603
AuraIndustries_Aura-8B,AuraIndustries/Aura-8B,51.08488109703177,51.31231419849062,30.98134841070972,24,32.50949475768336,-1.5281463469736423
AuraIndustries_Aura-MoE-2x4B,AuraIndustries/Aura-MoE-2x4B,43.22166290574553,43.38506704177467,20.61384808360901,24,21.660240366352834,-1.046392282743824
AuraIndustries_Aura-MoE-2x4B-v2,AuraIndustries/Aura-MoE-2x4B-v2,42.92657524735289,43.152444292813605,20.801181076748463,24,21.25309395431615,-0.45191287756768617
Aurel9_testmerge-7b,Aurel9/testmerge-7b,51.51883353584447,51.89590919105129,32.79279332763635,24,33.10823948126673,-0.31544615363037565
Ayush-Singh_Llama1B-sft-2,Ayush-Singh/Llama1B-sft-2,28.08540183995834,28.342820421436798,1.2375708061002186,24,0.776024407765144,0.4615463983350746
Azure99_Blossom-V6-14B,Azure99/Blossom-V6-14B,50.23433431695886,50.68726694646123,30.3528011952772,24,31.335955099459966,-0.9831539041827675
Azure99_Blossom-V6-7B,Azure99/Blossom-V6-7B,49.54001041485853,49.736683240887,29.447521285247884,24,30.377963541726587,-0.9304422564787025
Azure99_blossom-v5-32b,Azure99/blossom-v5-32b,59.312619336920676,59.545452570046734,42.883055884713976,24,43.861694716823926,-0.9786388321099508
Azure99_blossom-v5-llama3-8b,Azure99/blossom-v5-llama3-8b,41.55528554070474,41.849091970872614,18.306535405618444,24,19.361060627792718,-1.0545252221742736
Azure99_blossom-v5.1-34b,Azure99/blossom-v5.1-34b,60.80541572643638,61.07443429944494,44.14770458838461,24,45.92137656595068,-1.7736719775660674
Azure99_blossom-v5.1-9b,Azure99/blossom-v5.1-9b,53.18521090088527,53.43292377916367,34.20124449031171,24,35.40741921982684,-1.2061747295151335
BAAI_Gemma2-9B-IT-Simpo-Infinity-Preference,BAAI/Gemma2-9B-IT-Simpo-Infinity-Preference,59.71185558062837,59.794596642300554,42.19084405906616,24,44.412539862520624,-2.221695803454466
BAAI_Infinity-Instruct-3M-0613-Llama3-70B,BAAI/Infinity-Instruct-3M-0613-Llama3-70B,66.25585835792397,66.41614484348597,51.32716098252212,24,53.44161029415773,-2.114449311635603
BAAI_Infinity-Instruct-3M-0613-Mistral-7B,BAAI/Infinity-Instruct-3M-0613-Mistral-7B,49.418503731990974,49.582333763258895,28.992936470320583,24,30.21031501912325,-1.2173785488026674
BAAI_Infinity-Instruct-3M-0625-Llama3-70B,BAAI/Infinity-Instruct-3M-0625-Llama3-70B,66.39472313834403,66.70337872930246,52.02816164280523,24,53.6332086057044,-1.6050469628991664
BAAI_Infinity-Instruct-3M-0625-Llama3-8B,BAAI/Infinity-Instruct-3M-0625-Llama3-8B,49.21020656136088,49.54985723563076,28.9882222457564,24,29.92291755180324,-0.9346953060468408
BAAI_Infinity-Instruct-3M-0625-Mistral-7B,BAAI/Infinity-Instruct-3M-0625-Mistral-7B,49.140774171150845,49.39670574681802,28.82328942958971,24,29.8271183960299,-1.0038289664401887
BAAI_Infinity-Instruct-3M-0625-Qwen2-7B,BAAI/Infinity-Instruct-3M-0625-Qwen2-7B,53.15049470578025,53.45911997776568,34.65682860864863,24,35.35951964194017,-0.7026910332915364
BAAI_Infinity-Instruct-3M-0625-Yi-1.5-9B,BAAI/Infinity-Instruct-3M-0625-Yi-1.5-9B,54.97309494879361,55.09115146247397,35.37870748220464,24,37.874247480990284,-2.4955399987856453
BAAI_Infinity-Instruct-7M-0729-Llama3_1-8B,BAAI/Infinity-Instruct-7M-0729-Llama3_1-8B,50.40791529248394,50.77335431381055,30.88880460756557,24,31.575452988893314,-0.6866483813277426
BAAI_Infinity-Instruct-7M-0729-mistral-7B,BAAI/Infinity-Instruct-7M-0729-mistral-7B,49.31435514667592,49.63813586525743,28.697915491520025,24,30.066616285463237,-1.368700793943212
BAAI_Infinity-Instruct-7M-Gen-Llama3_1-70B,BAAI/Infinity-Instruct-7M-Gen-Llama3_1-70B,66.7592431869467,66.9520046136747,52.49894685232329,24,54.13615417351442,-1.637207321191127
BAAI_Infinity-Instruct-7M-Gen-Llama3_1-8B,BAAI/Infinity-Instruct-7M-Gen-Llama3_1-8B,50.40791529248394,50.77335431381055,30.88880460756557,24,31.575452988893314,-0.6866483813277426
BAAI_Infinity-Instruct-7M-Gen-mistral-7B,BAAI/Infinity-Instruct-7M-Gen-mistral-7B,49.31435514667592,49.63813586525743,28.697915491520025,24,30.066616285463237,-1.368700793943212
BAAI_OPI-Llama-3.1-8B-Instruct,BAAI/OPI-Llama-3.1-8B-Instruct,35.20222183648672,35.51224419497604,9.76871171424153,24,10.595437874532292,-0.8267261602907627
BEE-spoke-data_Meta-Llama-3-8Bee,BEE-spoke-data/Meta-Llama-3-8Bee,46.207255684776946,46.26364190575274,24.19903269979749,24,25.779604064606364,-1.5805713648088755
BEE-spoke-data_smol_llama-101M-GQA,BEE-spoke-data/smol_llama-101M-GQA,29.76913730255164,30.17560771912554,3.1980040943527936,24,3.0991539352685926,0.09885015908420103
BEE-spoke-data_smol_llama-220M-GQA,BEE-spoke-data/smol_llama-220M-GQA,29.977434473181738,30.316731388708956,3.03784275772053,24,3.3865514025886037,-0.34870864486807385
BEE-spoke-data_smol_llama-220M-GQA-fineweb_edu,BEE-spoke-data/smol_llama-220M-GQA-fineweb_edu,28.97066481513626,29.29051716451059,2.314902449149024,24,1.997463643875203,0.3174388052738213
BEE-spoke-data_smol_llama-220M-openhermes,BEE-spoke-data/smol_llama-220M-openhermes,29.977434473181738,30.275191401927724,3.107692077087363,24,3.3865514025886037,-0.2788593255012408
BEE-spoke-data_tFINE-900m-e16-d32-flan,BEE-spoke-data/tFINE-900m-e16-d32-flan,30.116299253601806,30.280434847620608,4.411893932611097,24,3.5781497141352823,0.8337442184758146
BEE-spoke-data_tFINE-900m-e16-d32-flan-infinity-instruct-7m-T2T_en-1024,BEE-spoke-data/tFINE-900m-e16-d32-flan-infinity-instruct-7m-T2T_en-1024,31.1577851067523,31.37786304497592,4.737018282627999,24,5.015137050735351,-0.27811876810735203
BEE-spoke-data_tFINE-900m-e16-d32-instruct_2e,BEE-spoke-data/tFINE-900m-e16-d32-instruct_2e,30.96684603367471,31.345674638809026,5.013070335904381,24,4.751689372358673,0.26138096354570806
BEE-spoke-data_tFINE-900m-instruct-orpo,BEE-spoke-data/tFINE-900m-instruct-orpo,29.994792570734248,30.220933767045096,3.267300577931774,24,3.41050119153194,-0.143200613600166
BSC-LT_salamandra-7b,BSC-LT/salamandra-7b,35.09807325117167,35.16612209885983,10.157421990520298,24,10.45173914087228,-0.2943171503519828
BSC-LT_salamandra-7b-instruct,BSC-LT/salamandra-7b-instruct,38.29196320083319,38.51324290080956,14.688128545731288,24,14.858500306445832,-0.17037176071454319
Ba2han_Llama-Phi-3_DoRA,Ba2han/Llama-Phi-3_DoRA,54.90366255858358,55.145582590291916,37.24916418079274,24,37.77844832521695,-0.52928414442421
Baptiste-HUVELLE-10_LeTriomphant2.2_ECE_iLAB,Baptiste-HUVELLE-10/LeTriomphant2.2_ECE_iLAB,72.38326679395938,72.56319952414621,61.61232489960707,24,61.895885791154804,-0.28356089154773656
BenevolenceMessiah_Qwen2.5-72B-2x-Instruct-TIES-v1.0,BenevolenceMessiah/Qwen2.5-72B-2x-Instruct-TIES-v1.0,72.57420586703697,72.73114113822449,61.91149453060484,24,62.159333469531475,-0.247838938926634
BenevolenceMessiah_Yi-Coder-9B-Chat-Instruct-TIES-MoE-v1.0,BenevolenceMessiah/Yi-Coder-9B-Chat-Instruct-TIES-MoE-v1.0,49.03662558583579,49.086662485386775,26.877991478721707,24,29.683419662369893,-2.8054281836481856
BlackBeenie_Bloslain-8B-v0.2,BlackBeenie/Bloslain-8B-v0.2,50.876583926401665,51.1087946253543,30.662901797340652,24,32.222097290363344,-1.559195493022692
BlackBeenie_Llama-3.1-8B-OpenO1-SFT-v0.1,BlackBeenie/Llama-3.1-8B-OpenO1-SFT-v0.1,47.647977781635134,47.874483616049865,26.034289552808826,24,27.767436546903134,-1.7331469940943087
BlackBeenie_Llama-3.1-8B-pythonic-passthrough-merge,BlackBeenie/Llama-3.1-8B-pythonic-passthrough-merge,34.19545217844124,34.538480326995845,9.359904687487282,24,9.206350115818891,0.1535545716683906
BlackBeenie_Neos-Gemma-2-9b,BlackBeenie/Neos-Gemma-2-9b,54.834230168373544,55.029751260488524,35.638851313766615,24,37.68264916944361,-2.043797855676992
BlackBeenie_Neos-Llama-3.1-8B,BlackBeenie/Neos-Llama-3.1-8B,43.93334490539837,44.24998411442879,21.080122945815933,24,22.64218171302955,-1.5620587672136175
BlackBeenie_Neos-Llama-3.1-base,BlackBeenie/Neos-Llama-3.1-base,28.918590522478738,29.30339746824052,2.2214471263806472,24,1.9256142770452025,0.29583284933544474
BlackBeenie_Neos-Phi-3-14B-v0.1,BlackBeenie/Neos-Phi-3-14B-v0.1,62.02048255511196,62.11931530444465,46.63138689861978,24,47.597861791984094,-0.9664748933643139
BlackBeenie_llama-3-luminous-merged,BlackBeenie/llama-3-luminous-merged,51.41468495052942,51.53924501559337,30.64368722878725,24,32.96454074760671,-2.3208535188194617
BlackBeenie_llama-3.1-8B-Galore-openassistant-guanaco,BlackBeenie/llama-3.1-8B-Galore-openassistant-guanaco,51.952785974657175,52.1336536374803,31.444704759068383,24,33.70698420485008,-2.2622794457816973
Bllossom_llama-3.2-Korean-Bllossom-AICA-5B,Bllossom/llama-3.2-Korean-Bllossom-AICA-5B,42.77035236938032,42.930745041520595,18.65022251208589,24,21.03754585382614,-2.387323341740249
BoltMonkey_DreadMix,BoltMonkey/DreadMix,54.22669675403576,54.35097438362475,34.84501521605123,24,36.844406556426904,-1.9993913403756736
BoltMonkey_NeuralDaredevil-SuperNova-Lite-7B-DARETIES-abliterated,BoltMonkey/NeuralDaredevil-SuperNova-Lite-7B-DARETIES-abliterated,51.53619163339698,51.61677567076756,30.75990006920939,24,33.13218927021006,-2.3722892010006724
BoltMonkey_SuperNeuralDreadDevil-8b,BoltMonkey/SuperNeuralDreadDevil-8b,52.716542266967544,52.8619601203572,32.61215762394777,24,34.760774918356816,-2.1486172944090427
BrainWave-ML_llama3.2-3B-maths-orpo,BrainWave-ML/llama3.2-3B-maths-orpo,28.762367644506163,29.117781029884355,2.3470409575204094,24,1.7100661765551917,0.6369747809652178
BramVanroy_GEITje-7B-ultra,BramVanroy/GEITje-7B-ultra,37.545565006075336,37.76161299730549,12.879913010035898,24,13.828659381882453,-0.9487463718465552
BramVanroy_fietje-2,BramVanroy/fietje-2,40.2187120291616,40.35669517838618,15.603676192567876,24,17.51692687915596,-1.9132506865880838
BramVanroy_fietje-2-chat,BramVanroy/fietje-2-chat,41.32963027252213,41.49753717401998,17.718965848323496,24,19.04971337152937,-1.3307475232058756
BramVanroy_fietje-2-instruct,BramVanroy/fietje-2-instruct,41.15604929699705,41.36071417302981,17.57247980884759,24,18.810215482096023,-1.2377356732484337
CYFRAGOVPL_Llama-PLLuM-8B-base,CYFRAGOVPL/Llama-PLLuM-8B-base,43.169588613088,43.20448045814097,20.21873797779148,24,21.588390999522826,-1.3696530217313452
CYFRAGOVPL_Llama-PLLuM-8B-chat,CYFRAGOVPL/Llama-PLLuM-8B-chat,40.56587398021177,40.77072253558958,16.279056764258215,24,17.995922658022653,-1.7168658937644388
CYFRAGOVPL_PLLuM-12B-base,CYFRAGOVPL/PLLuM-12B-base,43.72504773476827,43.905961437844475,21.240801542833136,24,22.35478424570953,-1.1139827028763953
CYFRAGOVPL_PLLuM-12B-chat,CYFRAGOVPL/PLLuM-12B-chat,44.31522305155355,44.45800033307571,21.319737721095155,24,23.169077069782908,-1.849339348687753
CYFRAGOVPL_PLLuM-12B-nc-base,CYFRAGOVPL/PLLuM-12B-nc-base,42.42319041833015,42.76758967597001,19.387664951963902,24,20.558550074959445,-1.1708851229955428
CYFRAGOVPL_PLLuM-12B-nc-chat,CYFRAGOVPL/PLLuM-12B-nc-chat,45.59972227043916,45.76432831881545,23.008553823293614,24,24.941361451589657,-1.9328076282960431
CarrotAI_Llama-3.2-Rabbit-Ko-3B-Instruct,CarrotAI/Llama-3.2-Rabbit-Ko-3B-Instruct,43.968061100503384,44.26719080820792,21.49731033280348,24,22.690081290916215,-1.1927709581127353
CarrotAI_Llama-3.2-Rabbit-Ko-3B-Instruct-2412,CarrotAI/Llama-3.2-Rabbit-Ko-3B-Instruct-2412,43.55146675924318,43.57724649824669,20.17567961421505,24,22.115286356276183,-1.9396067420611338
Casual-Autopsy_L3-Umbral-Mind-RP-v2.0-8B,Casual-Autopsy/L3-Umbral-Mind-RP-v2.0-8B,52.50824509633744,52.62406145493725,32.48627762381486,24,34.47337745103679,-1.9870998272219325
CausalLM_14B,CausalLM/14B,46.7453567089047,47.00462397700625,24.780942674518663,24,26.522047521849736,-1.7411048473310728
CausalLM_34b-beta,CausalLM/34b-beta,55.49383787536886,55.90996102136267,36.677226262739055,24,38.592741149290326,-1.9155148865512714
CausalLM_preview-1-hf,CausalLM/preview-1-hf,35.96597812879708,36.14567463880903,10.100940706274752,24,11.649228588039009,-1.5482878817642565
Changgil_K2S3-14b-v0.2,Changgil/K2S3-14b-v0.2,45.96424231904183,46.13311786298187,24.283946726650168,24,25.44430701939968,-1.1603602927495125
Changgil_K2S3-v0.1,Changgil/K2S3-v0.1,46.311404270092,46.55492067228615,24.559557672503782,24,25.923302798266374,-1.3637451257625912
ClaudioItaly_Albacus,ClaudioItaly/Albacus,50.893942023954175,51.13043406568835,31.63886474402479,24,32.246047079306685,-0.6071823352818946
ClaudioItaly_Book-Gut12B,ClaudioItaly/Book-Gut12B,54.05311577851067,54.17370194443233,34.63219258973313,24,36.60490866699356,-1.9727160772604293
ClaudioItaly_Evolutionstory-7B-v2.2,ClaudioItaly/Evolutionstory-7B-v2.2,50.84186773129665,51.080434065688344,31.62386474402479,24,32.17419771247668,-0.5503329684518938
ClaudioItaly_intelligence-cod-rag-7b-v3,ClaudioItaly/intelligence-cod-rag-7b-v3,53.30671758375282,53.66339718839108,34.776158539494425,24,35.57506774243018,-0.7989092029357536
CohereForAI_aya-23-35B,CohereForAI/aya-23-35B,53.60180524214546,53.99551450731271,34.85836046775463,24,35.98221415446686,-1.1238536867122306
CohereForAI_aya-23-8B,CohereForAI/aya-23-8B,42.562055198750215,42.96161519220306,20.20376064673937,24,20.75014838650612,-0.5463877397667503
CohereForAI_aya-expanse-32b,CohereForAI/aya-expanse-32b,56.29231036278424,56.48670099212114,38.70961143301418,24,39.69443144068372,-0.9848200076695406
CohereForAI_aya-expanse-8b,CohereForAI/aya-expanse-8b,49.418503731990974,49.772030557364054,28.52348250428851,24,30.21031501912325,-1.686832514834741
CohereForAI_c4ai-command-r-plus,CohereForAI/c4ai-command-r-plus,58.132268703350114,58.154235740779306,39.91995423143177,24,42.23310906867717,-2.3131548372454063
CohereForAI_c4ai-command-r-plus-08-2024,CohereForAI/c4ai-command-r-plus-08-2024,59.48620031244575,59.95999913027183,42.83686540770696,24,44.10119260625726,-1.2643271985502977
CohereForAI_c4ai-command-r-v01,CohereForAI/c4ai-command-r-v01,53.51501475438292,54.06415512767857,34.556659257058264,24,35.86246520975019,-1.3058059526919266
CohereForAI_c4ai-command-r7b-12-2024,CohereForAI/c4ai-command-r7b-12-2024,54.938378753688596,55.026421518556354,36.0245641700103,24,37.826347903103624,-1.8017837330933233
Columbia-NLP_LION-Gemma-2b-dpo-v1.0,Columbia-NLP/LION-Gemma-2b-dpo-v1.0,38.86478042006596,39.19956361320747,14.585976093815775,24,15.648843341575875,-1.0628672477600993
Columbia-NLP_LION-Gemma-2b-odpo-v1.0,Columbia-NLP/LION-Gemma-2b-odpo-v1.0,38.621767054330846,38.958362107068744,14.02392166541634,24,15.313546296369191,-1.2896246309528507
Columbia-NLP_LION-Gemma-2b-sft-v1.0,Columbia-NLP/LION-Gemma-2b-sft-v1.0,38.46554417635827,38.787792761611904,14.11717086360044,24,15.097998195879178,-0.9808273322787375
Columbia-NLP_LION-LLaMA-3-8b-dpo-v1.0,Columbia-NLP/LION-LLaMA-3-8b-dpo-v1.0,49.835098073251174,50.28481044452986,30.356398875749075,24,30.785109953763286,-0.42871107801421005
Columbia-NLP_LION-LLaMA-3-8b-odpo-v1.0,Columbia-NLP/LION-LLaMA-3-8b-odpo-v1.0,49.783023780593645,50.239298818020224,30.457173008350704,24,30.713260586933274,-0.25608757858256936
Columbia-NLP_LION-LLaMA-3-8b-sft-v1.0,Columbia-NLP/LION-LLaMA-3-8b-sft-v1.0,50.529421975351504,50.87766443418147,30.88426036029,24,31.74310151149666,-0.8588411512066614
CombinHorizon_Josiefied-abliteratedV4-Qwen2.5-14B-Inst-BaseMerge-TIES,CombinHorizon/Josiefied-abliteratedV4-Qwen2.5-14B-Inst-BaseMerge-TIES,63.46120465197014,63.70093752306357,48.19594986631396,24,49.585694274280854,-1.3897444079668944
CombinHorizon_Rombos-Qwen2.5-7B-Inst-BaseMerge-TIES,CombinHorizon/Rombos-Qwen2.5-7B-Inst-BaseMerge-TIES,53.758028120118034,54.02085849577634,34.954070231174235,24,36.19776225495687,-1.2436920237826357
CombinHorizon_YiSM-blossom5.1-34B-SLERP,CombinHorizon/YiSM-blossom5.1-34B-SLERP,61.777469189376845,62.07548093635429,46.39761279639615,24,47.26256474677742,-0.8649519503812684
CombinHorizon_huihui-ai-abliterated-Qwen2.5-32B-Inst-BaseMerge-TIES,CombinHorizon/huihui-ai-abliterated-Qwen2.5-32B-Inst-BaseMerge-TIES,68.98107967366776,69.29247082912529,56.04478184089901,24,57.20172715826124,-1.1569453173622293
CombinHorizon_huihui-ai-abliteratedV2-Qwen2.5-14B-Inst-BaseMerge-TIES,CombinHorizon/huihui-ai-abliteratedV2-Qwen2.5-14B-Inst-BaseMerge-TIES,63.131400798472484,63.35891556421077,47.767346005909815,24,49.130648284357505,-1.3633022784476907
CombinHorizon_zetasepic-abliteratedV2-Qwen2.5-32B-Inst-BaseMerge-TIES,CombinHorizon/zetasepic-abliteratedV2-Qwen2.5-32B-Inst-BaseMerge-TIES,69.27616733206041,69.55174427138591,56.82740697772572,24,57.60887357029794,-0.7814665925722153
ContactDoctor_Bio-Medical-3B-CoT-012025,ContactDoctor/Bio-Medical-3B-CoT-012025,43.42996007637563,43.83153376424659,22.263528103895357,24,21.947637833672847,0.3158902702225106
ContactDoctor_Bio-Medical-Llama-3-8B,ContactDoctor/Bio-Medical-Llama-3-8B,48.56795695191807,48.6311802622738,26.195811296028182,24,29.03677536089986,-2.8409640648716774
CoolSpring_Qwen2-0.5B-Abyme,CoolSpring/Qwen2-0.5B-Abyme,28.328415205693457,28.618342964818265,2.2764835705971893,24,1.1113214529718283,1.165162117625361
CoolSpring_Qwen2-0.5B-Abyme-merge2,CoolSpring/Qwen2-0.5B-Abyme-merge2,29.803853497656657,29.942723009138735,3.709041394335512,24,3.147053513155261,0.5619878811802508
CoolSpring_Qwen2-0.5B-Abyme-merge3,CoolSpring/Qwen2-0.5B-Abyme-merge3,29.821211595209164,30.03140452593367,4.301149162861492,24,3.1710033020985926,1.1301458607628994
Corianas_Neural-Mistral-7B,Corianas/Neural-Mistral-7B,44.15900017358098,44.28023404192859,22.431162626805257,24,22.9535289692929,-0.5223663424876435
Corianas_Quokka_2.7b,Corianas/Quokka_2.7b,30.203089741364348,30.55474937424842,3.1652676176883503,24,3.6978986588519556,-0.5326310411636053
Corianas_llama-3-reactor,Corianas/llama-3-reactor,44.55823641728867,44.57148560545016,21.88855981925079,24,23.50437411498959,-1.6158142957388009
CortexLM_btlm-7b-base-v0.2,CortexLM/btlm-7b-base-v0.2,39.87155007811144,40.06411985841813,16.19327709708517,24,17.037931100289274,-0.8446540032041057
Cran-May_SCE-2-24B,Cran-May/SCE-2-24B,62.454434993924664,62.64692798019763,46.32574571477496,24,48.19660651556747,-1.8708608007925065
Cran-May_SCE-3-24B,Cran-May/SCE-3-24B,59.607706995313315,59.7283045074691,42.278564800296486,24,44.2688411288606,-1.9902763285641143
Cran-May_T.E-8.1,Cran-May/T.E-8.1,55.5806283631314,55.81754708123892,37.02437662584371,24,38.712490094007,-1.6881134681632943
Cran-May_merge_model_20250308_2,Cran-May/merge_model_20250308_2,65.63096684603367,65.8531107597446,50.99569841983836,24,52.579417892197675,-1.5837194723593129
Cran-May_merge_model_20250308_3,Cran-May/merge_model_20250308_3,62.40236070126714,62.71459892225042,46.56854499584235,24,48.124757148737466,-1.5562121528951138
Cran-May_merge_model_20250308_4,Cran-May/merge_model_20250308_4,66.42943933344905,66.6435217186487,52.02370667184541,24,53.681108183591064,-1.657401511745654
Cran-May_tempmotacilla-cinerea-0308,Cran-May/tempmotacilla-cinerea-0308,65.6830411386912,65.88401264041515,50.59894860885105,24,52.65126725902768,-2.0523186501766233
CreitinGameplays_Llama-3.1-8B-R1-v0.1,CreitinGameplays/Llama-3.1-8B-R1-v0.1,30.25516403402187,30.57485865545513,3.2159805820764724,24,3.7697480256819564,-0.553767443605484
CultriX_Qwen2.5-14B-Broca,CultriX/Qwen2.5-14B-Broca,65.07550772435341,65.27145981540363,50.034411781701095,24,51.81302464601099,-1.778612864309892
CultriX_Qwen2.5-14B-BrocaV9,CultriX/Qwen2.5-14B-BrocaV9,63.61742752994272,63.913835852389845,48.05322494738571,24,49.80124237477088,-1.7480174273851716
CultriX_Qwen2.5-14B-Brocav3,CultriX/Qwen2.5-14B-Brocav3,64.31175143204305,64.52353476182755,49.04911178348141,24,50.759233932504266,-1.7101221490228582
CultriX_Qwen2.5-14B-Brocav6,CultriX/Qwen2.5-14B-Brocav6,63.582711334837704,63.88835266626555,47.81922480607394,24,49.753342796884205,-1.9341179908102646
CultriX_Qwen2.5-14B-Brocav7,CultriX/Qwen2.5-14B-Brocav7,64.17288665162299,64.44026981327183,48.90536078331687,24,50.567635620957596,-1.662274837640723
CultriX_Qwen2.5-14B-Emerged,CultriX/Qwen2.5-14B-Emerged,62.40236070126714,62.60033680703311,45.932419368684656,24,48.124757148737466,-2.19233778005281
CultriX_Qwen2.5-14B-Emergedv3,CultriX/Qwen2.5-14B-Emergedv3,61.63860440895678,61.90728411056029,44.731608242608615,24,47.07096643523075,-2.339358192622136
CultriX_Qwen2.5-14B-FinalMerge,CultriX/Qwen2.5-14B-FinalMerge,57.038708557542094,57.1494531001145,38.16247948342354,24,40.7242723652471,-2.561792881823564
CultriX_Qwen2.5-14B-Hyper,CultriX/Qwen2.5-14B-Hyper,64.84985245617081,65.07453346766106,49.75987937749839,24,51.501677389747634,-1.741798012249241
CultriX_Qwen2.5-14B-HyperMarck-dl,CultriX/Qwen2.5-14B-HyperMarck-dl,60.80541572643638,60.96480033153927,43.78585928068085,24,45.92137656595068,-2.1355172852698274
CultriX_Qwen2.5-14B-Hyperionv3,CultriX/Qwen2.5-14B-Hyperionv3,65.00607533414338,65.22165609411941,49.95005488379496,24,51.71722549023764,-1.7671706064426758
CultriX_Qwen2.5-14B-Hyperionv4,CultriX/Qwen2.5-14B-Hyperionv4,64.52004860267314,64.71791978856551,49.07652018118392,24,51.04663139982427,-1.9701112186403478
CultriX_Qwen2.5-14B-Hyperionv5,CultriX/Qwen2.5-14B-Hyperionv5,64.22496094428051,64.42657850860552,48.948279827370094,24,50.6394849877876,-1.6912051604175034
CultriX_Qwen2.5-14B-MegaMerge-pt2,CultriX/Qwen2.5-14B-MegaMerge-pt2,65.50946016316611,65.77703330510145,50.9079030473653,24,52.41176936959433,-1.5038663222290296
CultriX_Qwen2.5-14B-MergeStock,CultriX/Qwen2.5-14B-MergeStock,65.54417635827113,65.79336391923106,51.00939101332111,24,52.459668947481006,-1.4502779341598995
CultriX_Qwen2.5-14B-ReasoningMerge,CultriX/Qwen2.5-14B-ReasoningMerge,65.71775733379621,65.7822639929522,50.867897804151305,24,52.69916683691436,-1.8312690327630534
CultriX_Qwen2.5-14B-Ultimav2,CultriX/Qwen2.5-14B-Ultimav2,65.40531157785107,65.55027486976714,50.44105269414074,24,52.26807063593433,-1.8270179417935921
CultriX_Qwen2.5-14B-Unity,CultriX/Qwen2.5-14B-Unity,60.02430133657351,60.19955540977778,42.25861689291335,24,44.843636063500625,-2.585019170587273
CultriX_Qwen2.5-14B-Wernicke,CultriX/Qwen2.5-14B-Wernicke,65.42266967540358,65.68359662501574,50.64287609242263,24,52.29202042487767,-1.6491443324550374
CultriX_Qwen2.5-14B-Wernicke-SFT,CultriX/Qwen2.5-14B-Wernicke-SFT,64.4332581149106,64.60586236565513,49.33057176327372,24,50.92688245510759,-1.596310691833871
CultriX_Qwen2.5-14B-Wernicke-SLERP,CultriX/Qwen2.5-14B-Wernicke-SLERP,64.19024474917549,64.40929009604598,49.372327095724025,24,50.591585409900915,-1.2192583141768907
CultriX_Qwen2.5-14B-Wernickev3,CultriX/Qwen2.5-14B-Wernickev3,61.65596250650928,61.84146992839421,44.57627490618109,24,47.09491622417408,-2.518641317992987
CultriX_Qwen2.5-14B-partialmergept1,CultriX/Qwen2.5-14B-partialmergept1,61.34351675056414,61.51178406213535,44.5944042928325,24,46.663820023194056,-2.0694157303615555
CultriX_Qwenfinity-2.5-14B,CultriX/Qwenfinity-2.5-14B,56.29231036278424,56.550072719700324,37.259942422120695,24,39.69443144068372,-2.4344890185630277
CultriX_Qwestion-14B,CultriX/Qwestion-14B,64.32910952959556,64.5010473914054,48.75703449690036,24,50.783183721447585,-2.0261492245472255
CultriX_SeQwence-14B,CultriX/SeQwence-14B,64.91928484638083,65.05665291288973,50.16357763465521,24,51.59747654552096,-1.43389891086575
CultriX_SeQwence-14B-EvolMerge,CultriX/SeQwence-14B-EvolMerge,65.50946016316611,65.72183434723884,50.780351477179785,24,52.41176936959433,-1.6314178924145466
CultriX_SeQwence-14B-EvolMergev1,CultriX/SeQwence-14B-EvolMergev1,65.2490886998785,65.45547382762975,50.30225894842213,24,52.05252253544433,-1.7502635870222036
CultriX_SeQwence-14B-v5,CultriX/SeQwence-14B-v5,65.02343343169589,65.17093605796943,49.99573116031767,24,51.741175279180986,-1.7454441188633183
CultriX_SeQwence-14Bv1,CultriX/SeQwence-14Bv1,63.218191286235026,63.446737271034465,47.19089791628922,24,49.25039722907418,-2.059499312784965
CultriX_SeQwence-14Bv2,CultriX/SeQwence-14Bv2,62.80159694497483,63.04512627108576,46.52922387651957,24,48.675602294434164,-2.1463784179145904
CultriX_SeQwence-14Bv3,CultriX/SeQwence-14Bv3,62.76688074986981,63.02253848409947,46.38536750450479,24,48.62770271654749,-2.242335212042697
DRXD1000_Atlas-7B,DRXD1000/Atlas-7B,32.824162471793095,33.021766977601345,7.540207541436388,24,7.314316789295468,0.22589075214091991
DRXD1000_Phoenix-7B,DRXD1000/Phoenix-7B,39.00364520048603,39.31566034728218,15.620179664331877,24,15.840441653122546,-0.2202619887906696
DUAL-GPO_zephyr-7b-ipo-0k-15k-i1,DUAL-GPO/zephyr-7b-ipo-0k-15k-i1,44.471445929526126,44.727124475659544,22.65864266009636,24,23.38462517027292,-0.7259825101765607
DZgas_GIGABATEMAN-7B,DZgas/GIGABATEMAN-7B,50.14754382919632,50.32184342862755,29.827516654013998,24,31.216206154743304,-1.3886895007293063
Daemontatox_AetherDrake-SFT,Daemontatox/AetherDrake-SFT,48.44645026905051,48.72007550722026,27.13925232163005,24,28.86912683829651,-1.7298745166664595
Daemontatox_AetherSett,Daemontatox/AetherSett,54.38291963200833,54.51624435465484,34.7441456018993,24,37.059954656916915,-2.315809055017617
Daemontatox_AetherTOT,Daemontatox/AetherTOT,50.40791529248394,50.660563424720635,29.43639149563461,24,31.575452988893314,-2.139061493258705
Daemontatox_AetherUncensored,Daemontatox/AetherUncensored,44.59295261239368,44.631282805144956,21.678618361970496,24,23.55227369287626,-1.8736553309057626
Daemontatox_Cogito-MIS,Daemontatox/Cogito-MIS,50.477347682693974,50.59981143086196,29.075970117521223,24,31.67125214466665,-2.5952820271454264
Daemontatox_CogitoDistil,Daemontatox/CogitoDistil,36.53879534802986,36.76766046141686,11.94875947902338,24,12.43957162316905,-0.49081214414566965
Daemontatox_CogitoZ,Daemontatox/CogitoZ,66.98489845512931,67.34487392645502,53.889571248021504,24,54.447501429777766,-0.5579301817562623
Daemontatox_CogitoZ14,Daemontatox/CogitoZ14,62.836313140079845,62.97514788808328,46.47935186892328,24,48.72350187232081,-2.244150003397529
Daemontatox_DocumentCogito,Daemontatox/DocumentCogito,51.05016490192675,51.11563719111275,29.79360859597188,24,32.461595179796696,-2.667986583824817
Daemontatox_Llama3.3-70B-CogniLink,Daemontatox/Llama3.3-70B-CogniLink,66.68981079673668,66.68327758293489,52.12466257626164,24,54.04035501774109,-1.9156924414794503
Daemontatox_Llama_cot,Daemontatox/Llama_cot,47.94306544002777,48.38374335391873,26.866582717626454,24,28.17458295893982,-1.3080002413133656
Daemontatox_MawaredT1,Daemontatox/MawaredT1,51.88335358444714,52.14815439293661,31.900788297617016,24,33.611185049076745,-1.7103967514597294
Daemontatox_Mini_QwQ,Daemontatox/Mini_QwQ,55.30289880229127,55.4898906584336,36.21028479375264,24,38.32929347091365,-2.1190086771610055
Daemontatox_NemoR,Daemontatox/NemoR,51.88335358444714,51.940676884463606,31.605520137148783,24,33.611185049076745,-2.005664911927962
Daemontatox_PathFinderAI2.0,Daemontatox/PathFinderAI2.0,66.5335879187641,66.89757304687726,52.95651298557802,24,53.82480691725107,-0.868293931673044
Daemontatox_PathFinderAi3.0,Daemontatox/PathFinderAi3.0,68.47769484464503,68.84221416328997,55.53835541644173,24,56.507183278904535,-0.9688278624628026
Daemontatox_PathfinderAI,Daemontatox/PathfinderAI,66.27321645547649,66.67854331232542,52.64654733435329,24,53.465560083101074,-0.819012748747781
Daemontatox_Phi-4-COT,Daemontatox/Phi-4-COT,61.53445582364173,61.7293386883347,45.34299043065811,24,46.92726770157073,-1.5842772709126152
Daemontatox_PixelParse_AI,Daemontatox/PixelParse_AI,50.09546953653879,50.34307630533988,29.03185731417456,24,31.144356787913292,-2.1124994737387333
Daemontatox_RA2.0,Daemontatox/RA2.0,48.65474743968061,48.88687006782508,28.471838145021334,24,29.156524305616532,-0.6846861605951986
Daemontatox_RA_Reasoner,Daemontatox/RA_Reasoner,60.35410519007117,60.53692417205034,43.07300777347365,24,45.29868205342399,-2.22567427995034
Daemontatox_RA_Reasoner2.0,Daemontatox/RA_Reasoner2.0,60.49296997049123,60.62469551969276,43.07006895743249,24,45.490280364970666,-2.4202114075381758
Daemontatox_ReasonTest,Daemontatox/ReasonTest,54.07047387606318,54.3526397621609,35.37503681384339,24,36.6288584559369,-1.2538216420935129
Daemontatox_Research_PathfinderAI,Daemontatox/Research_PathfinderAI,28.363131400798473,28.7225755504323,1.4263456550462994,24,1.159221030858497,0.2671246241878025
Daemontatox_SphinX,Daemontatox/SphinX,54.26141294914078,54.40583486084487,34.71245082713039,24,36.89230613431358,-2.179855307183189
Daemontatox_Sphinx2.0,Daemontatox/Sphinx2.0,64.48533240756814,64.72839766715312,49.39675153748764,24,50.99873182193762,-1.6019802844499793
Daemontatox_TinySphinx,Daemontatox/TinySphinx,32.89359486200313,33.09840424087135,6.54657571552213,24,7.410115945068806,-0.8635402295466754
Daemontatox_TinySphinx2.0,Daemontatox/TinySphinx2.0,31.48758896024996,31.68407073661037,5.004028710418718,24,5.47018304065871,-0.4661543302399913
Daemontatox_Zirel-7B-Math,Daemontatox/Zirel-7B-Math,54.191980558930744,54.47698777469486,34.93944104913604,24,36.79650697854024,-1.8570659294042002
Daemontatox_Zirel_1.5,Daemontatox/Zirel_1.5,39.593820517271304,39.846692549996334,15.082126333167832,24,16.654734477195916,-1.5726081440280844
Daemontatox_mini-Cogito-R1,Daemontatox/mini-Cogito-R1,32.66793959382052,32.804918751750776,6.038995128638223,24,7.098768688805459,-1.059773560167236
Daemontatox_mini_Pathfinder,Daemontatox/mini_Pathfinder,39.350807151536195,39.556911910803755,16.03002789836758,24,16.319437431989243,-0.28940953362166155
Dampfinchen_Llama-3.1-8B-Ultra-Instruct,Dampfinchen/Llama-3.1-8B-Ultra-Instruct,52.50824509633744,52.575324522465735,32.49458680420566,24,34.47337745103679,-1.9787906468311292
Danielbrdz_Barcenas-10b,Danielbrdz/Barcenas-10b,61.01371289706648,61.20828494270083,43.769694605609374,24,46.20877403327071,-2.4390794276613335
Danielbrdz_Barcenas-14b-Phi-3-medium-ORPO,Danielbrdz/Barcenas-14b-Phi-3-medium-ORPO,64.25967713938552,64.45272589817267,51.029418403280296,24,50.68738456567424,0.34203383760605277
Danielbrdz_Barcenas-14b-phi-4,Danielbrdz/Barcenas-14b-phi-4,67.48828328415206,67.69303819643072,53.25769202541582,24,55.14204530913448,-1.88435328371866
Danielbrdz_Barcenas-14b-phi-4-v2,Danielbrdz/Barcenas-14b-phi-4-v2,65.75247352890123,65.73002324945257,50.20692953827006,24,52.747066414801026,-2.5401368765309655
Danielbrdz_Barcenas-3b-GRPO,Danielbrdz/Barcenas-3b-GRPO,44.089567783370946,44.1435151751103,21.13661740394343,24,22.857729813519562,-1.7211124095761328
Danielbrdz_Barcenas-Llama3-8b-ORPO,Danielbrdz/Barcenas-Llama3-8b-ORPO,49.62680090262107,49.865578559911235,28.600623499981847,24,30.497712486443262,-1.8970889864614158
Danielbrdz_Barcenas-R1-Qwen-1.5b,Danielbrdz/Barcenas-R1-Qwen-1.5b,35.74032286061448,35.87201118739295,10.491260075913582,24,11.33788133177566,-0.8466212558620789
Dans-DiscountModels_12b-mn-dans-reasoning-test-2,Dans-DiscountModels/12b-mn-dans-reasoning-test-2,47.70005207429266,48.0703331470414,26.108938446170427,24,27.839285913733132,-1.730347467562705
Dans-DiscountModels_12b-mn-dans-reasoning-test-3,Dans-DiscountModels/12b-mn-dans-reasoning-test-3,48.29022739107794,48.38875328994569,25.84864126816548,24,28.653578737806512,-2.8049374696410325
Dans-DiscountModels_Dans-Instruct-CoreCurriculum-12b-ChatML,Dans-DiscountModels/Dans-Instruct-CoreCurriculum-12b-ChatML,52.334664120812356,52.44140792253768,26.046417064819565,24,34.233879561603445,-8.18746249678388
Dans-DiscountModels_Dans-Instruct-Mix-8b-ChatML,Dans-DiscountModels/Dans-Instruct-Mix-8b-ChatML,47.14459295261239,47.381718163079235,26.33639354405325,24,27.072892667546427,-0.736499123493175
Dans-DiscountModels_Dans-Instruct-Mix-8b-ChatML-V0.1.0,Dans-DiscountModels/Dans-Instruct-Mix-8b-ChatML-V0.1.0,47.5785453914251,47.74765621977729,26.737651950701505,24,27.671637391129796,-0.933985440428291
Dans-DiscountModels_Dans-Instruct-Mix-8b-ChatML-V0.1.1,Dans-DiscountModels/Dans-Instruct-Mix-8b-ChatML-V0.1.1,47.248741537927444,47.48653313732897,26.412550636134668,24,27.216591401206436,-0.8040407650717682
Dans-DiscountModels_Dans-Instruct-Mix-8b-ChatML-V0.2.0,Dans-DiscountModels/Dans-Instruct-Mix-8b-ChatML-V0.2.0,46.05103280680437,46.24263551503409,24.734770612245036,24,25.564055964116356,-0.8292853518713201
Dans-DiscountModels_Mistral-7b-v0.3-Test-E0.7,Dans-DiscountModels/Mistral-7b-v0.3-Test-E0.7,47.38760631834751,47.502206530533634,26.820762256757718,24,27.40818971275311,-0.5874274559953925
Dans-DiscountModels_mistral-7b-test-merged,Dans-DiscountModels/mistral-7b-test-merged,48.75889602499566,48.76783601206864,28.94100499482477,24,29.300223039276535,-0.3592180444517652
Darkknight535_OpenCrystal-12B-L3,Darkknight535/OpenCrystal-12B-L3,51.987502169762195,52.225985049455154,31.84449091545611,24,33.754883782736755,-1.9103928672806454
DavidAU_DeepHermes-3-Llama-3-8B-Preview-16.5B-Brainstorm,DavidAU/DeepHermes-3-Llama-3-8B-Preview-16.5B-Brainstorm,47.43968061100503,47.622319831146534,24.9087539518445,24,27.48003907958311,-2.571285127738612
DavidAU_DeepSeek-BlackRoot-R1-Distill-Llama-3.1-8B,DavidAU/DeepSeek-BlackRoot-R1-Distill-Llama-3.1-8B,48.60267314702308,48.869386254508804,27.61664414777965,24,29.084674938786527,-1.4680307910068784
DavidAU_DeepSeek-Grand-Horror-SMB-R1-Distill-Llama-3.1-16B,DavidAU/DeepSeek-Grand-Horror-SMB-R1-Distill-Llama-3.1-16B,44.61031070994619,44.87806269834672,22.777139438535443,24,23.576223481819593,-0.7990840432841502
DavidAU_DeepSeek-MOE-4X8B-R1-Distill-Llama-3.1-Deep-Thinker-Uncensored-24B,DavidAU/DeepSeek-MOE-4X8B-R1-Distill-Llama-3.1-Deep-Thinker-Uncensored-24B,48.67210553723312,48.860331670972776,27.77355005218521,24,29.180474094559873,-1.406924042374662
DavidAU_DeepSeek-MOE-4X8B-R1-Distill-Llama-3.1-Mad-Scientist-24B,DavidAU/DeepSeek-MOE-4X8B-R1-Distill-Llama-3.1-Mad-Scientist-24B,47.71741017184517,47.69384353178774,25.61443384964336,24,27.86323570267647,-2.248801853033111
DavidAU_DeepSeek-R1-Distill-Qwen-25.5B-Brainstorm,DavidAU/DeepSeek-R1-Distill-Qwen-25.5B-Brainstorm,58.132268703350114,58.068959237185304,38.54849081746308,24,42.23310906867717,-3.68461825121409
DavidAU_DeepSeek-V2-Grand-Horror-SMB-R1-Distill-Llama-3.1-Uncensored-16.5B,DavidAU/DeepSeek-V2-Grand-Horror-SMB-R1-Distill-Llama-3.1-Uncensored-16.5B,44.402013539316094,44.62383254083812,22.878424102179437,24,23.288826014499584,-0.4104019123201468
DavidAU_DeepThought-MOE-8X3B-R1-Llama-3.2-Reasoning-18B,DavidAU/DeepThought-MOE-8X3B-R1-Llama-3.2-Reasoning-18B,42.180177052595035,42.323004762653376,18.810857392916517,24,20.22325302975276,-1.4123956368362443
DavidAU_Gemma-The-Writer-9B,DavidAU/Gemma-The-Writer-9B,58.913383093212985,59.05439384199536,41.272318662592205,24,43.31084957112722,-2.038530908535016
DavidAU_Gemma-The-Writer-DEADLINE-10B,DavidAU/Gemma-The-Writer-DEADLINE-10B,58.896024995660476,58.960879325354334,41.01919903629973,24,43.28689978218389,-2.267700745884156
DavidAU_Gemma-The-Writer-J.GutenBerg-10B,DavidAU/Gemma-The-Writer-J.GutenBerg-10B,59.03488977608054,59.09421265868767,41.15599097529756,24,43.47849809373056,-2.322507118432995
DavidAU_Gemma-The-Writer-Mighty-Sword-9B,DavidAU/Gemma-The-Writer-Mighty-Sword-9B,59.00017358097553,59.11959785635329,41.392610073884825,24,43.4305985158439,-2.0379884419590724
DavidAU_Gemma-The-Writer-N-Restless-Quill-10B-Uncensored,DavidAU/Gemma-The-Writer-N-Restless-Quill-10B-Uncensored,59.13903836139559,59.22294775018884,40.85009081777402,24,43.622196827390574,-2.7721060096165573
DavidAU_L3-DARKEST-PLANET-16.5B,DavidAU/L3-DARKEST-PLANET-16.5B,52.16108314528728,52.30436906708896,31.776241491685315,24,33.99438167217011,-2.2181401804847916
DavidAU_L3-Dark-Planet-8B,DavidAU/L3-Dark-Planet-8B,50.598854365561536,50.84081453197788,29.78962694499553,24,31.838900667269996,-2.0492737222744672
DavidAU_L3-Jamet-12.2B-MK.V-Blackroot-Instruct,DavidAU/L3-Jamet-12.2B-MK.V-Blackroot-Instruct,47.40496441590002,47.65717717789398,25.869793144697734,24,27.43213950169645,-1.5623463569987166
DavidAU_L3-Lumimaid-12.2B-v0.1-OAS-Instruct,DavidAU/L3-Lumimaid-12.2B-v0.1-OAS-Instruct,46.7279986113522,46.930207579694674,24.504815583181397,24,26.498097732906405,-1.9932821497250082
DavidAU_L3-SMB-Instruct-12.2B-F32,DavidAU/L3-SMB-Instruct-12.2B-F32,47.613261586530115,47.864123603462126,26.130957088441544,24,27.719536969016463,-1.588579880574919
DavidAU_L3-Stheno-Maid-Blackroot-Grand-HORROR-16B,DavidAU/L3-Stheno-Maid-Blackroot-Grand-HORROR-16B,47.17930914771741,47.36328900737678,26.692021341537863,24,27.1207922454331,-0.42877090389523786
DavidAU_L3-Stheno-v3.2-12.2B-Instruct,DavidAU/L3-Stheno-v3.2-12.2B-Instruct,48.09928831800035,48.45980190500648,27.36962320894452,24,28.39013105942983,-1.0205078504853091
DavidAU_L3.1-Dark-Planet-SpinFire-Uncensored-8B,DavidAU/L3.1-Dark-Planet-SpinFire-Uncensored-8B,52.4214546085749,52.60910165037092,32.46178300050608,24,34.35362850632011,-1.8918455058140324
DavidAU_L3.1-MOE-2X8B-Deepseek-DeepHermes-e32-uncensored-abliterated-13.7B,DavidAU/L3.1-MOE-2X8B-Deepseek-DeepHermes-e32-uncensored-abliterated-13.7B,44.43672973442111,44.20822344441435,21.197829273123396,24,23.336725592386244,-2.138896319262848
DavidAU_Qwen2.5-MOE-2X1.5B-DeepSeek-Uncensored-Censored-4B,DavidAU/Qwen2.5-MOE-2X1.5B-DeepSeek-Uncensored-Censored-4B,29.942718278076722,30.32605364000442,3.023581212338263,24,3.3386518247019352,-0.3150706123636722
DavidAU_Qwen2.5-MOE-2X7B-DeepSeek-Abliterated-Censored-19B,DavidAU/Qwen2.5-MOE-2X7B-DeepSeek-Abliterated-Censored-19B,35.636174275299425,35.92271876749916,10.870199077362608,24,11.194182598115649,-0.3239835207530408
DavidAU_Qwen2.5-MOE-6x1.5B-DeepSeek-Reasoning-e32,DavidAU/Qwen2.5-MOE-6x1.5B-DeepSeek-Reasoning-e32,32.6332233987155,32.86177664063792,6.218964782807416,24,7.050869110918784,-0.831904328111368
Davidsv_SUONG-1,Davidsv/SUONG-1,27.755597986460685,28.17133908231881,1.8272424825748756,24,0.32097841784179093,1.5062640647330847
DavieLion_Llama-3.2-1B-SPIN-iter0,DavieLion/Llama-3.2-1B-SPIN-iter0,28.953306717583754,29.300816789978757,2.1008283750749497,24,1.9735138549318707,0.12731452014307898
DavieLion_Llama-3.2-1B-SPIN-iter1,DavieLion/Llama-3.2-1B-SPIN-iter1,29.109529595556328,29.402546232087925,2.433772217660189,24,2.1890619554218818,0.24471026223830705
DavieLion_Llama-3.2-1B-SPIN-iter2,DavieLion/Llama-3.2-1B-SPIN-iter2,29.35254296129144,29.803403037793117,3.1573429783229785,24,2.5243590006285612,0.6329839776944173
DavieLion_Llama-3.2-1B-SPIN-iter3,DavieLion/Llama-3.2-1B-SPIN-iter3,29.30046866863392,29.752276438021443,3.1395015434855087,24,2.452509633798561,0.6869919096869479
DavieLion_Lllma-3.2-1B,DavieLion/Lllma-3.2-1B,29.35254296129144,29.64692268500723,2.4381228956228957,24,2.5243590006285612,-0.08623610500566548
DebateLabKIT_Llama-3.1-Argunaut-1-8B-SFT,DebateLabKIT/Llama-3.1-Argunaut-1-8B-SFT,48.029855927790315,48.238301936695315,27.187826826803345,24,28.294331903656488,-1.1065050768531428
Deci_DeciLM-7B,Deci/DeciLM-7B,43.950703002950874,44.228566674266496,21.252729791067395,24,22.666131501972878,-1.4134017109054824
Deci_DeciLM-7B-instruct,Deci/DeciLM-7B-instruct,45.6865127582017,45.89748654047653,23.8871490441846,24,25.06111039630633,-1.1739613521217294
DeepAutoAI_Explore_Llama-3.1-8B-Inst,DeepAutoAI/Explore_Llama-3.1-8B-Inst,51.05016490192675,51.1742159482904,30.393262902042363,24,32.461595179796696,-2.068332277754333
DeepAutoAI_Explore_Llama-3.2-1B-Inst,DeepAutoAI/Explore_Llama-3.2-1B-Inst,34.64676271480646,34.864574051317256,8.292273657131942,24,9.829044628345587,-1.5367709712136453
DeepAutoAI_Explore_Llama-3.2-1B-Inst_v0,DeepAutoAI/Explore_Llama-3.2-1B-Inst_v0,33.43169588613088,33.65090320035272,7.042771972349901,24,8.152559402312175,-1.1097874299622736
DeepAutoAI_Explore_Llama-3.2-1B-Inst_v1,DeepAutoAI/Explore_Llama-3.2-1B-Inst_v1,31.036278423884742,31.414752304436686,4.257780193079653,24,4.8474885281320095,-0.5897083350523564
DeepAutoAI_Explore_Llama-3.2-1B-Inst_v1.1,DeepAutoAI/Explore_Llama-3.2-1B-Inst_v1.1,30.932129838569693,31.287961837315837,8.818154144791238,24,4.703789794472004,4.114364350319234
DeepAutoAI_causal_gpt2,DeepAutoAI/causal_gpt2,29.942718278076722,30.25707396283545,2.6333438399574587,24,3.3386518247019352,-0.7053079847444765
DeepAutoAI_d2nwg_Llama-3.1-8B-Instruct-v0.0,DeepAutoAI/d2nwg_Llama-3.1-8B-Instruct-v0.0,50.45998958514147,50.8041164206598,30.51007603826353,24,31.647302355723323,-1.1372263174597919
DeepAutoAI_d2nwg_causal_gpt2,DeepAutoAI/d2nwg_causal_gpt2,29.925360180524216,30.268984588252305,2.850573557678692,24,3.314702035758603,-0.46412847807991087
DeepAutoAI_d2nwg_causal_gpt2_v1,DeepAutoAI/d2nwg_causal_gpt2_v1,29.56084013192154,29.918984588252304,2.3872783507070148,24,2.8117564679485767,-0.4244781172415619
DeepAutoAI_ldm_soup_Llama-3.1-8B-Inst,DeepAutoAI/ldm_soup_Llama-3.1-8B-Inst,50.859225828849155,51.2116784464076,31.101628224178786,24,32.19814750142001,-1.0965192772412244
DeepAutoAI_ldm_soup_Llama-3.1-8B-Instruct-v0.0,DeepAutoAI/ldm_soup_Llama-3.1-8B-Instruct-v0.0,50.893942023954175,51.25175335277464,31.162649496607862,24,32.246047079306685,-1.0833975826988222
DeepAutoAI_ldm_soup_Llama-3.1-8B-Instruct-v0.1,DeepAutoAI/ldm_soup_Llama-3.1-8B-Instruct-v0.1,50.893942023954175,51.25175335277464,31.162649496607862,24,32.246047079306685,-1.0833975826988222
DeepMount00_Lexora-Lite-3B,DeepMount00/Lexora-Lite-3B,48.429092171498006,48.733923733345186,28.43627869001684,24,28.84517704935319,-0.408898359336348
DeepMount00_Lexora-Lite-3B_v2,DeepMount00/Lexora-Lite-3B_v2,47.995139732685296,48.117654754683166,27.16845176322372,24,28.246432325769817,-1.0779805625460952
DeepMount00_Lexora-Medium-7B,DeepMount00/Lexora-Medium-7B,51.1543134872418,51.44844494250328,32.6953311808552,24,32.605293913456705,0.09003726739849327
DeepMount00_Llama-3-8b-Ita,DeepMount00/Llama-3-8b-Ita,49.17549036625586,49.3576505761469,28.077745566893725,24,29.875017973916567,-1.7972724070228416
DeepMount00_Llama-3.1-8b-ITA,DeepMount00/Llama-3.1-8b-ITA,51.39732685297692,51.69995464792883,30.933181176860177,24,32.94059095866339,-2.007409781803215
DeepMount00_Llama-3.1-Distilled,DeepMount00/Llama-3.1-Distilled,50.68564485332408,51.0087531417901,30.84142128641545,24,31.958649611986672,-1.1172283255712223
DeepMount00_Qwen2-1.5B-Ita,DeepMount00/Qwen2-1.5B-Ita,39.47231383440375,39.805765159128704,15.42299613137108,24,16.48708595459258,-1.064089823221499
DeepMount00_Qwen2-1.5B-Ita_v2,DeepMount00/Qwen2-1.5B-Ita_v2,39.21194237111612,39.53827803974795,15.106125348603843,24,16.12783912044256,-1.0217137718387157
DeepMount00_Qwen2-1.5B-Ita_v3,DeepMount00/Qwen2-1.5B-Ita_v3,39.12515188335358,39.48478837209111,15.22652186012814,24,16.008090175725883,-0.7815683155977435
DeepMount00_Qwen2-1.5B-Ita_v5,DeepMount00/Qwen2-1.5B-Ita_v5,39.94098246832147,40.32044328974541,16.487037607634196,24,17.13373025606261,-0.646692648428413
DeepMount00_Qwen2-1.5B-Ita_v6,DeepMount00/Qwen2-1.5B-Ita_v6,42.110744662385,42.4860816468975,19.093803548070223,24,20.127453873979423,-1.0336503259091998
DeepMount00_Qwen2.5-7B-Instruct-MathCoder,DeepMount00/Qwen2.5-7B-Instruct-MathCoder,29.66498871723659,29.98444769655102,2.636670587150039,24,2.955455201608582,-0.3187846144585431
DeepMount00_mergekit-ties-okvgjfz,DeepMount00/mergekit-ties-okvgjfz,29.66498871723659,29.98444769655102,2.636670587150039,24,2.955455201608582,-0.3187846144585431
Delta-Vector_Baldur-8B,Delta-Vector/Baldur-8B,52.92483943759764,53.05842954529678,32.54183409581636,24,35.04817238567682,-2.5063382898604587
Delta-Vector_Control-8B,Delta-Vector/Control-8B,50.28640860961639,50.41458754993735,29.15507782169402,24,31.407804466289978,-2.252726644595956
Delta-Vector_Control-8B-V1.1,Delta-Vector/Control-8B-V1.1,49.74830758548863,49.92840674854184,28.725850265520112,24,30.66536100904661,-1.9395107435264975
Delta-Vector_Darkens-8B,Delta-Vector/Darkens-8B,52.2131574379448,52.50590567372793,32.88379503743108,24,34.06623103900011,-1.1824360015690303
Delta-Vector_Henbane-7b-attempt2,Delta-Vector/Henbane-7b-attempt2,50.25169241451137,50.61177974093076,30.865849451121655,24,31.359904888403307,-0.49405543728165213
Delta-Vector_Odin-9B,Delta-Vector/Odin-9B,54.20933865648325,54.402534448231556,34.83242280758616,24,36.82045676748357,-1.9880339598974075
Delta-Vector_Tor-8B,Delta-Vector/Tor-8B,51.84863738934213,52.09108776928992,31.73822449849867,24,33.563285471190085,-1.8250609726914142
DevQuasar_DevQuasar-R1-Uncensored-Llama-8B,DevQuasar/DevQuasar-R1-Uncensored-Llama-8B,51.08488109703177,51.17943836412089,30.22023823479265,24,32.50949475768336,-2.289256522890714
Dongwei_DeepSeek-R1-Distill-Qwen-7B-GRPO,Dongwei/DeepSeek-R1-Distill-Qwen-7B-GRPO,34.1086616906787,34.42567698186219,7.882702983365756,24,9.086601171102217,-1.2038981877364607
DoppelReflEx_L3-8B-R1-WolfCore,DoppelReflEx/L3-8B-R1-WolfCore,53.02898802291269,53.17946526533431,33.760104762918594,24,35.19187111933683,-1.4317663564182368
DoppelReflEx_L3-8B-R1-WolfCore-V1.5-test,DoppelReflEx/L3-8B-R1-WolfCore-V1.5-test,52.95955563270265,53.14954163679548,33.45949833611522,24,35.09607196356349,-1.6365736274482714
DoppelReflEx_L3-8B-WolfCore,DoppelReflEx/L3-8B-WolfCore,51.640340218712026,51.8198078394608,31.290072076092343,24,33.275888003870065,-1.9858159277777219
DoppelReflEx_MN-12B-FoxFrame-test,DoppelReflEx/MN-12B-FoxFrame-test,54.33084533935081,54.56376527271465,34.55981394889724,24,36.988105290086914,-2.428291341189677
DoppelReflEx_MN-12B-FoxFrame2-test,DoppelReflEx/MN-12B-FoxFrame2-test,54.59121680263843,54.84795753806021,34.99669953906846,24,37.34735212423693,-2.3506525851684685
DoppelReflEx_MN-12B-FoxFrame3-test,DoppelReflEx/MN-12B-FoxFrame3-test,53.61916333969797,53.947642817183954,34.041185744792614,24,36.0061639434102,-1.9649781986175867
DoppelReflEx_MN-12B-Kakigori,DoppelReflEx/MN-12B-Kakigori,53.8968929005381,54.15529337961275,34.3313471973429,24,36.38936056650355,-2.0580133691606477
DoppelReflEx_MN-12B-LilithFrame,DoppelReflEx/MN-12B-LilithFrame,49.106057976045825,49.44264226434414,27.49206445527077,24,29.779218818143228,-2.2871543628724567
DoppelReflEx_MN-12B-LilithFrame-Experiment-2,DoppelReflEx/MN-12B-LilithFrame-Experiment-2,49.54001041485853,49.82672766561394,28.11118297022868,24,30.377963541726587,-2.2667805714979075
DoppelReflEx_MN-12B-LilithFrame-Experiment-3,DoppelReflEx/MN-12B-LilithFrame-Experiment-3,54.41763582711335,54.68080647121653,34.998286324114495,24,37.10785423480359,-2.109567910689094
DoppelReflEx_MN-12B-LilithFrame-Experiment-4,DoppelReflEx/MN-12B-LilithFrame-Experiment-4,55.02516924145114,55.34370722864824,35.77765007970374,24,37.9460968478203,-2.16844676811656
DoppelReflEx_MN-12B-Mimicore-GreenSnake,DoppelReflEx/MN-12B-Mimicore-GreenSnake,54.59121680263843,54.805097100896965,35.390600609410264,24,37.34735212423693,-1.9567515148266637
DoppelReflEx_MN-12B-Mimicore-Nocturne,DoppelReflEx/MN-12B-Mimicore-Nocturne,56.77833709425447,57.033297734838264,38.39866772323549,24,40.365025531097075,-1.9663578078615842
DoppelReflEx_MN-12B-Mimicore-Orochi,DoppelReflEx/MN-12B-Mimicore-Orochi,54.62593299774345,54.977394640114994,35.28322975535459,24,37.3952517021236,-2.112021946769012
DoppelReflEx_MN-12B-Mimicore-Orochi-v2-Experiment,DoppelReflEx/MN-12B-Mimicore-Orochi-v2-Experiment,52.85540704738761,53.22525988273211,32.77471060618407,24,34.952373229903486,-2.1776626237194137
DoppelReflEx_MN-12B-Mimicore-Orochi-v3-Experiment,DoppelReflEx/MN-12B-Mimicore-Orochi-v3-Experiment,54.139906266273215,54.37817873983797,34.569479663100296,24,36.724657611710235,-2.155177948609939
DoppelReflEx_MN-12B-Mimicore-Orochi-v4-Experiment,DoppelReflEx/MN-12B-Mimicore-Orochi-v4-Experiment,54.24405485158827,54.625022120452144,35.29906847464648,24,36.868356345370245,-1.5692878707237625
DoppelReflEx_MN-12B-Mimicore-WhiteSnake,DoppelReflEx/MN-12B-Mimicore-WhiteSnake,55.667418850893945,56.046058718448684,36.89971047715762,24,38.83223903872368,-1.932528561566059
DoppelReflEx_MN-12B-Mimicore-WhiteSnake-v2-Experiment-1,DoppelReflEx/MN-12B-Mimicore-WhiteSnake-v2-Experiment-1,48.44645026905051,48.65639520447803,27.07796440244996,24,28.86912683829651,-1.791162435846548
DoppelReflEx_MN-12B-Mimicore-WhiteSnake-v2-Experiment-2,DoppelReflEx/MN-12B-Mimicore-WhiteSnake-v2-Experiment-2,51.570907828501994,51.84748714407335,30.66571959351228,24,33.18008884809673,-2.5143692545844516
DoppelReflEx_MN-12B-Mimicore-WhiteSnake-v2-Experiment-3,DoppelReflEx/MN-12B-Mimicore-WhiteSnake-v2-Experiment-3,47.71741017184517,48.117988104752584,26.321395450260827,24,27.86323570267647,-1.5418402524156427
DoppelReflEx_MN-12B-Mimicore-WhiteSnake-v2-Experiment-4,DoppelReflEx/MN-12B-Mimicore-WhiteSnake-v2-Experiment-4,51.570907828501994,51.84748714407335,31.42294702518673,24,33.18008884809673,-1.7571418229100004
DoppelReflEx_MN-12B-Unleashed-Twilight,DoppelReflEx/MN-12B-Unleashed-Twilight,54.97309494879361,55.20627163174447,35.97610662338389,24,37.874247480990284,-1.8981408576063927
DoppelReflEx_MN-12B-WolFrame,DoppelReflEx/MN-12B-WolFrame,50.859225828849155,51.168128756532916,29.991929835267143,24,32.19814750142001,-2.2062176661528667
DoppelReflEx_MiniusLight-24B,DoppelReflEx/MiniusLight-24B,62.36764450616212,62.564610500335135,46.002968874248914,24,48.07685757085079,-2.073888696601877
DoppelReflEx_MiniusLight-24B-test,DoppelReflEx/MiniusLight-24B-test,63.20083318868252,63.33927323374534,46.95696642451458,24,49.226447440130855,-2.2694810156162717
DoppelReflEx_MiniusLight-24B-v1b-test,DoppelReflEx/MiniusLight-24B-v1b-test,65.9086964068738,66.17145681113756,50.63814760323434,24,52.96261451529103,-2.3244669120566925
DoppelReflEx_MiniusLight-24B-v1c-test,DoppelReflEx/MiniusLight-24B-v1c-test,67.3667766012845,67.5268165726839,52.84065809537824,24,54.97439678653113,-2.1337386911528924
DoppelReflEx_MiniusLight-24B-v1d-test,DoppelReflEx/MiniusLight-24B-v1d-test,66.93282416247179,67.12025325276961,52.35844104160633,24,54.375652062947765,-2.0172110213414314
DreadPoor_Again-8B-Model_Stock,DreadPoor/Again-8B-Model_Stock,52.97691373025516,53.09801059970912,33.2594612268752,24,35.12002175250682,-1.8605605256316196
DreadPoor_Alita99-8B-LINEAR,DreadPoor/Alita99-8B-LINEAR,54.26141294914078,54.417670955770895,35.00891825379863,24,36.89230613431358,-1.8833878805149453
DreadPoor_AnotherTest,DreadPoor/AnotherTest,46.554417635827114,46.834113564549334,25.197137506034824,24,26.258599843473057,-1.0614623374382326
DreadPoor_Aspire-8B-model_stock,DreadPoor/Aspire-8B-model_stock,52.61239368165249,52.78251846388995,32.534270073092834,24,34.6170761846968,-2.082806111603965
DreadPoor_Aspire_1.3-8B_model-stock,DreadPoor/Aspire_1.3-8B_model-stock,52.89012324249262,53.016446065742116,32.66185070730422,24,35.000272807790154,-2.3384221004859356
DreadPoor_Aspire_V2-8B-Model_Stock,DreadPoor/Aspire_V2-8B-Model_Stock,53.20256899843777,53.29650089428359,33.327406017534244,24,35.43136900877017,-2.1039629912359246
DreadPoor_Aspire_V2.1-8B-Model_Stock,DreadPoor/Aspire_V2.1-8B-Model_Stock,52.24787363304982,52.36395810818485,32.18794456865431,24,34.114130616886776,-1.9261860482324664
DreadPoor_Aspire_V2_ALT-8B-Model_Stock,DreadPoor/Aspire_V2_ALT-8B-Model_Stock,52.54296129144246,52.658194787282866,32.44516856104618,24,34.521277028923464,-2.076108467877283
DreadPoor_Aspire_V2_ALT_ROW-8B-Model_Stock,DreadPoor/Aspire_V2_ALT_ROW-8B-Model_Stock,52.54296129144246,52.658194787282866,32.44516856104618,24,34.521277028923464,-2.076108467877283
DreadPoor_Aspire_V3-8B-Model_Stock,DreadPoor/Aspire_V3-8B-Model_Stock,52.629751779205,52.679587589719866,32.68368177507647,24,34.64102597364014,-1.9573441985636677
DreadPoor_Aspire_V4-8B-Model_Stock,DreadPoor/Aspire_V4-8B-Model_Stock,53.081062315570215,53.14037161536505,33.20598944793845,24,35.26372048616683,-2.0577310382283827
DreadPoor_Aspire_V4_ALT-8B-Model_Stock,DreadPoor/Aspire_V4_ALT-8B-Model_Stock,52.629751779205,52.682325189440235,32.63543581177509,24,34.64102597364014,-2.005590161865051
DreadPoor_Asymmetric_Linearity-8B-Model_Stock,DreadPoor/Asymmetric_Linearity-8B-Model_Stock,54.48706821732338,54.6535755155883,35.4412470409656,24,37.20365339057693,-1.7624063496113322
DreadPoor_Aurora_faustus-8B-LINEAR,DreadPoor/Aurora_faustus-8B-LINEAR,54.99045304634612,55.15538279425277,36.26348248348271,24,37.898197269933625,-1.634714786450914
DreadPoor_Aurora_faustus-8B-LORABLATED,DreadPoor/Aurora_faustus-8B-LORABLATED,53.827460510328066,53.915961665565106,34.19993531370101,24,36.29356141073021,-2.093626097029201
DreadPoor_Aurora_faustus-8B-LORABLATED_ALT,DreadPoor/Aurora_faustus-8B-LORABLATED_ALT,53.775386217670544,53.87670721191214,34.21152011815682,24,36.22171204390021,-2.010191925743392
DreadPoor_Autumn_Dawn-8B-LINEAR,DreadPoor/Autumn_Dawn-8B-LINEAR,54.38291963200833,54.59436958014627,35.845555124121006,24,37.059954656916915,-1.214399532795909
DreadPoor_BaeZel-8B-LINEAR,DreadPoor/BaeZel-8B-LINEAR,54.50442631487589,54.63800554321383,35.53537606986396,24,37.227603179520266,-1.692227109656308
DreadPoor_BaeZel-8B-Model_Stock,DreadPoor/BaeZel-8B-Model_Stock,53.8968929005381,54.07680550216926,34.643632940053415,24,36.38936056650355,-1.7457276264501331
DreadPoor_BaeZel_V2-8B-Model_Stock,DreadPoor/BaeZel_V2-8B-Model_Stock,53.51501475438292,53.73871612758611,34.4487493680143,24,35.86246520975019,-1.4137158417358933
DreadPoor_BaeZel_V2_ALT-8B-Model_Stock,DreadPoor/BaeZel_V2_ALT-8B-Model_Stock,53.51501475438292,53.73871612758611,34.4487493680143,24,35.86246520975019,-1.4137158417358933
DreadPoor_BaeZel_V3-8B-Model_Stock,DreadPoor/BaeZel_V3-8B-Model_Stock,53.758028120118034,53.92310767591349,34.408658796480346,24,36.19776225495687,-1.789103458476525
DreadPoor_Blunt_Edge-8B-SLERP,DreadPoor/Blunt_Edge-8B-SLERP,53.740670022565524,53.89470863694941,34.14138253488904,24,36.17381246601354,-2.032429931124497
DreadPoor_BulkUp,DreadPoor/BulkUp,28.27634091303593,28.698602947692574,1.6612873090290492,24,1.0394720861418232,0.621815222887226
DreadPoor_Cadence-8B-LINEAR,DreadPoor/Cadence-8B-LINEAR,54.139906266273215,54.3335855545011,34.914380348862515,24,36.724657611710235,-1.8102772628477197
DreadPoor_Caelid-8B-Model_Stock,DreadPoor/Caelid-8B-Model_Stock,54.434993924665854,54.59605196913864,35.23706805025389,24,37.131804023746916,-1.8947359734930274
DreadPoor_Casuar-9B-Model_Stock,DreadPoor/Casuar-9B-Model_Stock,60.94428050685645,61.06681877306871,43.92726768312374,24,46.11297487749736,-2.18570719437362
DreadPoor_Condensed_Milk-8B-Model_Stock,DreadPoor/Condensed_Milk-8B-Model_Stock,54.157264363825725,54.34864122121906,35.12062025244797,24,36.74860740065357,-1.627987148205598
DreadPoor_CoolerCoder-8B-LINEAR,DreadPoor/CoolerCoder-8B-LINEAR,47.45703870855754,47.61504835496542,26.365382993394,24,27.503988868526445,-1.1386058751324448
DreadPoor_Damasteel-8B-LINEAR,DreadPoor/Damasteel-8B-LINEAR,53.72331192501302,53.88142176959775,34.10613777622061,24,36.14986267707021,-2.043724900849597
DreadPoor_Dearly_Beloved-8B-TIES,DreadPoor/Dearly_Beloved-8B-TIES,40.25342822426662,40.49833102731907,16.671812993247975,24,17.56482645704263,-0.8930134637946558
DreadPoor_Decayed-8B-LINEAR,DreadPoor/Decayed-8B-LINEAR,53.96632529074813,54.17014088773181,34.490500759556504,24,36.48515972227688,-1.9946589627203792
DreadPoor_Derivative-8B-Model_Stock,DreadPoor/Derivative-8B-Model_Stock,53.827460510328066,53.95493987763995,34.248821021284016,24,36.29356141073021,-2.044740389446197
DreadPoor_Derivative_V2-8B-Model_Stock,DreadPoor/Derivative_V2-8B-Model_Stock,53.792744315223054,53.92643954415271,34.49028104908971,24,36.245661832843545,-1.7553807837538358
DreadPoor_Derivative_V2_ALT-8B-Model_Stock,DreadPoor/Derivative_V2_ALT-8B-Model_Stock,53.51501475438292,53.65351570462934,34.09335381950132,24,35.86246520975019,-1.7691113902488738
DreadPoor_Derivative_V3-8B-Model_Stock,DreadPoor/Derivative_V3-8B-Model_Stock,52.16108314528728,52.4319745545524,32.42070195179438,24,33.99438167217011,-1.5736797203757291
DreadPoor_Elusive_Dragon_Heart-8B-LINEAR,DreadPoor/Elusive_Dragon_Heart-8B-LINEAR,54.40027772956084,54.564142808815916,35.31017141761393,24,37.083904445860256,-1.7737330282463262
DreadPoor_Emu_Eggs-9B-Model_Stock,DreadPoor/Emu_Eggs-9B-Model_Stock,60.44089567783371,60.516572135171664,42.783674159620205,24,45.418430998140664,-2.6347568385204596
DreadPoor_Eunoia_Vespera-8B-LINEAR,DreadPoor/Eunoia_Vespera-8B-LINEAR,53.862176705433086,53.99310621081937,34.21610348917685,24,36.34146098861689,-2.1253574994400353
DreadPoor_Fu_sion_HA-8B-SLERP,DreadPoor/Fu_sion_HA-8B-SLERP,53.56708904704045,53.72804197028273,34.05290214273217,24,35.9343145765802,-1.881412433848027
DreadPoor_HOT_STINKING_GARBAGE,DreadPoor/HOT_STINKING_GARBAGE,48.75889602499566,48.84000866161457,27.851418136508787,24,29.300223039276535,-1.4488049027677476
DreadPoor_H_the_eighth-8B-LINEAR,DreadPoor/H_the_eighth-8B-LINEAR,53.67123763235549,53.83752114303682,34.15424498998624,24,36.0780133102402,-1.9237683202539628
DreadPoor_Happy_New_Year-8B-Model_Stock,DreadPoor/Happy_New_Year-8B-Model_Stock,53.54973094948794,53.67913866457493,34.00006494069371,24,35.91036478763686,-1.910299846943147
DreadPoor_Heart_Stolen-8B-Model_Stock,DreadPoor/Heart_Stolen-8B-Model_Stock,53.827460510328066,53.95443745186659,34.44482164620488,24,36.29356141073021,-1.8487397645253338
DreadPoor_Heart_Stolen-ALT-8B-Model_Stock,DreadPoor/Heart_Stolen-ALT-8B-Model_Stock,52.52560319388995,52.63384677474892,32.354424456472486,24,34.49732723998012,-2.142902783507637
DreadPoor_Here_We_Go_Again-8B-SLERP,DreadPoor/Here_We_Go_Again-8B-SLERP,54.434993924665854,54.60182474181831,35.53148620432186,24,37.131804023746916,-1.600317819425058
DreadPoor_Howdy-8B-LINEAR,DreadPoor/Howdy-8B-LINEAR,53.758028120118034,53.83981582614436,34.22706196535763,24,36.19776225495687,-1.9707002895992431
DreadPoor_Incidental-8B-Model_Stock,DreadPoor/Incidental-8B-Model_Stock,54.36556153445582,54.52070612873019,35.15766080254052,24,37.03600486797358,-1.8783440654330619
DreadPoor_Irina-8B-model_stock,DreadPoor/Irina-8B-model_stock,52.23051553549731,52.36638956084763,32.08833034979686,24,34.09018082794344,-2.0018504781465793
DreadPoor_Kindling-8B-Model_Stock,DreadPoor/Kindling-8B-Model_Stock,54.78215587571602,54.92054832931256,35.77883534009465,24,37.61079980261361,-1.831964462518961
DreadPoor_L3.1-BaeZel-8B-Della,DreadPoor/L3.1-BaeZel-8B-Della,54.33084533935081,54.4844954218552,35.15745504522053,24,36.988105290086914,-1.8306502448663835
DreadPoor_Laughing_Stock-8B-Model_Stock,DreadPoor/Laughing_Stock-8B-Model_Stock,54.3134872417983,54.494292621549995,34.93824337423678,24,36.96415550114358,-2.0259121269068032
DreadPoor_Lava_Lamp-8B-SLERP,DreadPoor/Lava_Lamp-8B-SLERP,53.58444714459295,53.675868733601725,33.802734199229576,24,35.958264365523526,-2.15553016629395
DreadPoor_LemonP-8B-Model_Stock,DreadPoor/LemonP-8B-Model_Stock,54.24405485158827,54.39348074265457,35.371476735853804,24,36.868356345370245,-1.4968796095164407
DreadPoor_Lydia_of_Whiterun-8B-LINEAR,DreadPoor/Lydia_of_Whiterun-8B-LINEAR,53.58444714459295,53.795279447500384,33.86908733681889,24,35.958264365523526,-2.0891770287046327
DreadPoor_Matryoshka-8B-LINEAR,DreadPoor/Matryoshka-8B-LINEAR,54.3134872417983,54.44280006376177,35.110911704209016,24,36.96415550114358,-1.8532437969345636
DreadPoor_Mercury_In_Retrograde-8b-Model-Stock,DreadPoor/Mercury_In_Retrograde-8b-Model-Stock,53.67123763235549,53.90507664719519,34.38486477258895,24,36.0780133102402,-1.693148537651254
DreadPoor_Minthy-8B-Model_Stock,DreadPoor/Minthy-8B-Model_Stock,53.35879187641034,53.529513196410136,34.17002969063864,24,35.64691710926018,-1.476887418621537
DreadPoor_Minthy_ALT-8B-Model_Stock,DreadPoor/Minthy_ALT-8B-Model_Stock,53.63652143725048,53.74800202589046,34.16825686462601,24,36.030113732353534,-1.861856867727525
DreadPoor_Minthy_V2-8B-Model_Stock,DreadPoor/Minthy_V2-8B-Model_Stock,54.747439680611,54.91095928821667,35.82274773153525,24,37.56290022472694,-1.7401524931916867
DreadPoor_Minus_Penus-8B-Model_Stock,DreadPoor/Minus_Penus-8B-Model_Stock,53.15049470578025,53.43781571200969,33.57084078325773,24,35.35951964194017,-1.788678858682438
DreadPoor_Morphing-8B-Model_Stock,DreadPoor/Morphing-8B-Model_Stock,53.792744315223054,53.969421729540876,34.452420920507734,24,36.245661832843545,-1.7932409123358113
DreadPoor_Not_Even_My_Final_Form-8B-Model_Stock,DreadPoor/Not_Even_My_Final_Form-8B-Model_Stock,53.341433778857834,53.508497930074405,33.71901446820086,24,35.622967320316846,-1.9039528521159852
DreadPoor_Nother_One-8B-Model_Stock,DreadPoor/Nother_One-8B-Model_Stock,51.987502169762195,52.04527600425481,31.92112823138842,24,33.754883782736755,-1.833755551348336
DreadPoor_Noxis-8B-LINEAR,DreadPoor/Noxis-8B-LINEAR,53.98368338830064,54.209565020685545,34.8222565522494,24,36.509109511220224,-1.6868529589708245
DreadPoor_Nullsworn-12B-LINEAR,DreadPoor/Nullsworn-12B-LINEAR,54.45235202221836,54.83045026677609,35.51240857664764,24,37.15575381269026,-1.6433452360426202
DreadPoor_Nwah-8B-Model_Stock,DreadPoor/Nwah-8B-Model_Stock,53.65387953480298,53.84269019541997,34.11306781436337,24,36.05406352129686,-1.9409957069334922
DreadPoor_ONeil-model_stock-8B,DreadPoor/ONeil-model_stock-8B,55.3723311925013,55.48337982400762,36.4126125295027,24,38.42509262668698,-2.0124800971842802
DreadPoor_Oh_Boy-8B-LINEAR,DreadPoor/Oh_Boy-8B-LINEAR,53.56708904704045,53.751144062925526,34.14329045372282,24,35.9343145765802,-1.7910241228573796
DreadPoor_OrangeJ-8B-Model_Stock,DreadPoor/OrangeJ-8B-Model_Stock,53.879534802985596,54.13478053905038,35.15080738484264,24,36.36541077756022,-1.214603392717578
DreadPoor_Promissum_Mane-8B-LINEAR,DreadPoor/Promissum_Mane-8B-LINEAR,54.40027772956084,54.576843981467384,35.253190231117536,24,37.083904445860256,-1.83071421474272
DreadPoor_Promissum_Mane-8B-LINEAR-lorablated,DreadPoor/Promissum_Mane-8B-LINEAR-lorablated,54.29612914424579,54.351836319903036,34.60910725048443,24,36.94020571220024,-2.3310984617158113
DreadPoor_RPMash-8B-Model_Stock,DreadPoor/RPMash-8B-Model_Stock,51.43204304808193,51.69088291675549,31.11259163110552,24,32.98849053655005,-1.875898905444533
DreadPoor_RPMash_V3-8B-Model_Stock,DreadPoor/RPMash_V3-8B-Model_Stock,52.07429265752474,52.17453397523113,31.99104716376097,24,33.87463272745343,-1.8835855636924599
DreadPoor_Rusted_Gold-8B-LINEAR,DreadPoor/Rusted_Gold-8B-LINEAR,53.61916333969797,53.86646439313689,34.12086145705898,24,36.0061639434102,-1.8853024863512218
DreadPoor_Rusted_Platinum-8B-LINEAR,DreadPoor/Rusted_Platinum-8B-LINEAR,54.139906266273215,54.27868416987739,34.78573450204923,24,36.724657611710235,-1.9389231096610047
DreadPoor_Rusted_Platinum-8B-Model_Stock,DreadPoor/Rusted_Platinum-8B-Model_Stock,52.28258982815483,52.42840148078765,32.36931288487491,24,34.16203019477344,-1.792717309898535
DreadPoor_Sellen-8B-model_stock,DreadPoor/Sellen-8B-model_stock,52.23051553549731,52.31680557624704,31.3609793143707,24,34.09018082794344,-2.729201513572743
DreadPoor_Something-8B-Model_Stock,DreadPoor/Something-8B-Model_Stock,53.827460510328066,53.950293704731955,34.539896807500135,24,36.29356141073021,-1.753664603230078
DreadPoor_Spring_Dusk-8B-SCE,DreadPoor/Spring_Dusk-8B-SCE,56.18816177746919,56.35271357931001,37.76481840522523,24,39.550732707023705,-1.7859143017984778
DreadPoor_Summer_Dawn-8B-SCE,DreadPoor/Summer_Dawn-8B-SCE,53.688595729908,53.911137541336096,34.62851818112923,24,36.101963099183536,-1.4734449180543052
DreadPoor_Summer_Dusk-8B-TIES,DreadPoor/Summer_Dusk-8B-TIES,53.445582364172886,53.59662578395569,33.83081371910365,24,35.766666053976856,-1.9358523348732035
DreadPoor_Summer_Rain-8B-SCE,DreadPoor/Summer_Rain-8B-SCE,58.37528206908523,58.45948417986418,40.61854240395792,24,42.56840611388385,-1.9498637099259355
DreadPoor_Summer_Rain-8B-TIES,DreadPoor/Summer_Rain-8B-TIES,58.37528206908523,58.45948417986418,40.61854240395792,24,42.56840611388385,-1.9498637099259355
DreadPoor_Sun-8B-Model_Stock,DreadPoor/Sun-8B-Model_Stock,52.4214546085749,52.63511014407582,32.954595045665,24,34.35362850632011,-1.3990334606551116
DreadPoor_Sweetened_Condensed_Milk-8B-Model_Stock,DreadPoor/Sweetened_Condensed_Milk-8B-Model_Stock,53.879534802985596,54.06287643522294,34.670888066076664,24,36.36541077756022,-1.6945227114835575
DreadPoor_TEST02-Ignore,DreadPoor/TEST02-Ignore,55.910432216629054,56.01644306147606,37.13218783602701,24,39.16753608393035,-2.035348247903343
DreadPoor_TEST03-ignore,DreadPoor/TEST03-ignore,53.67123763235549,53.834141343721775,34.38735467240193,24,36.0780133102402,-1.6906586378382684
DreadPoor_TEST06-ignore,DreadPoor/TEST06-ignore,55.05988543655615,55.090608801484414,35.92411184894727,24,37.99399642570696,-2.0698845767596907
DreadPoor_TEST07-ignore,DreadPoor/TEST07-ignore,55.47647977781635,55.61275711510344,36.88142926288663,24,38.56879136034699,-1.6873620974603654
DreadPoor_TEST08-ignore,DreadPoor/TEST08-ignore,54.34820343690332,54.53519655444978,35.35061865878467,24,37.012055079030254,-1.661436420245586
DreadPoor_Trinas_Nectar-8B-model_stock,DreadPoor/Trinas_Nectar-8B-model_stock,52.45617080367992,52.56123853406083,31.97509368554489,24,34.40152808420679,-2.426434398661897
DreadPoor_UNTESTED-VENN_1.2-8B-Model_Stock,DreadPoor/UNTESTED-VENN_1.2-8B-Model_Stock,54.556500607533415,54.75027267486954,35.427098756489926,24,37.29945254635027,-1.872353789860341
DreadPoor_VENN_1.2-8B-Model_Stock,DreadPoor/VENN_1.2-8B-Model_Stock,54.46971011977087,54.58812486333333,35.12536864211717,24,37.17970360163359,-2.0543349595164244
DreadPoor_WIP-Acacia-8B-Model_Stock,DreadPoor/WIP-Acacia-8B-Model_Stock,51.692414511369556,51.94665568943517,31.162352922428383,24,33.347737370700074,-2.185384448271691
DreadPoor_WIP_Damascus-8B-TIES,DreadPoor/WIP_Damascus-8B-TIES,53.96632529074813,54.10672913070806,34.52230581565854,24,36.48515972227688,-1.9628539066183421
DreadPoor_Wannabe-8B-Model_Stock,DreadPoor/Wannabe-8B-Model_Stock,53.67123763235549,53.89637944785705,34.278852846231906,24,36.0780133102402,-1.7991604640082954
DreadPoor_What_A_Thrill-8B-Model_Stock,DreadPoor/What_A_Thrill-8B-Model_Stock,52.99427182780767,53.114490439437695,32.94877726470522,24,35.143971541450156,-2.1951942767449353
DreadPoor_Winter-8B-SCE,DreadPoor/Winter-8B-SCE,52.404096511022395,52.617334903233825,32.53825480363242,24,34.32967871737679,-1.7914239137443673
DreadPoor_Winter_Dusk-8B-TIES,DreadPoor/Winter_Dusk-8B-TIES,49.36642943933345,49.518821589671035,28.22781538216536,24,30.13846565229325,-1.9106502701278885
DreadPoor_Winter_Night-8B-Model_Stock,DreadPoor/Winter_Night-8B-Model_Stock,51.70977260892206,51.84968441488283,31.604274148057367,24,33.3716871596434,-1.767413011586033
DreadPoor_Yafune-8B-Model_Stock,DreadPoor/Yafune-8B-Model_Stock,54.539142509980906,54.667195129412534,35.2912300982616,24,37.275502757406926,-1.9842726591453257
DreadPoor_Yearn_V3-8B-Model_Stock,DreadPoor/Yearn_V3-8B-Model_Stock,53.18521090088527,53.22019394938072,33.41239643429133,24,35.40741921982684,-1.995022785535511
DreadPoor_ZEUS-8B-V17-Abliterated_ALT,DreadPoor/ZEUS-8B-V17-Abliterated_ALT,52.10900885262975,52.31075970343642,32.2576119397764,24,33.9225323053401,-1.6649203655636953
DreadPoor_Zelus-8B-Model_Stock,DreadPoor/Zelus-8B-Model_Stock,52.95955563270265,53.070113986518386,33.05816146454601,24,35.09607196356349,-2.037910499017478
DreadPoor_Zelus_V2-8B-Model_Stock,DreadPoor/Zelus_V2-8B-Model_Stock,53.341433778857834,53.44816839912676,33.66407644966964,24,35.622967320316846,-1.9588908706472026
DreadPoor_felix_dies-mistral-7B-model_stock,DreadPoor/felix_dies-mistral-7B-model_stock,48.77625412254817,49.00918073527422,28.890798050964488,24,29.32417282821987,-0.43337477725538065
DreadPoor_hakuchido-8B-MODEL_STOCK,DreadPoor/hakuchido-8B-MODEL_STOCK,53.792744315223054,53.98373390214103,34.575610505807134,24,36.245661832843545,-1.6700513270364112
DreadPoor_ichor-8B-Model_Stock,DreadPoor/ichor-8B-Model_Stock,50.75507724353411,50.84222037759372,29.92236880007357,24,32.05444876776001,-2.132079967686437
DreadPoor_ichor_1.1-8B-Model_Stock,DreadPoor/ichor_1.1-8B-Model_Stock,52.57767748654747,52.8067770617839,32.6207492618971,24,34.569176606810124,-1.9484273449130214
DreadPoor_inexpertus-8B-Model_Stock,DreadPoor/inexpertus-8B-Model_Stock,52.629751779205,52.801904704680645,32.4633736795138,24,34.64102597364014,-2.1776522941263394
DreadPoor_inexpertus_1.1-8B-LINEAR,DreadPoor/inexpertus_1.1-8B-LINEAR,55.09460163166117,55.246388021675706,36.1991911954092,24,38.041896003593635,-1.8427048081844362
DreadPoor_inexpertus_1.2-8B-LINEAR,DreadPoor/inexpertus_1.2-8B-LINEAR,55.05988543655615,55.23440600721518,36.05652346278443,24,37.99399642570696,-1.9374729629225271
DreadPoor_mergekit-nuslerp-nqzkedi,DreadPoor/mergekit-nuslerp-nqzkedi,53.51501475438292,53.619183665462494,34.09522783768477,24,35.86246520975019,-1.7672373720654235
DreadPoor_remember_to_breathe-8b-Model-Stock,DreadPoor/remember_to_breathe-8b-Model-Stock,53.94896719319563,54.11654435599922,34.67899076231628,24,36.46120993333356,-1.7822191710172817
DreadPoor_test,DreadPoor/test,53.445582364172886,53.71873804638202,34.28751436834826,24,35.766666053976856,-1.4791516856285938
DreadPoor_test_ALT,DreadPoor/test_ALT,53.445582364172886,53.70433315307738,33.986912493518574,24,35.766666053976856,-1.779753560458282
DreadPoor_tests_pending-do_not_use_yet,DreadPoor/tests_pending-do_not_use_yet,53.827460510328066,54.078978738850275,34.6745089445582,24,36.29356141073021,-1.6190524661720147
EVA-UNIT-01_EVA-Qwen2.5-14B-v0.2,EVA-UNIT-01/EVA-Qwen2.5-14B-v0.2,60.80541572643638,60.90237540046593,43.60784925797068,24,45.92137656595068,-2.313527307980003
EVA-UNIT-01_EVA-Qwen2.5-72B-v0.2,EVA-UNIT-01/EVA-Qwen2.5-72B-v0.2,70.54330845339351,70.88012228048761,59.0667326828602,24,59.357208163161346,-0.2904754803011471
Edgerunners_meta-llama-3-8b-instruct-hf-ortho-baukit-34fail-3000total-bf16,Edgerunners/meta-llama-3-8b-instruct-hf-ortho-baukit-34fail-3000total-bf16,49.66151709772609,49.79908369885237,28.25639185977421,24,30.545612064329937,-2.2892202045557255
EleutherAI_gpt-j-6b,EleutherAI/gpt-j-6b,31.67852803332755,31.910444310372785,4.912818068323685,24,5.733630719035389,-0.8208126507117042
EleutherAI_gpt-neo-1.3B,EleutherAI/gpt-neo-1.3B,30.08158305849679,30.3923158693564,3.024569180930987,24,3.530250136248614,-0.5056809553176267
EleutherAI_gpt-neo-125m,EleutherAI/gpt-neo-125m,30.914771741017184,31.151568857915226,3.436738951426704,24,4.679840005528668,-1.2431010541019636
EleutherAI_gpt-neo-2.7B,EleutherAI/gpt-neo-2.7B,31.05363652143725,31.39516033315253,4.178602667081014,24,4.871438317075346,-0.6928356499943318
EleutherAI_gpt-neox-20b,EleutherAI/gpt-neox-20b,31.3660822773824,31.65038032087757,4.929114201526899,24,5.302534518055368,-0.37342031652846863
EleutherAI_pythia-1.4b,EleutherAI/pythia-1.4b,31.192501301857316,31.5042649740714,3.878989478987103,24,5.0630366286220205,-1.1840471496349174
EleutherAI_pythia-12b,EleutherAI/pythia-12b,31.609095643117513,31.796539579353365,4.987531038290507,24,5.637831563262047,-0.6503005249715397
EleutherAI_pythia-160m,EleutherAI/pythia-160m,29.35254296129144,29.704374842413216,2.198832279508135,24,2.5243590006285612,-0.325526721120426
EleutherAI_pythia-1b,EleutherAI/pythia-1b,29.69970491234161,30.040930175643936,2.2939863995762866,24,3.0033547794952558,-0.7093683799189692
EleutherAI_pythia-2.8b,EleutherAI/pythia-2.8b,32.060406179482726,32.24085936276087,5.077786161905462,24,6.260526075788741,-1.182739913883279
EleutherAI_pythia-410m,EleutherAI/pythia-410m,29.942718278076722,30.281338706442597,2.7154281203357478,24,3.3386518247019352,-0.6232237043661875
EleutherAI_pythia-6.9b,EleutherAI/pythia-6.9b,32.02568998437771,32.32287869322383,5.88163197981621,24,6.212626497902079,-0.3309945180858689
Enno-Ai_EnnoAi-Pro-French-Llama-3-8B-v0.4,Enno-Ai/EnnoAi-Pro-French-Llama-3-8B-v0.4,40.427009199791705,40.74954889367559,16.875928374989595,24,17.80432434647598,-0.9283959714863848
Enno-Ai_EnnoAi-Pro-Llama-3-8B,Enno-Ai/EnnoAi-Pro-Llama-3-8B,41.086616906787015,41.51575806137867,17.507545086854382,24,18.714416326322684,-1.2068712394683025
Enno-Ai_EnnoAi-Pro-Llama-3-8B-v0.3,Enno-Ai/EnnoAi-Pro-Llama-3-8B-v0.3,40.704738760631834,41.00577461090639,16.668385554519382,24,18.187520969569327,-1.519135415049945
Enno-Ai_EnnoAi-Pro-Llama-3.1-8B-v0.9,Enno-Ai/EnnoAi-Pro-Llama-3.1-8B-v0.9,41.208123589654576,41.60272083619013,17.49829637438283,24,18.882064848926035,-1.3837684745432064
EnnoAi_EnnoAi-Pro-Llama-3.1-8B-v1.0,EnnoAi/EnnoAi-Pro-Llama-3.1-8B-v1.0,41.208123589654576,41.60272083619013,17.49829637438283,24,18.882064848926035,-1.3837684745432064
Epiculous_Azure_Dusk-v0.2,Epiculous/Azure_Dusk-v0.2,40.93039402881444,41.19721873553596,17.396414392379338,24,18.498868225832677,-1.102453833453339
Epiculous_Crimson_Dawn-v0.2,Epiculous/Crimson_Dawn-v0.2,44.61031070994619,44.82379648964544,21.68824851395527,24,23.576223481819593,-1.8879749678643236
Epiculous_NovaSpark,Epiculous/NovaSpark,50.37319909737893,50.639586637683045,29.52691068844395,24,31.527553411006647,-2.000642722562695
Epiculous_Violet_Twilight-v0.2,Epiculous/Violet_Twilight-v0.2,45.91216802638431,46.14552476845889,23.94053725590186,24,25.37245765256968,-1.4319203966678202
EpistemeAI2_Athene-codegemma-2-7b-it-alpaca-v1.2,EpistemeAI2/Athene-codegemma-2-7b-it-alpaca-v1.2,41.34698837007464,41.75415446097843,18.971369774912947,24,19.073663160472705,-0.10229338555975787
EpistemeAI2_Fireball-12B-v1.2,EpistemeAI2/Fireball-12B-v1.2,49.93924665856622,50.18583230653281,29.776014226579218,24,30.92880868742328,-1.1527944608440635
EpistemeAI2_Fireball-Alpaca-Llama3.1-8B-Philos,EpistemeAI2/Fireball-Alpaca-Llama3.1-8B-Philos,49.6962332928311,49.77581192690881,29.259226071264724,24,30.593511642216598,-1.3342855709518737
EpistemeAI2_Fireball-Alpaca-Llama3.1.01-8B-Philos,EpistemeAI2/Fireball-Alpaca-Llama3.1.01-8B-Philos,49.453219927095994,49.56109231272791,28.628475325906475,24,30.258214597009925,-1.6297392711034497
EpistemeAI2_Fireball-Alpaca-Llama3.1.03-8B-Philos,EpistemeAI2/Fireball-Alpaca-Llama3.1.03-8B-Philos,49.401145634438464,49.50869933936326,27.99254879661235,24,30.186365230179913,-2.1938164335675623
EpistemeAI2_Fireball-Alpaca-Llama3.1.04-8B-Philos,EpistemeAI2/Fireball-Alpaca-Llama3.1.04-8B-Philos,49.15813226870335,49.30009712421776,27.963797525362725,24,29.85106818497323,-1.887270659610504
EpistemeAI2_Fireball-Alpaca-Llama3.1.06-8B-Philos-dpo,EpistemeAI2/Fireball-Alpaca-Llama3.1.06-8B-Philos-dpo,48.67210553723312,48.807730539009235,27.207176615070413,24,29.180474094559873,-1.9732974794894602
EpistemeAI2_Fireball-Alpaca-Llama3.1.07-8B-Philos-Math,EpistemeAI2/Fireball-Alpaca-Llama3.1.07-8B-Philos-Math,48.324943586182954,48.47020640542447,26.901201452028392,24,28.701478315693173,-1.8002768636647808
EpistemeAI2_Fireball-Alpaca-Llama3.1.08-8B-C-R1-KTO-Reflection,EpistemeAI2/Fireball-Alpaca-Llama3.1.08-8B-C-R1-KTO-Reflection,49.34907134178094,49.553052334314735,27.571611204577167,24,30.11451586334991,-2.542904658772745
EpistemeAI2_Fireball-Alpaca-Llama3.1.08-8B-Philos-C-R1,EpistemeAI2/Fireball-Alpaca-Llama3.1.08-8B-Philos-C-R1,48.15136261065787,48.27931104634334,26.76368521382555,24,28.46198042625983,-1.6982952124342816
EpistemeAI2_Fireball-Llama-3.1-8B-Philos-Reflection,EpistemeAI2/Fireball-Llama-3.1-8B-Philos-Reflection,48.75889602499566,48.97693552241443,27.76979570236311,24,29.300223039276535,-1.5304273369134265
EpistemeAI2_Fireball-MathMistral-Nemo-Base-2407-v2dpo,EpistemeAI2/Fireball-MathMistral-Nemo-Base-2407-v2dpo,42.891859052247874,43.276373285682105,21.145528378150857,24,21.205194376429475,-0.05966599827861785
EpistemeAI2_Fireball-Meta-Llama-3.1-8B-Instruct-Agent-0.003-128K-code-math,EpistemeAI2/Fireball-Meta-Llama-3.1-8B-Instruct-Agent-0.003-128K-code-math,47.89099114737025,48.075580310342055,26.74376716558517,24,28.102733592109818,-1.358966426524649
EpistemeAI2_Fireball-Meta-Llama-3.1-8B-Instruct-Agent-0.005-128K-code-COT,EpistemeAI2/Fireball-Meta-Llama-3.1-8B-Instruct-Agent-0.005-128K-code-COT,47.76948446450269,47.90834283312441,26.400991557555106,24,27.93508506950647,-1.5340935119513652
EpistemeAI2_Fireball-Phi-3-medium-4k-inst-Philos,EpistemeAI2/Fireball-Phi-3-medium-4k-inst-Philos,61.56917201874675,61.778426392875154,46.20887281141656,24,46.9751672794574,-0.7662944680408401
EpistemeAI_Alpaca-Llama3.1-8B,EpistemeAI/Alpaca-Llama3.1-8B,47.38760631834751,47.55260853974287,25.93522655511771,24,27.40818971275311,-1.4729631576354016
EpistemeAI_Athena-gemma-2-2b-it,EpistemeAI/Athena-gemma-2-2b-it,42.562055198750215,42.642293591146,19.417817674461517,24,20.75014838650612,-1.3323307120446017
EpistemeAI_Athena-gemma-2-2b-it-Philos,EpistemeAI/Athena-gemma-2-2b-it-Philos,37.66707168894289,37.94776879058674,13.212088152695856,24,13.99630790448579,-0.7842197517899336
EpistemeAI_Athene-codegemma-2-7b-it-alpaca-v1.3,EpistemeAI/Athene-codegemma-2-7b-it-alpaca-v1.3,43.169588613088,43.31916189482215,20.87379456667128,24,21.588390999522826,-0.7145964328515468
EpistemeAI_DeepPhi-3.5-mini-instruct,EpistemeAI/DeepPhi-3.5-mini-instruct,28.38048949835098,28.82286066762748,1.667358455856632,24,1.1831708198018285,0.4841876360548034
EpistemeAI_DeepThinkers-Phi4,EpistemeAI/DeepThinkers-Phi4,67.69658045478215,67.90415739665394,53.786668719353166,24,55.429442776454486,-1.6427740571013203
EpistemeAI_FineLlama3.1-8B-Instruct,EpistemeAI/FineLlama3.1-8B-Instruct,45.443499392466585,45.57363538416332,23.506618815003453,24,24.725813351099646,-1.219194536096193
EpistemeAI_Fireball-12B,EpistemeAI/Fireball-12B,51.01544870682173,51.108936525482626,30.666711502632054,24,32.41369560191002,-1.7469840992779666
EpistemeAI_Fireball-12B-v1.13a-philosophers,EpistemeAI/Fireball-12B-v1.13a-philosophers,50.98073251171672,51.02697700597863,30.33623264030357,24,32.36579602402336,-2.0295633837197897
EpistemeAI_Fireball-Alpaca-Llama-3.1-8B-Philos-DPO-200,EpistemeAI/Fireball-Alpaca-Llama-3.1-8B-Philos-DPO-200,48.25551119597292,48.38398624677179,26.377774027551386,24,28.605679159919838,-2.227905132368452
EpistemeAI_Fireball-Alpaca-Llama3.1.07-8B-Philos-Math-KTO-beta,EpistemeAI/Fireball-Alpaca-Llama3.1.07-8B-Philos-Math-KTO-beta,48.53324075681305,48.64890213966847,26.897964171299805,24,28.988875783013185,-2.0909116117133806
EpistemeAI_Fireball-Alpaca-Llama3.1.08-8B-Philos-C-R2,EpistemeAI/Fireball-Alpaca-Llama3.1.08-8B-Philos-C-R2,49.15813226870335,49.320274790202085,28.24700927539328,24,29.85106818497323,-1.6040589095799476
EpistemeAI_Fireball-Meta-Llama-3.1-8B-Instruct-0.001-128K-auto,EpistemeAI/Fireball-Meta-Llama-3.1-8B-Instruct-0.001-128K-auto,48.047214025342825,48.23644760491405,26.832966985874886,24,28.31828169259983,-1.4853147067249424
EpistemeAI_Fireball-Meta-Llama-3.1-8B-Instruct-Agent-0.003-128K,EpistemeAI/Fireball-Meta-Llama-3.1-8B-Instruct-Agent-0.003-128K,48.79361222010068,48.97319921686054,28.02516078188715,24,29.34812261716321,-1.322961835276061
EpistemeAI_Fireball-Meta-Llama-3.1-8B-Instruct-Agent-0.003-128K-code,EpistemeAI/Fireball-Meta-Llama-3.1-8B-Instruct-Agent-0.003-128K-code,48.75889602499566,49.04191122627007,28.17188778217276,24,29.300223039276535,-1.1283352571037746
EpistemeAI_Fireball-Meta-Llama-3.1-8B-Instruct-Agent-0.003-128K-code-ds,EpistemeAI/Fireball-Meta-Llama-3.1-8B-Instruct-Agent-0.003-128K-code-ds,46.45026905051206,46.68070143164939,24.46265416899608,24,26.114901109813047,-1.6522469408169655
EpistemeAI_Fireball-Meta-Llama-3.1-8B-Instruct-Agent-0.003-128K-code-ds-auto,EpistemeAI/Fireball-Meta-Llama-3.1-8B-Instruct-Agent-0.003-128K-code-ds-auto,46.18989758722444,46.3443453814005,24.58673708035273,24,25.755654275663037,-1.168917195310307
EpistemeAI_Fireball-Meta-Llama-3.1-8B-Instruct-Agent-0.004-128K-code-COT,EpistemeAI/Fireball-Meta-Llama-3.1-8B-Instruct-Agent-0.004-128K-code-COT,47.52647109876757,47.60520079608935,25.82086537586569,24,27.599788024299787,-1.7789226484340972
EpistemeAI_Fireball-Meta-Llama-3.1-8B-Instruct-Agent-0.004-128K-code-ds-auto,EpistemeAI/Fireball-Meta-Llama-3.1-8B-Instruct-Agent-0.004-128K-code-ds-auto,47.995139732685296,48.17795525811035,26.45205960447092,24,28.246432325769817,-1.7943727212988954
EpistemeAI_Fireball-Meta-Llama-3.1-8B-Instruct-Math,EpistemeAI/Fireball-Meta-Llama-3.1-8B-Instruct-Math,49.64415900017358,49.829504320793056,28.95934409387967,24,30.521662275386596,-1.562318181506928
EpistemeAI_Fireball-Meta-Llama-3.2-8B-Instruct-agent-003-128k-code-DPO,EpistemeAI/Fireball-Meta-Llama-3.2-8B-Instruct-agent-003-128k-code-DPO,47.83891685471272,48.01014153797022,26.31787775764873,24,28.030884225279806,-1.7130064676310752
EpistemeAI_Fireball-Mistral-Nemo-Base-2407-v1-DPO2,EpistemeAI/Fireball-Mistral-Nemo-Base-2407-v1-DPO2,49.522652317306026,49.6776875903509,28.56782489270228,24,30.35401375278326,-1.7861888600809799
EpistemeAI_Fireball-R1-Llama-3.1-8B,EpistemeAI/Fireball-R1-Llama-3.1-8B,36.2089914945322,36.43497790149684,10.273656027098816,24,11.984525633245692,-1.7108696061468756
EpistemeAI_Llama-3.2-3B-Agent007-Coder,EpistemeAI/Llama-3.2-3B-Agent007-Coder,43.04808193022045,43.03758760727904,19.02580948500905,24,21.42074247691949,-2.3949329919104407
EpistemeAI_Mistral-Nemo-Instruct-12B-Philosophy-Math,EpistemeAI/Mistral-Nemo-Instruct-12B-Philosophy-Math,53.428224266620376,53.649283420813724,33.835810999564586,24,35.74271626503352,-1.9069052654689358
EpistemeAI_OpenReasoner-Llama-3.2-3B-rs1.0,EpistemeAI/OpenReasoner-Llama-3.2-3B-rs1.0,44.92275646589134,45.185934849403964,22.80780815942809,24,24.007319682799615,-1.1995115233715232
EpistemeAI_Polypsyche-Llama-3.1-8B-Instruct-Agent-0.003-128K-code-ds-auto-Empathy,EpistemeAI/Polypsyche-Llama-3.1-8B-Instruct-Agent-0.003-128K-code-ds-auto-Empathy,46.172539489671934,46.279874531423665,24.419414132832703,24,25.731704486719696,-1.3122903538869934
EpistemeAI_Polypsyche-Llama-3.1-8B-Instruct-Agent-0.003-128K-code-ds-auto-Logic,EpistemeAI/Polypsyche-Llama-3.1-8B-Instruct-Agent-0.003-128K-code-ds-auto-Logic,45.53028988022913,45.659361690861296,23.576450573055748,24,24.845562295816322,-1.2691117227605737
EpistemeAI_Polypsyche-Llama-3.1-8B-Instruct-Agent-0.003-128K-code-ds-auto-divergent,EpistemeAI/Polypsyche-Llama-3.1-8B-Instruct-Agent-0.003-128K-code-ds-auto-divergent,44.97483075854886,45.24732961901791,22.89036811976203,24,24.079169049629616,-1.1888009298675861
EpistemeAI_Reasoning-Llama-3.1-CoT-RE1-NMT,EpistemeAI/Reasoning-Llama-3.1-CoT-RE1-NMT,47.300815830584966,47.35756386397452,25.54405444475448,24,27.288440768036438,-1.744386323281958
EpistemeAI_Reasoning-Llama-3.1-CoT-RE1-NMT-V2-ORPO,EpistemeAI/Reasoning-Llama-3.1-CoT-RE1-NMT-V2-ORPO,47.87363304981774,48.042190472114235,25.89560083857891,24,28.07878380316648,-2.1831829645875693
EpistemeAI_Reasoning-Llama-3.2-1B-Instruct-v1.2,EpistemeAI/Reasoning-Llama-3.2-1B-Instruct-v1.2,32.99774344731817,33.24495305251265,6.5772148357059725,24,7.553814678728806,-0.9765998430228331
EpistemeAI_Reasoning-Llama-3.2-1B-Instruct-v1.3,EpistemeAI/Reasoning-Llama-3.2-1B-Instruct-v1.3,32.32077764277035,32.62818751942827,6.111150533529301,24,6.619772909938764,-0.5086223764094626
EpistemeAI_Reasoning-Llama-3.2-3B-Math-Instruct-RE1,EpistemeAI/Reasoning-Llama-3.2-3B-Math-Instruct-RE1,43.70768963721576,43.810846923178865,20.728881523559497,24,22.330834456766194,-1.6019529332066966
EpistemeAI_Reasoning-Llama-3.2-3B-Math-Instruct-RE1-ORPO,EpistemeAI/Reasoning-Llama-3.2-3B-Math-Instruct-RE1-ORPO,44.97483075854886,45.181862491313005,23.004650311661734,24,24.079169049629616,-1.0745187379678818
EpistemeAI_ReasoningCore-3B-T1_1,EpistemeAI/ReasoningCore-3B-T1_1,45.00954695365388,45.2394245170608,23.094998793873295,24,24.127068627516287,-1.0320698336429928
Eric111_CatunaMayo,Eric111/CatunaMayo,52.26523173060232,52.43635518600797,33.299425909067885,24,34.13808040583011,-0.8386544967622243
Eric111_CatunaMayo-DPO,Eric111/CatunaMayo-DPO,52.03957646241972,52.239913238442426,33.08995159999345,24,33.826733149566756,-0.7367815495733083
Etherll_Chocolatine-3B-Instruct-DPO-Revised-Ties,Etherll/Chocolatine-3B-Instruct-DPO-Revised-Ties,53.96632529074813,54.10649663618229,35.58334267696659,24,36.48515972227688,-0.9018170453102954
Etherll_Chocolatine-3B-Instruct-DPO-Revised-Ties-v2,Etherll/Chocolatine-3B-Instruct-DPO-Revised-Ties-v2,53.96632529074813,54.10649663618229,35.58334267696659,24,36.48515972227688,-0.9018170453102954
Etherll_Herplete-LLM-Llama-3.1-8b,Etherll/Herplete-LLM-Llama-3.1-8b,53.39350807151536,53.472533559298036,28.952590926070883,24,35.694816687146854,-6.7422257610759715
Etherll_Herplete-LLM-Llama-3.1-8b-Ties,Etherll/Herplete-LLM-Llama-3.1-8b-Ties,53.28935948620031,53.379759532508764,33.07089034564546,24,35.551117953486845,-2.4802276078413854
Etherll_Qwen2.5-7B-della-test,Etherll/Qwen2.5-7B-della-test,54.174622461378235,54.47331985391859,35.54689390845198,24,36.7725571895969,-1.225663281144925
Etherll_Qwen2.5-Coder-7B-Instruct-Ties,Etherll/Qwen2.5-Coder-7B-Instruct-Ties,48.67210553723312,48.95144464043051,28.008294264156472,24,29.180474094559873,-1.172179830403401
Etherll_Replete-LLM-V3-Llama-3.1-8b,Etherll/Replete-LLM-V3-Llama-3.1-8b,45.165769831626456,45.43377420594779,22.902455222412783,24,24.3426167280063,-1.4401615055935153
Etherll_SuperHermes,Etherll/SuperHermes,52.629751779205,52.89531792679852,32.84031674117277,24,34.64102597364014,-1.8007092324673692
Eurdem_Defne-llama3.1-8B,Eurdem/Defne-llama3.1-8B,52.90748134004513,53.091831263407734,32.822381370434904,24,35.02422259673349,-2.2018412262985834
FINGU-AI_L3-8B,FINGU-AI/L3-8B,49.73094948793612,49.85585187130109,28.805821240438444,24,30.641411220103272,-1.835589979664828
FINGU-AI_Phi-4-RRStock,FINGU-AI/Phi-4-RRStock,64.22496094428051,64.43442865581454,48.68220452265962,24,50.6394849877876,-1.9572804651279796
FINGU-AI_Q-Small-3B,FINGU-AI/Q-Small-3B,42.909217149800384,43.18531455763074,21.386476977673595,24,21.229144165372812,0.15733281230078333
FINGU-AI_QwQ-Buddy-32B-Alpha,FINGU-AI/QwQ-Buddy-32B-Alpha,64.01666377365041,64.2442234274039,48.730953196766194,24,50.35208752046757,-1.6211343237013764
FINGU-AI_RomboUltima-32B,FINGU-AI/RomboUltima-32B,69.0678701614303,69.38448333620043,56.67376969863417,24,57.32147610297791,-0.6477064043437437
FallenMerick_Chewy-Lemon-Cookie-11B,FallenMerick/Chewy-Lemon-Cookie-11B,52.2131574379448,52.51122307375103,33.01430008846961,24,34.06623103900011,-1.0519309505304975
Felladrin_Llama-160M-Chat-v1,Felladrin/Llama-160M-Chat-v1,29.977434473181738,30.360811146348365,3.166755569392556,24,3.3865514025886037,-0.21979583319604767
Felladrin_Minueza-32M-UltraChat,Felladrin/Minueza-32M-UltraChat,29.16160388821385,29.414787340489244,2.4372895622895623,24,2.2609113222518817,0.17637824003768054
FlofloB_100k_fineweb_continued_pretraining_Qwen2.5-0.5B-Instruct_Unsloth_merged_16bit,FlofloB/100k_fineweb_continued_pretraining_Qwen2.5-0.5B-Instruct_Unsloth_merged_16bit,33.11925013018573,33.23387445789459,7.347825006715015,24,7.721463201332153,-0.3736381946171381
FlofloB_10k_continued_pretraining_Phi-3-mini-4k-instruct_Unsloth_merged_16bit,FlofloB/10k_continued_pretraining_Phi-3-mini-4k-instruct_Unsloth_merged_16bit,52.03957646241972,52.14989784123592,32.60779983085876,24,33.826733149566756,-1.2189333187079967
FlofloB_10k_continued_pretraining_Qwen2.5-0.5B-Instruct_Unsloth_merged_16bit,FlofloB/10k_continued_pretraining_Qwen2.5-0.5B-Instruct_Unsloth_merged_16bit,32.92831105710814,33.05518729746925,7.530228683558659,24,7.458015522955469,0.07221316060318994
FlofloB_40k_continued_pretraining_Qwen2.5-0.5B-Instruct_Unsloth_merged_16bit,FlofloB/40k_continued_pretraining_Qwen2.5-0.5B-Instruct_Unsloth_merged_16bit,33.10189203263322,33.246082656550385,7.532089563374818,24,7.697513412388816,-0.16542384901399831
FlofloB_83k_continued_pretraining_Qwen2.5-0.5B-Instruct_Unsloth_merged_16bit,FlofloB/83k_continued_pretraining_Qwen2.5-0.5B-Instruct_Unsloth_merged_16bit,33.44905398368339,33.4653407016045,8.132273330945772,24,8.176509191255512,-0.04423586030974036
FlofloB_smollm2-135M_pretrained_1000k_fineweb,FlofloB/smollm2-135M_pretrained_1000k_fineweb,28.79708383961118,29.179394082062277,2.708743994249611,24,1.7579657544418603,0.9507782398077509
FlofloB_smollm2-135M_pretrained_1000k_fineweb_uncovai_human_removed,FlofloB/smollm2-135M_pretrained_1000k_fineweb_uncovai_human_removed,30.37667071688943,30.664261456748033,3.2742669103063946,24,3.937396548285298,-0.6631296379789036
FlofloB_smollm2-135M_pretrained_1000k_fineweb_uncovai_selected,FlofloB/smollm2-135M_pretrained_1000k_fineweb_uncovai_selected,28.97066481513626,29.317781029884355,2.113413506540018,24,1.997463643875203,0.115949862664815
FlofloB_smollm2-135M_pretrained_1200k_fineweb,FlofloB/smollm2-135M_pretrained_1200k_fineweb,29.022739107793786,29.409841468035296,2.2372961213751537,24,2.069313010705208,0.16798311066994565
FlofloB_smollm2-135M_pretrained_1200k_fineweb_uncovai_human_removed,FlofloB/smollm2-135M_pretrained_1200k_fineweb_uncovai_human_removed,29.248394375976392,29.49621210063496,2.849419191919192,24,2.3806602669685555,0.4687589249506363
FlofloB_smollm2-135M_pretrained_1200k_fineweb_uncovai_selected,FlofloB/smollm2-135M_pretrained_1200k_fineweb_uncovai_selected,29.248394375976392,29.604672415652146,2.206545314818884,24,2.3806602669685555,-0.17411495214967143
FlofloB_smollm2-135M_pretrained_1400k_fineweb,FlofloB/smollm2-135M_pretrained_1400k_fineweb,28.849158132268702,29.217819509182494,2.1601002436397274,24,1.8298151212718605,0.3302851223678669
FlofloB_smollm2-135M_pretrained_1400k_fineweb_uncovai_human_removed,FlofloB/smollm2-135M_pretrained_1400k_fineweb_uncovai_human_removed,29.612914424579067,29.92388897714206,2.630029274903698,24,2.883605834778582,-0.25357655987488403
FlofloB_smollm2-135M_pretrained_1400k_fineweb_uncovai_selected,FlofloB/smollm2-135M_pretrained_1400k_fineweb_uncovai_selected,28.849158132268702,29.167295751748302,2.631616005839404,24,1.8298151212718605,0.8018008845675433
FlofloB_smollm2-135M_pretrained_200k_fineweb_uncovai_human_removed,FlofloB/smollm2-135M_pretrained_200k_fineweb_uncovai_human_removed,29.977434473181738,30.28737212320948,2.8225402293478967,24,3.3865514025886037,-0.5640111732407069
FlofloB_smollm2-135M_pretrained_200k_fineweb_uncovai_selected,FlofloB/smollm2-135M_pretrained_200k_fineweb_uncovai_selected,28.98802291268877,29.271864966060026,2.3223515642593,24,2.0214134328185396,0.3009381314407604
FlofloB_smollm2-135M_pretrained_400k_fineweb,FlofloB/smollm2-135M_pretrained_400k_fineweb,29.404617253948967,29.72340457696504,1.889766073379756,24,2.596208367458566,-0.70644229407881
FlofloB_smollm2-135M_pretrained_400k_fineweb_uncovai_human_removed,FlofloB/smollm2-135M_pretrained_400k_fineweb_uncovai_human_removed,30.151015448706822,30.488044228283616,3.575492461700485,24,3.626049292021951,-0.05055683032146607
FlofloB_smollm2-135M_pretrained_400k_fineweb_uncovai_selected,FlofloB/smollm2-135M_pretrained_400k_fineweb_uncovai_selected,28.953306717583754,29.251717205555178,2.073466032877798,24,1.9735138549318707,0.09995217794592737
FlofloB_smollm2-135M_pretrained_600k_fineweb,FlofloB/smollm2-135M_pretrained_600k_fineweb,29.717063009894115,30.13718229200533,3.4240529327139213,24,3.0273045684385873,0.396748364275334
FlofloB_smollm2-135M_pretrained_600k_fineweb_uncovai_human_removed,FlofloB/smollm2-135M_pretrained_600k_fineweb_uncovai_human_removed,29.75177920499913,30.00167872625704,2.418749257278669,24,3.0752041463252557,-0.6564548890465867
FlofloB_smollm2-135M_pretrained_600k_fineweb_uncovai_selected,FlofloB/smollm2-135M_pretrained_600k_fineweb_uncovai_selected,29.508765839264015,29.83444769655102,2.165156425929996,24,2.739907101118572,-0.574750675188576
FlofloB_smollm2-135M_pretrained_800k_fineweb,FlofloB/smollm2-135M_pretrained_800k_fineweb,29.231036278423886,29.594449748780253,2.348388410325006,24,2.3567104780252235,-0.008322067700217595
FlofloB_smollm2-135M_pretrained_800k_fineweb_uncovai_human_removed,FlofloB/smollm2-135M_pretrained_800k_fineweb_uncovai_human_removed,30.06422496094428,30.380966602712842,3.210703163941808,24,3.5063003473052774,-0.2955971833634692
FlofloB_smollm2-135M_pretrained_800k_fineweb_uncovai_selected,FlofloB/smollm2-135M_pretrained_800k_fineweb_uncovai_selected,29.057455302898802,29.428080655352517,1.9228579509844617,24,2.117212588591876,-0.19435463760741434
FlofloB_smollm2_pretrained_200k_fineweb,FlofloB/smollm2_pretrained_200k_fineweb,29.595556327026557,29.946842722144897,2.872523000621309,24,2.859656045835245,0.012866954786063811
FlofloB_test_continued_pretraining_Phi-3-mini-4k-instruct_Unsloth_merged_16bit,FlofloB/test_continued_pretraining_Phi-3-mini-4k-instruct_Unsloth_merged_16bit,52.386738413469885,52.408291897782526,32.882433170322564,24,34.30572892843345,-1.4232957581108892
FuJhen_ft-openhermes-25-mistral-7b-irca-dpo-pairs,FuJhen/ft-openhermes-25-mistral-7b-irca-dpo-pairs,47.47439680611005,47.73032389554811,26.59686097043189,24,27.527938657469786,-0.9310776870378952
FuJhen_mistral-instruct-7B-DPO,FuJhen/mistral-instruct-7B-DPO,46.207255684776946,46.239050561386215,24.92582719493644,24,25.779604064606364,-0.8537768696699253
FuJhen_mistral_7b_v0.1_structedData_e2e,FuJhen/mistral_7b_v0.1_structedData_e2e,40.96511022391946,41.13914854984489,18.06242392393546,24,18.546767803719348,-0.48434387978388926
FuJhen_mistral_7b_v0.1_structedData_viggo,FuJhen/mistral_7b_v0.1_structedData_viggo,45.113695538968926,45.238634545986805,23.960171694414896,24,24.27076736117629,-0.31059566676139383
FuseAI_FuseChat-7B-v2.0,FuseAI/FuseChat-7B-v2.0,49.24492275646589,49.54212795868764,29.341638180782923,24,29.9708171296899,-0.6291789489069792
FuseAI_FuseChat-Llama-3.1-8B-Instruct,FuseAI/FuseChat-Llama-3.1-8B-Instruct,50.9460163166117,51.198878983499036,30.84806521622957,24,32.317896446136686,-1.4698312299071148
FuseAI_FuseChat-Llama-3.2-3B-Instruct,FuseAI/FuseChat-Llama-3.2-3B-Instruct,46.39819475785454,46.58367922175517,24.2199004496583,24,26.043051742983046,-1.8231512933247451
FuseAI_FuseChat-Qwen-2.5-7B-Instruct,FuseAI/FuseChat-Qwen-2.5-7B-Instruct,54.97309494879361,55.2599883615556,36.25134763068275,24,37.874247480990284,-1.6228998503075331
GalrionSoftworks_MN-LooseCannon-12B-v1,GalrionSoftworks/MN-LooseCannon-12B-v1,50.911300121506684,51.28183808679558,29.97606209295129,24,32.26999686825002,-2.2939347752987267
GalrionSoftworks_MagnusIntellectus-12B-v1,GalrionSoftworks/MagnusIntellectus-12B-v1,52.82069085228259,53.230104762461316,33.26225439614359,24,34.90447365201681,-1.642219255873222
GenVRadmin_AryaBhatta-GemmaOrca-2-Merged,GenVRadmin/AryaBhatta-GemmaOrca-2-Merged,38.43082798125325,38.87493166323577,13.66159169666284,24,15.050098617992505,-1.3885069213296646
GenVRadmin_AryaBhatta-GemmaOrca-Merged,GenVRadmin/AryaBhatta-GemmaOrca-Merged,41.086616906787015,41.30633897394575,17.68358820544961,24,18.714416326322684,-1.0308281208730747
GenVRadmin_AryaBhatta-GemmaUltra-Merged,GenVRadmin/AryaBhatta-GemmaUltra-Merged,41.121333101892034,41.414453784648174,17.96825031857262,24,18.76231590420936,-0.7940655856367407
GenVRadmin_llama38bGenZ_Vikas-Merged,GenVRadmin/llama38bGenZ_Vikas-Merged,45.21784412428398,45.35981003984563,23.13191042200777,24,24.4144660948363,-1.2825556728285292
GoToCompany_gemma2-9b-cpt-sahabatai-v1-instruct,GoToCompany/gemma2-9b-cpt-sahabatai-v1-instruct,59.48620031244575,59.545517511578765,41.86650373118869,24,44.10119260625726,-2.2346888750685636
GoToCompany_llama3-8b-cpt-sahabatai-v1-instruct,GoToCompany/llama3-8b-cpt-sahabatai-v1-instruct,49.36642943933345,49.51292004509418,28.53952939391592,24,30.13846565229325,-1.5989362583773286
Goekdeniz-Guelmez_Josiefied-Qwen2.5-0.5B-Instruct-abliterated-v1,Goekdeniz-Guelmez/Josiefied-Qwen2.5-0.5B-Instruct-abliterated-v1,32.54643291095296,32.683063456958195,6.845785955173547,24,6.931120166202111,-0.08533421102856398
Goekdeniz-Guelmez_Josiefied-Qwen2.5-1.5B-Instruct-abliterated-v1,Goekdeniz-Guelmez/Josiefied-Qwen2.5-1.5B-Instruct-abliterated-v1,41.485853150494705,41.860073153192594,18.30601328940368,24,19.265261472019382,-0.9592481826157027
Goekdeniz-Guelmez_Josiefied-Qwen2.5-1.5B-Instruct-abliterated-v2,Goekdeniz-Guelmez/Josiefied-Qwen2.5-1.5B-Instruct-abliterated-v2,40.09720534629405,40.418921704436734,16.499503211302823,24,17.349278356552624,-0.8497751452498008
Goekdeniz-Guelmez_Josiefied-Qwen2.5-1.5B-Instruct-abliterated-v3,Goekdeniz-Guelmez/Josiefied-Qwen2.5-1.5B-Instruct-abliterated-v3,40.2187120291616,40.53446177133173,16.439711885397813,24,17.51692687915596,-1.0772149937581474
Goekdeniz-Guelmez_Josiefied-Qwen2.5-14B-Instruct-abliterated-v4,Goekdeniz-Guelmez/Josiefied-Qwen2.5-14B-Instruct-abliterated-v4,63.32233987155008,63.55637424320617,48.05226992969286,24,49.39409596273418,-1.3418260330413148
Goekdeniz-Guelmez_Josiefied-Qwen2.5-7B-Instruct-abliterated-v2,Goekdeniz-Guelmez/Josiefied-Qwen2.5-7B-Instruct-abliterated-v2,52.85540704738761,53.09672164610733,33.33398601463088,24,34.952373229903486,-1.6183872152726053
Goekdeniz-Guelmez_j.o.s.i.e.v4o-1.5b-dpo-stage1-v1,Goekdeniz-Guelmez/j.o.s.i.e.v4o-1.5b-dpo-stage1-v1,40.86096163860441,41.24210163363483,17.748016873381815,24,18.40306907005934,-0.6550521966775236
Goekdeniz-Guelmez_josie-3b-v6.0,Goekdeniz-Guelmez/josie-3b-v6.0,44.749175490366255,44.961478422647836,22.87108835512943,24,23.767821793366267,-0.8967334382368364
Goekdeniz-Guelmez_josie-7b-v6.0,Goekdeniz-Guelmez/josie-7b-v6.0,50.9460163166117,51.04855208094124,30.44475330982171,24,32.317896446136686,-1.873143136314976
Goekdeniz-Guelmez_josie-7b-v6.0-step2000,Goekdeniz-Guelmez/josie-7b-v6.0-step2000,50.859225828849155,51.071268063664114,30.081094189593973,24,32.19814750142001,-2.1170533118260373
GreenNode_GreenNode-small-9B-it,GreenNode/GreenNode-small-9B-it,59.83336226349592,59.938387400519694,41.899925635193455,24,44.58018838512395,-2.680262749930492
GritLM_GritLM-7B-KTO,GritLM/GritLM-7B-KTO,48.06457212289533,48.529371968469206,27.904317623033844,24,28.342231481543156,-0.43791385850931164
GritLM_GritLM-8x7B-KTO,GritLM/GritLM-8x7B-KTO,57.889255337615,58.203043623314976,40.8261615594601,24,41.897812023470486,-1.0716504640103892
Groq_Llama-3-Groq-8B-Tool-Use,Groq/Llama-3-Groq-8B-Tool-Use,48.46380836660302,48.63384977901497,27.254234386573227,24,28.89307662723985,-1.638842240666623
Gryphe_Pantheon-RP-1.0-8b-Llama-3,Gryphe/Pantheon-RP-1.0-8b-Llama-3,45.21784412428398,45.39075127777334,23.631914688111305,24,24.4144660948363,-0.7825514067249948
Gryphe_Pantheon-RP-1.5-12b-Nemo,Gryphe/Pantheon-RP-1.5-12b-Nemo,51.675056413817046,51.9582216884963,31.750144021634004,24,33.32378758175673,-1.5736435601227292
Gryphe_Pantheon-RP-1.6-12b-Nemo,Gryphe/Pantheon-RP-1.6-12b-Nemo,51.7792049991321,52.04007434392454,31.68734382617837,24,33.46748631541674,-1.7801424892383721
Gryphe_Pantheon-RP-1.6-12b-Nemo-KTO,Gryphe/Pantheon-RP-1.6-12b-Nemo-KTO,52.47352890123243,52.76980814125921,33.032200369425645,24,34.42547787315013,-1.3932775037244838
Gryphe_Pantheon-RP-Pure-1.6.2-22b-Small,Gryphe/Pantheon-RP-Pure-1.6.2-22b-Small,52.629751779205,53.04537230538599,31.68316320987065,24,34.64102597364014,-2.9578627637694908
Gunulhona_Gemma-Ko-Merge,Gunulhona/Gemma-Ko-Merge,58.02812011803506,58.130272589817274,38.78719707326869,24,42.08941033501716,-3.30221326174847
Gunulhona_Gemma-Ko-Merge-PEFT,Gunulhona/Gemma-Ko-Merge-PEFT,48.359659781287974,48.62989687822462,30.18627333134207,24,28.749377893579847,1.436895437762221
HPAI-BSC_Llama3-Aloe-8B-Alpha,HPAI-BSC/Llama3-Aloe-8B-Alpha,48.13400451310537,48.30853296612697,27.145977577581775,24,28.4380306373165,-1.2920530597347266
HPAI-BSC_Llama3.1-Aloe-Beta-8B,HPAI-BSC/Llama3.1-Aloe-Beta-8B,51.46675924318695,51.703367356989396,30.36962478134476,24,33.03639011443673,-2.6667653330919663
HPAI-BSC_Qwen2.5-Aloe-Beta-7B,HPAI-BSC/Qwen2.5-Aloe-Beta-7B,50.04339524388127,50.48995904321122,30.33160459968833,24,31.072507421083294,-0.7409028213949647
Hastagaras_Llama-3.1-Jamet-8B-MK.I,Hastagaras/Llama-3.1-Jamet-8B-MK.I,50.35584099982642,50.48666433733161,29.503904748319474,24,31.503603622063313,-1.9996988737438386
Hastagaras_Zabuza-8B-Llama-3.1,Hastagaras/Zabuza-8B-Llama-3.1,45.252560319389,45.38915742546197,23.220320849670458,24,24.46236567272297,-1.2420448230525132
HelpingAI_Cipher-20B,HelpingAI/Cipher-20B,60.09373372678355,60.324327435369185,43.43973598811683,24,44.939435219273975,-1.4996992311571447
HelpingAI_Priya-10B,HelpingAI/Priya-10B,44.26314875889602,44.41457310476767,19.96679684299346,24,23.0972277029529,-3.1304308599594393
HelpingAI_Priya-3B,HelpingAI/Priya-3B,39.40288144419372,39.611848633278434,14.335273409626751,24,16.391286798819245,-2.0560133891924934
HeraiHench_Double-Down-Qwen-Math-7B,HeraiHench/Double-Down-Qwen-Math-7B,28.18955042527339,28.446135142038685,1.9548697694104624,24,0.9197231414251494,1.035146627985313
HeraiHench_Marge-Qwen-Math-7B,HeraiHench/Marge-Qwen-Math-7B,30.411386911994445,30.688460243683014,3.363509103932151,24,3.9852961261719666,-0.6217870222398156
HeraiHench_Phi-4-slerp-ReasoningRP-14B,HeraiHench/Phi-4-slerp-ReasoningRP-14B,41.850373199097376,41.95719145844634,18.8853764817121,24,19.768207039829402,-0.8828305581173019
HiroseKoichi_Llama-Salad-4x8B-V3,HiroseKoichi/Llama-Salad-4x8B-V3,52.2131574379448,52.44649789001753,31.92884881074505,24,34.06623103900011,-2.13738222825506
HoangHa_Pensez-Llama3.1-8B,HoangHa/Pensez-Llama3.1-8B,46.50234334316959,46.69131351450566,24.84515798598393,24,26.186750476643056,-1.3415924906591243
HuggingFaceH4_zephyr-7b-alpha,HuggingFaceH4/zephyr-7b-alpha,45.565006075334146,45.82863505904411,23.890291427068444,24,24.893461873702993,-1.0031704466345488
HuggingFaceH4_zephyr-7b-beta,HuggingFaceH4/zephyr-7b-beta,43.06544002777296,43.1582191918003,21.487542182806735,24,21.444692265862823,0.04284991694391138
HuggingFaceH4_zephyr-7b-gemma-v0.1,HuggingFaceH4/zephyr-7b-gemma-v0.1,46.207255684776946,46.30757486589862,23.751162749201274,24,25.779604064606364,-2.0284413154050895
HuggingFaceH4_zephyr-orpo-141b-A35b-v0.1,HuggingFaceH4/zephyr-orpo-141b-A35b-v0.1,62.69744835965978,62.90439728524094,47.5037962865412,24,48.53190356077414,-1.0281072742329371
HuggingFaceTB_SmolLM-1.7B,HuggingFaceTB/SmolLM-1.7B,31.55702135045999,31.805165389647822,4.4111278515492005,24,5.565982196432047,-1.154854344882846
HuggingFaceTB_SmolLM-1.7B-Instruct,HuggingFaceTB/SmolLM-1.7B-Instruct,28.48463808366603,28.851114363217686,2.0803742908537424,24,1.326869553461839,0.7535047373919033
HuggingFaceTB_SmolLM-135M,HuggingFaceTB/SmolLM-135M,30.08158305849679,30.46054260062988,3.2853998220852616,24,3.530250136248614,-0.24485031416335223
HuggingFaceTB_SmolLM-135M-Instruct,HuggingFaceTB/SmolLM-135M-Instruct,29.838569692761673,30.15081678997876,2.69295800470458,24,3.194953091041929,-0.5019950863373492
HuggingFaceTB_SmolLM-360M,HuggingFaceTB/SmolLM-360M,30.27252213157438,30.64516033315253,3.284915303246592,24,3.793697814625293,-0.5087825113787008
HuggingFaceTB_SmolLM-360M-Instruct,HuggingFaceTB/SmolLM-360M-Instruct,28.48463808366603,28.851114363217686,2.0803742908537424,24,1.326869553461839,0.7535047373919033
HuggingFaceTB_SmolLM2-1.7B,HuggingFaceTB/SmolLM2-1.7B,34.282242666203786,34.52594377166261,9.301788459551682,24,9.326099060535565,-0.024310600983882935
HuggingFaceTB_SmolLM2-1.7B-Instruct,HuggingFaceTB/SmolLM2-1.7B-Instruct,35.670890470404444,35.98617531415157,10.917989226208066,24,11.242082176002324,-0.32409294979425773
HuggingFaceTB_SmolLM2-135M,HuggingFaceTB/SmolLM2-135M,30.151015448706822,30.442342468771404,3.70807758683998,24,3.626049292021951,0.08202829481802887
HuggingFaceTB_SmolLM2-135M-Instruct,HuggingFaceTB/SmolLM2-135M-Instruct,31.05363652143725,31.347502947335897,4.720807660805284,24,4.871438317075346,-0.1506306562700619
HuggingFaceTB_SmolLM2-360M,HuggingFaceTB/SmolLM2-360M,32.14719666724527,32.33478044302361,5.543603155369513,24,6.380275020505416,-0.8366718651359033
HuggingFaceTB_SmolLM2-360M-Instruct,HuggingFaceTB/SmolLM2-360M-Instruct,31.227217496962332,31.435050538888515,3.2990473293233173,24,5.110936206508689,-1.8118888771853716
HumanLLMs_Humanish-LLama3-8B-Instruct,HumanLLMs/Humanish-LLama3-8B-Instruct,49.435861829543484,49.67709662789654,28.012476599572,24,30.234264808066584,-2.2217882084945835
HumanLLMs_Humanish-Mistral-Nemo-Instruct-2407,HumanLLMs/Humanish-Mistral-Nemo-Instruct-2407,52.28258982815483,52.617807725326124,32.70961342122556,24,34.16203019477344,-1.4524167735478812
HumanLLMs_Humanish-Qwen2.5-7B-Instruct,HumanLLMs/Humanish-Qwen2.5-7B-Instruct,53.41086616906787,53.63681457807072,34.47899758661866,24,35.71876647609019,-1.2397688894715273
IDEA-CCNL_Ziya-LLaMA-13B-v1,IDEA-CCNL/Ziya-LLaMA-13B-v1,28.449921888561015,28.770292445409467,1.4636170460989155,24,1.2789699755751704,0.18464707052374507
INSAIT-Institute_BgGPT-Gemma-2-27B-IT-v1.0,INSAIT-Institute/BgGPT-Gemma-2-27B-IT-v1.0,28.762367644506163,29.117781029884352,2.3470409575204094,24,1.7100661765551917,0.6369747809652178
IlyaGusev_gemma-2-2b-it-abliterated,IlyaGusev/gemma-2-2b-it-abliterated,40.808887345946886,41.18601326211988,16.796334504661765,24,18.331219703229337,-1.5348851985675722
IlyaGusev_gemma-2-9b-it-abliterated,IlyaGusev/gemma-2-9b-it-abliterated,58.98281548342302,59.063299776093004,40.82468502686295,24,43.40664872690056,-2.581963700037612
Infinirc_Infinirc-Llama3-8B-2G-Release-v1.0,Infinirc/Infinirc-Llama3-8B-2G-Release-v1.0,43.41260197882312,43.50743566823794,20.83116494676627,24,21.92368804472951,-1.092523097963241
Intel_neural-chat-7b-v3,Intel/neural-chat-7b-v3,50.23433431695886,50.483162213631026,30.205692320538088,24,31.335955099459966,-1.1302627789218782
Intel_neural-chat-7b-v3-1,Intel/neural-chat-7b-v3-1,50.3037667071689,50.51565464054848,29.7397523676162,24,31.43175425523331,-1.69200188761711
Intel_neural-chat-7b-v3-2,Intel/neural-chat-7b-v3-2,50.06075334143378,50.32226831964403,30.237457969159426,24,31.096457210026628,-0.8589992408672025
IntervitensInc_internlm2_5-20b-llamafied,IntervitensInc/internlm2_5-20b-llamafied,74.83075854886305,74.78466526577328,63.47057952429436,24,65.27280603216497,-1.802226507870607
Invalid-Null_PeiYangMe-0.5,Invalid-Null/PeiYangMe-0.5,27.59937510848811,27.90774819421661,1.4745771439889088,24,0.1054303173517803,1.3691468266371285
Invalid-Null_PeiYangMe-0.7,Invalid-Null/PeiYangMe-0.7,29.87328588786669,30.275310145886607,3.600797717385781,24,3.2428526689285984,0.35794504845718267
Isaak-Carter_JOSIEv4o-8b-stage1-v4,Isaak-Carter/JOSIEv4o-8b-stage1-v4,47.07516056240236,47.24973116620121,25.7872756997585,24,26.97709351177309,-1.1898178120145921
Isaak-Carter_Josiefied-Qwen2.5-7B-Instruct-abliterated,Isaak-Carter/Josiefied-Qwen2.5-7B-Instruct-abliterated,53.72331192501302,53.9637628446092,34.904315688323074,24,36.14986267707021,-1.2455469887471367
Isaak-Carter_Josiefied-Qwen2.5-7B-Instruct-abliterated-v2,Isaak-Carter/Josiefied-Qwen2.5-7B-Instruct-abliterated-v2,52.85540704738761,53.10923599182072,33.2945398202129,24,34.952373229903486,-1.6578334096905891
J-LAB_Thynk_orpo,J-LAB/Thynk_orpo,44.31522305155355,44.63113877870961,22.062783944144368,24,23.169077069782908,-1.1062931256385404
JackFram_llama-160m,JackFram/llama-160m,28.571428571428573,28.88021753904243,2.033606152852728,24,1.4466184981785126,0.5869876546742154
JackFram_llama-68m,JackFram/llama-68m,29.005381010241276,29.36298650933641,2.5910478068354776,24,2.045363221761871,0.5456845850736065
Jacoby746_Casual-Magnum-34B,Jacoby746/Casual-Magnum-34B,60.006943239021005,60.32046880542973,43.05156762846773,24,44.8196862745573,-1.7681186460895688
Jacoby746_Inf-Silent-Kunoichi-v0.1-2x7B,Jacoby746/Inf-Silent-Kunoichi-v0.1-2x7B,51.692414511369556,51.8546209727402,32.38700420411291,24,33.347737370700074,-0.9607331665871612
Jacoby746_Inf-Silent-Kunoichi-v0.2-2x7B,Jacoby746/Inf-Silent-Kunoichi-v0.2-2x7B,51.952785974657175,52.094172999632086,32.259183510828905,24,33.70698420485008,-1.4478006940211756
Jacoby746_Proto-Athena-4x7B,Jacoby746/Proto-Athena-4x7B,50.893942023954175,51.06547638742905,30.870822876627887,24,32.246047079306685,-1.3752242026787975
Jacoby746_Proto-Athena-v0.2-4x7B,Jacoby746/Proto-Athena-v0.2-4x7B,50.494705780246484,50.67731005424964,30.34084433030367,24,31.69520193360999,-1.354357603306319
Jacoby746_Proto-Harpy-Blazing-Light-v0.1-2x7B,Jacoby746/Proto-Harpy-Blazing-Light-v0.1-2x7B,51.622982121159524,51.868490530525946,32.63252990159268,24,33.25193821492674,-0.6194083133340555
Jacoby746_Proto-Harpy-Spark-v0.1-7B,Jacoby746/Proto-Harpy-Spark-v0.1-7B,47.07516056240236,47.35771808296548,26.913110159424864,24,26.97709351177309,-0.06398335234822738
JayHyeon_Qwen-0.5B-DPO-1epoch,JayHyeon/Qwen-0.5B-DPO-1epoch,31.800034716195103,31.907502434278587,5.543694750350672,24,5.901279241638726,-0.3575844912880539
JayHyeon_Qwen-0.5B-DPO-5epoch,JayHyeon/Qwen-0.5B-DPO-5epoch,31.001562228779726,31.12109544868782,5.056692258334079,24,4.799588950245341,0.2571033080887384
JayHyeon_Qwen-0.5B-IRPO-1epoch,JayHyeon/Qwen-0.5B-IRPO-1epoch,31.574379448012497,31.63821661005203,5.324351851851852,24,5.589931985375379,-0.2655801335235264
JayHyeon_Qwen-0.5B-IRPO-5epoch,JayHyeon/Qwen-0.5B-IRPO-5epoch,31.765318521090087,31.891656220326013,5.711334497269228,24,5.853379663752058,-0.14204516648282972
JayHyeon_Qwen-0.5B-eDPO-1epoch,JayHyeon/Qwen-0.5B-eDPO-1epoch,31.695886130880055,31.806375834506913,5.918400632703615,24,5.75758050797872,0.1608201247248946
JayHyeon_Qwen-0.5B-eDPO-5epoch,JayHyeon/Qwen-0.5B-eDPO-5epoch,30.914771741017184,30.964918238693468,5.197837690631808,24,4.679840005528668,0.5179976851031398
JayHyeon_Qwen2.5-0.5B-Instruct-SFT,JayHyeon/Qwen2.5-0.5B-Instruct-SFT,32.33813574032286,32.53697801563151,5.93241994210165,24,6.6437226988821,-0.7113027567804497
JayHyeon_Qwen2.5-0.5B-Instruct-SFT-DPO-1epoch_v1,JayHyeon/Qwen2.5-0.5B-Instruct-SFT-DPO-1epoch_v1,32.44228432563791,32.60313037664168,6.12607291013818,24,6.7874214325421,-0.6613485224039204
JayHyeon_Qwen2.5-0.5B-Instruct-SFT-IRPO-1epoch_v1,JayHyeon/Qwen2.5-0.5B-Instruct-SFT-IRPO-1epoch_v1,32.87623676445062,33.08028437367363,6.622365326648162,24,7.386166156125469,-0.7638008294773071
JayHyeon_Qwen2.5-0.5B-Instruct-SFT-MDPO-1epoch_v1,JayHyeon/Qwen2.5-0.5B-Instruct-SFT-MDPO-1epoch_v1,32.44228432563791,32.61949089625076,6.129987166860655,24,6.7874214325421,-0.6574342656814451
JayHyeon_Qwen2.5-0.5B-SFT,JayHyeon/Qwen2.5-0.5B-SFT,30.984204131227216,31.207478976310743,4.4344753335124,24,4.775639161302004,-0.34116382778960386
JayHyeon_Qwen2.5-0.5B-SFT-1e-4,JayHyeon/Qwen2.5-0.5B-SFT-1e-4,30.029508765839264,30.170928197492497,4.331493365022777,24,3.4584007694186085,0.8730925956041689
JayHyeon_Qwen2.5-0.5B-SFT-1e-4-2ep,JayHyeon/Qwen2.5-0.5B-SFT-1e-4-2ep,31.48758896024996,31.722277977193368,5.650884333531393,24,5.47018304065871,0.18070129287268344
JayHyeon_Qwen2.5-0.5B-SFT-1e-4-3ep,JayHyeon/Qwen2.5-0.5B-SFT-1e-4-3ep,30.480819302204477,30.642615568902357,4.797235096058625,24,4.081095281945304,0.7161398141133208
JayHyeon_Qwen2.5-0.5B-SFT-1e-4-5ep,JayHyeon/Qwen2.5-0.5B-SFT-1e-4-5ep,30.741190765492103,31.044747322019187,4.784241393250257,24,4.440342116095325,0.3438992771549323
JayHyeon_Qwen2.5-0.5B-SFT-1e-5,JayHyeon/Qwen2.5-0.5B-SFT-1e-5,31.088352716542268,31.39860294769257,4.213683823190269,24,4.919337894962015,-0.7056540717717459
JayHyeon_Qwen2.5-0.5B-SFT-1e-5-2ep,JayHyeon/Qwen2.5-0.5B-SFT-1e-5-2ep,31.973615691720187,32.24699194774388,5.619297426317974,24,6.140777131072073,-0.5214797047540989
JayHyeon_Qwen2.5-0.5B-SFT-1e-5-3ep,JayHyeon/Qwen2.5-0.5B-SFT-1e-5-3ep,32.23398715500781,32.46811708242142,6.246296486215907,24,6.500023965222089,-0.25372747900618187
JayHyeon_Qwen2.5-0.5B-SFT-1e-5-5ep,JayHyeon/Qwen2.5-0.5B-SFT-1e-5-5ep,32.35549383787537,32.593433895309424,6.5376144197820265,24,6.6676724878254365,-0.13005806804341002
JayHyeon_Qwen2.5-0.5B-SFT-2e-4,JayHyeon/Qwen2.5-0.5B-SFT-2e-4,29.074813400451312,29.355495872632286,3.114588111846371,24,2.141162377535213,0.9734257343111583
JayHyeon_Qwen2.5-0.5B-SFT-2e-4-2ep,JayHyeon/Qwen2.5-0.5B-SFT-2e-4-2ep,29.49140774171151,29.839616748934173,3.1994992498175416,24,2.71595731217524,0.4835419376423018
JayHyeon_Qwen2.5-0.5B-SFT-2e-4-3ep,JayHyeon/Qwen2.5-0.5B-SFT-2e-4-3ep,30.793265058149625,31.098751295332523,4.420916097586122,24,4.512191482925325,-0.09127538533920276
JayHyeon_Qwen2.5-0.5B-SFT-2e-4-5ep,JayHyeon/Qwen2.5-0.5B-SFT-2e-4-5ep,29.057455302898802,29.364184498151758,3.069330255279086,24,2.117212588591876,0.9521176666872102
JayHyeon_Qwen2.5-0.5B-SFT-2e-5,JayHyeon/Qwen2.5-0.5B-SFT-2e-5,31.695886130880055,32.03968601167082,4.981848012762598,24,5.75758050797872,-0.775732495216122
JayHyeon_Qwen2.5-0.5B-SFT-2e-5-2ep,JayHyeon/Qwen2.5-0.5B-SFT-2e-5-2ep,31.904183301510155,32.171972708094806,5.7648020969838045,24,6.044977975298736,-0.28017587831493174
JayHyeon_Qwen2.5-0.5B-SFT-2e-5-2ep-DPOP_3e-7-3ep_0alp_5lam,JayHyeon/Qwen2.5-0.5B-SFT-2e-5-2ep-DPOP_3e-7-3ep_0alp_5lam,31.504947057802465,31.671815484837783,6.702479854955681,24,5.494132829602042,1.208347025353639
JayHyeon_Qwen2.5-0.5B-SFT-2e-5-2ep-DPOP_5e-6-1ep_0alp_5lam,JayHyeon/Qwen2.5-0.5B-SFT-2e-5-2ep-DPOP_5e-6-1ep_0alp_5lam,32.56379100850547,32.60038632940968,6.892109783030413,24,6.955069955145447,-0.06296017211503369
JayHyeon_Qwen2.5-0.5B-SFT-2e-5-2ep-DPOP_5e-6-2ep_0alp_5lam,JayHyeon/Qwen2.5-0.5B-SFT-2e-5-2ep-DPOP_5e-6-2ep_0alp_5lam,32.494358618295436,32.61540051256346,7.351407019428777,24,6.859270799372111,0.4921362200566657
JayHyeon_Qwen2.5-0.5B-SFT-2e-5-2ep-DPOP_5e-6-3ep_0alp_5lam,JayHyeon/Qwen2.5-0.5B-SFT-2e-5-2ep-DPOP_5e-6-3ep_0alp_5lam,31.834750911300123,31.993315151350533,6.453776300474527,24,5.949178819525399,0.504597480949128
JayHyeon_Qwen2.5-0.5B-SFT-2e-5-2ep-DPOP_5e-7-1ep_0alp_5lam,JayHyeon/Qwen2.5-0.5B-SFT-2e-5-2ep-DPOP_5e-7-1ep_0alp_5lam,31.66116993577504,31.81604271215811,6.676263541946459,24,5.709680930092052,0.966582611854407
JayHyeon_Qwen2.5-0.5B-SFT-2e-5-2ep-DPOP_5e-7-2ep_0alp_5lam,JayHyeon/Qwen2.5-0.5B-SFT-2e-5-2ep-DPOP_5e-7-2ep_0alp_5lam,31.314007984724874,31.54080373582542,6.449024830632406,24,5.230685151225362,1.2183396794070438
JayHyeon_Qwen2.5-0.5B-SFT-2e-5-2ep-DPOP_5e-7-3ep_0alp_5lam,JayHyeon/Qwen2.5-0.5B-SFT-2e-5-2ep-DPOP_5e-7-3ep_0alp_5lam,31.713244228432565,31.897170777023927,6.900838556122601,24,5.781530296922057,1.1193082592005439
JayHyeon_Qwen2.5-0.5B-SFT-2e-5-2ep-DPO_1e-6-1ep_0alp_0lam,JayHyeon/Qwen2.5-0.5B-SFT-2e-5-2ep-DPO_1e-6-1ep_0alp_0lam,31.45287276514494,31.671883869615403,6.330228534336109,24,5.422283462772036,0.9079450715640727
JayHyeon_Qwen2.5-0.5B-SFT-2e-5-2ep-DPO_1e-6-2ep_0alp_0lam,JayHyeon/Qwen2.5-0.5B-SFT-2e-5-2ep-DPO_1e-6-2ep_0alp_0lam,31.34872417982989,31.595330588613916,6.636386948995733,24,5.278584729112031,1.3578022198837019
JayHyeon_Qwen2.5-0.5B-SFT-2e-5-2ep-DPO_1e-6-3ep_0alp_0lam,JayHyeon/Qwen2.5-0.5B-SFT-2e-5-2ep-DPO_1e-6-3ep_0alp_0lam,31.17514320430481,31.41982694878783,6.317309144357895,24,5.0390868396786885,1.2782223046792067
JayHyeon_Qwen2.5-0.5B-SFT-2e-5-2ep-DPO_1e-7-2ep_0alp_0lam,JayHyeon/Qwen2.5-0.5B-SFT-2e-5-2ep-DPO_1e-7-2ep_0alp_0lam,31.55702135045999,31.669680727454903,6.435274271047841,24,5.565982196432047,0.8692920746157942
JayHyeon_Qwen2.5-0.5B-SFT-2e-5-2ep-DPO_1e-7-3ep_0alp_0lam,JayHyeon/Qwen2.5-0.5B-SFT-2e-5-2ep-DPO_1e-7-3ep_0alp_0lam,31.609095643117513,31.732037273750645,6.3853505237711525,24,5.637831563262047,0.7475189605091055
JayHyeon_Qwen2.5-0.5B-SFT-2e-5-2ep-DPO_2e-6-1ep_0alp_0lam,JayHyeon/Qwen2.5-0.5B-SFT-2e-5-2ep-DPO_2e-6-1ep_0alp_0lam,31.67852803332755,31.97619098572027,6.402744874205392,24,5.733630719035389,0.6691141551700026
JayHyeon_Qwen2.5-0.5B-SFT-2e-5-2ep-DPO_2e-6-2ep_0alp_0lam,JayHyeon/Qwen2.5-0.5B-SFT-2e-5-2ep-DPO_2e-6-2ep_0alp_0lam,31.990973789272697,32.262707839652855,6.901808055033277,24,6.16472692001541,0.7370811350178679
JayHyeon_Qwen2.5-0.5B-SFT-2e-5-2ep-DPO_2e-6-3ep_0alp_0lam,JayHyeon/Qwen2.5-0.5B-SFT-2e-5-2ep-DPO_2e-6-3ep_0alp_0lam,32.02568998437771,32.291208173140106,7.002679365505716,24,6.212626497902079,0.7900528676036371
JayHyeon_Qwen2.5-0.5B-SFT-2e-5-2ep-DPO_3e-6-1ep_0alp_0lam,JayHyeon/Qwen2.5-0.5B-SFT-2e-5-2ep-DPO_3e-6-1ep_0alp_0lam,32.23398715500781,32.453683161596324,6.620615393798311,24,6.500023965222089,0.12059142857622263
JayHyeon_Qwen2.5-0.5B-SFT-2e-5-2ep-DPO_3e-6-2ep_0alp_0lam,JayHyeon/Qwen2.5-0.5B-SFT-2e-5-2ep-DPO_3e-6-2ep_0alp_0lam,32.02568998437771,32.242937615249275,6.780448413764288,24,6.212626497902079,0.5678219158622095
JayHyeon_Qwen2.5-0.5B-SFT-2e-5-2ep-DPO_3e-6-3ep_0alp_0lam,JayHyeon/Qwen2.5-0.5B-SFT-2e-5-2ep-DPO_3e-6-3ep_0alp_0lam,32.26870335011283,32.477052921998556,7.007125824454593,24,6.547923543108763,0.45920228134582963
JayHyeon_Qwen2.5-0.5B-SFT-2e-5-2ep-DPO_3e-7-3ep_0alp_0lam,JayHyeon/Qwen2.5-0.5B-SFT-2e-5-2ep-DPO_3e-7-3ep_0alp_0lam,31.609095643117513,31.80600775018334,6.671898931566538,24,5.637831563262047,1.0340673683044912
JayHyeon_Qwen2.5-0.5B-SFT-2e-5-2ep-DPO_5e-6-1ep_0alp_0lam,JayHyeon/Qwen2.5-0.5B-SFT-2e-5-2ep-DPO_5e-6-1ep_0alp_0lam,32.28606144766533,32.421844512358234,6.428288118900529,24,6.57187333205209,-0.14358521315156114
JayHyeon_Qwen2.5-0.5B-SFT-2e-5-2ep-DPO_5e-6-2ep_0alp_0lam,JayHyeon/Qwen2.5-0.5B-SFT-2e-5-2ep-DPO_5e-6-2ep_0alp_0lam,32.077764277035236,32.24798177796032,6.992686975855793,24,6.284475864732079,0.7082111111237133
JayHyeon_Qwen2.5-0.5B-SFT-2e-5-2ep-DPO_5e-6-3ep_0alp_0lam,JayHyeon/Qwen2.5-0.5B-SFT-2e-5-2ep-DPO_5e-6-3ep_0alp_0lam,32.494358618295436,32.65200377687,7.221132822992211,24,6.859270799372111,0.3618620236201
JayHyeon_Qwen2.5-0.5B-SFT-2e-5-2ep-DPO_5e-7_1ep_0alp_0lam,JayHyeon/Qwen2.5-0.5B-SFT-2e-5-2ep-DPO_5e-7_1ep_0alp_0lam,31.591737545565007,31.769116364415552,6.537585206076343,24,5.613881774318715,0.9237034317576276
JayHyeon_Qwen2.5-0.5B-SFT-2e-5-2ep-DPO_5e-7_2ep_0alp_0lam,JayHyeon/Qwen2.5-0.5B-SFT-2e-5-2ep-DPO_5e-7_2ep_0alp_0lam,31.418156570039923,31.604545097874595,6.56672292356821,24,5.374383884885368,1.1923390386828423
JayHyeon_Qwen2.5-0.5B-SFT-2e-5-2ep-DPO_5e-7_3ep_0alp_0lam,JayHyeon/Qwen2.5-0.5B-SFT-2e-5-2ep-DPO_5e-7_3ep_0alp_0lam,31.782676618642597,31.935446978545155,6.932125973677143,24,5.8773294526953945,1.054796520981748
JayHyeon_Qwen2.5-0.5B-SFT-2e-5-2ep-DPO_7e-7_1ep_0alp_0lam,JayHyeon/Qwen2.5-0.5B-SFT-2e-5-2ep-DPO_7e-7_1ep_0alp_0lam,31.609095643117513,31.78465643131054,6.4262889097800455,24,5.637831563262047,0.7884573465179985
JayHyeon_Qwen2.5-0.5B-SFT-2e-5-2ep-DPO_7e-7_2ep_0alp_0lam,JayHyeon/Qwen2.5-0.5B-SFT-2e-5-2ep-DPO_7e-7_2ep_0alp_0lam,31.47023086269745,31.72899997448432,6.4779954188677,24,5.446233251715373,1.0317621671523263
JayHyeon_Qwen2.5-0.5B-SFT-2e-5-2ep-DPO_7e-7_3ep_0alp_0lam,JayHyeon/Qwen2.5-0.5B-SFT-2e-5-2ep-DPO_7e-7_3ep_0alp_0lam,31.227217496962332,31.49566664115098,6.25191698749515,24,5.110936206508689,1.1409807809864612
JayHyeon_Qwen2.5-0.5B-SFT-2e-5-2ep-IRPO_1e-7-1ep_1alp_0lam,JayHyeon/Qwen2.5-0.5B-SFT-2e-5-2ep-IRPO_1e-7-1ep_1alp_0lam,31.973615691720187,32.11026993947844,6.714916509982989,24,6.140777131072073,0.5741393789109157
JayHyeon_Qwen2.5-0.5B-SFT-2e-5-2ep-IRPO_1e-7-2ep_1alp_0lam,JayHyeon/Qwen2.5-0.5B-SFT-2e-5-2ep-IRPO_1e-7-2ep_1alp_0lam,31.834750911300123,31.977736605157403,6.875548169039305,24,5.949178819525399,0.926369349513906
JayHyeon_Qwen2.5-0.5B-SFT-2e-5-2ep-IRPO_1e-7-3ep_1alp_0lam,JayHyeon/Qwen2.5-0.5B-SFT-2e-5-2ep-IRPO_1e-7-3ep_1alp_0lam,32.112480472140255,32.2469830721268,7.08976945115946,24,6.332375442618752,0.7573940085407074
JayHyeon_Qwen2.5-0.5B-SFT-2e-5-2ep-IRPO_3e-7-3ep_1alp_0lam,JayHyeon/Qwen2.5-0.5B-SFT-2e-5-2ep-IRPO_3e-7-3ep_1alp_0lam,31.67852803332755,31.85132309797721,6.706365162503357,24,5.733630719035389,0.9727344434679681
JayHyeon_Qwen2.5-0.5B-SFT-2e-5-2ep-IRPO_5e-6-1ep_1alp_0lam,JayHyeon/Qwen2.5-0.5B-SFT-2e-5-2ep-IRPO_5e-6-1ep_1alp_0lam,31.765318521090087,31.794741450668166,6.3889454442355325,24,5.853379663752058,0.5355657804834744
JayHyeon_Qwen2.5-0.5B-SFT-2e-5-2ep-IRPO_5e-6-2ep_1alp_0lam,JayHyeon/Qwen2.5-0.5B-SFT-2e-5-2ep-IRPO_5e-6-2ep_1alp_0lam,32.424926228085404,32.597051456904424,7.489152117467992,24,6.763471643598773,0.7256804738692182
JayHyeon_Qwen2.5-0.5B-SFT-2e-5-2ep-IRPO_5e-6-3ep_1alp_0lam,JayHyeon/Qwen2.5-0.5B-SFT-2e-5-2ep-IRPO_5e-6-3ep_1alp_0lam,33.13660822773824,33.204616486918276,8.34016877070463,24,7.745412990275489,0.5947557804291401
JayHyeon_Qwen2.5-0.5B-SFT-2e-5-2ep-IRPO_5e-7-1ep_1alp_0lam,JayHyeon/Qwen2.5-0.5B-SFT-2e-5-2ep-IRPO_5e-7-1ep_1alp_0lam,31.626453740670023,31.78544697854515,6.5670715074462045,24,5.6617813522053835,0.905290155240821
JayHyeon_Qwen2.5-0.5B-SFT-2e-5-2ep-IRPO_5e-7-2ep_1alp_0lam,JayHyeon/Qwen2.5-0.5B-SFT-2e-5-2ep-IRPO_5e-7-2ep_1alp_0lam,31.522305155354974,31.678221005334425,6.6590467663473305,24,5.518082618545378,1.1409641478019523
JayHyeon_Qwen2.5-0.5B-SFT-2e-5-2ep-IRPO_5e-7-3ep_1alp_0lam,JayHyeon/Qwen2.5-0.5B-SFT-2e-5-2ep-IRPO_5e-7-3ep_1alp_0lam,31.74796042353758,31.906759818119813,6.800973005640612,24,5.829429874808726,0.9715431308318863
JayHyeon_Qwen2.5-0.5B-SFT-2e-5-2ep-MDPO_0.5_1e-7-1ep_0alp_0lam,JayHyeon/Qwen2.5-0.5B-SFT-2e-5-2ep-MDPO_0.5_1e-7-1ep_0alp_0lam,31.66116993577504,31.77994187362493,6.560842435908914,24,5.709680930092052,0.8511615058168625
JayHyeon_Qwen2.5-0.5B-SFT-2e-5-2ep-MDPO_0.5_1e-7-2ep_0alp_0lam,JayHyeon/Qwen2.5-0.5B-SFT-2e-5-2ep-MDPO_0.5_1e-7-2ep_0alp_0lam,31.695886130880055,31.783915941458787,6.524571656668756,24,5.75758050797872,0.7669911486900354
JayHyeon_Qwen2.5-0.5B-SFT-2e-5-2ep-MDPO_0.5_1e-7-3ep_0alp_0lam,JayHyeon/Qwen2.5-0.5B-SFT-2e-5-2ep-MDPO_0.5_1e-7-3ep_0alp_0lam,31.800034716195103,31.904280434381207,6.739192109111529,24,5.901279241638726,0.8379128674728031
JayHyeon_Qwen2.5-0.5B-SFT-2e-5-2ep-MDPO_1e-6-3ep_0alp_0lam,JayHyeon/Qwen2.5-0.5B-SFT-2e-5-2ep-MDPO_1e-6-3ep_0alp_0lam,31.383440374934906,31.647277641099677,6.42055719700361,24,5.326484306998699,1.0940728900049113
JayHyeon_Qwen2.5-0.5B-SFT-2e-5-2ep-MDPO_1e-6_1ep_0alp_0lam,JayHyeon/Qwen2.5-0.5B-SFT-2e-5-2ep-MDPO_1e-6_1ep_0alp_0lam,31.800034716195103,32.04166266783765,6.6874635150864,24,5.901279241638726,0.7861842734476747
JayHyeon_Qwen2.5-0.5B-SFT-2e-5-2ep-MDPO_1e-6_2ep_0alp_0lam,JayHyeon/Qwen2.5-0.5B-SFT-2e-5-2ep-MDPO_1e-6_2ep_0alp_0lam,31.574379448012497,31.857092866390825,6.553899558301251,24,5.589931985375379,0.9639675729258723
JayHyeon_Qwen2.5-0.5B-SFT-2e-5-2ep-MDPO_2e-6-3ep_0alp_0lam,JayHyeon/Qwen2.5-0.5B-SFT-2e-5-2ep-MDPO_2e-6-3ep_0alp_0lam,31.782676618642597,32.0368681472897,6.583344002745696,24,5.8773294526953945,0.7060145500503019
JayHyeon_Qwen2.5-0.5B-SFT-2e-5-2ep-MDPO_2e-6_1ep_0alp_0lam,JayHyeon/Qwen2.5-0.5B-SFT-2e-5-2ep-MDPO_2e-6_1ep_0alp_0lam,31.800034716195103,32.128474090743104,6.560212045244278,24,5.901279241638726,0.658932803605552
JayHyeon_Qwen2.5-0.5B-SFT-2e-5-2ep-MDPO_2e-6_2ep_0alp_0lam,JayHyeon/Qwen2.5-0.5B-SFT-2e-5-2ep-MDPO_2e-6_2ep_0alp_0lam,31.626453740670023,31.867127828365597,6.83074782881189,24,5.6617813522053835,1.1689664766065064
JayHyeon_Qwen2.5-0.5B-SFT-2e-5-2ep-MDPO_3e-6-1ep_0alp_0lam,JayHyeon/Qwen2.5-0.5B-SFT-2e-5-2ep-MDPO_3e-6-1ep_0alp_0lam,31.973615691720187,32.13274785812292,6.204970976213926,24,6.140777131072073,0.06419384514185289
JayHyeon_Qwen2.5-0.5B-SFT-2e-5-2ep-MDPO_3e-6-2ep_0alp_0lam,JayHyeon/Qwen2.5-0.5B-SFT-2e-5-2ep-MDPO_3e-6-2ep_0alp_0lam,32.112480472140255,32.33765869452431,7.019682155967409,24,6.332375442618752,0.687306713348657
JayHyeon_Qwen2.5-0.5B-SFT-2e-5-2ep-MDPO_3e-6-3ep_0alp_0lam,JayHyeon/Qwen2.5-0.5B-SFT-2e-5-2ep-MDPO_3e-6-3ep_0alp_0lam,32.35549383787537,32.55638228201855,7.0604011102157775,24,6.6676724878254365,0.392728622390341
JayHyeon_Qwen2.5-0.5B-SFT-2e-5-2ep-MDPO_5e-6-1ep_0alp_0lam,JayHyeon/Qwen2.5-0.5B-SFT-2e-5-2ep-MDPO_5e-6-1ep_0alp_0lam,32.424926228085404,32.52098558034601,6.715595621810369,24,6.763471643598773,-0.047876021788404444
JayHyeon_Qwen2.5-0.5B-SFT-2e-5-2ep-MDPO_5e-6-2ep_0alp_0lam,JayHyeon/Qwen2.5-0.5B-SFT-2e-5-2ep-MDPO_5e-6-2ep_0alp_0lam,32.060406179482726,32.24479825736107,6.98474035276211,24,6.260526075788741,0.7242142769733686
JayHyeon_Qwen2.5-0.5B-SFT-2e-5-2ep-MDPO_5e-6-3ep_0alp_0lam,JayHyeon/Qwen2.5-0.5B-SFT-2e-5-2ep-MDPO_5e-6-3ep_0alp_0lam,32.58114910605798,32.78027492189594,7.363649162861492,24,6.979019744088784,0.3846294187727084
JayHyeon_Qwen2.5-0.5B-SFT-2e-5-2ep-MDPO_5e-7-3ep_0alp_0lam,JayHyeon/Qwen2.5-0.5B-SFT-2e-5-2ep-MDPO_5e-7-3ep_0alp_0lam,31.591737545565007,31.752113645211818,6.726276300474528,24,5.613881774318715,1.1123945261558132
JayHyeon_Qwen2.5-0.5B-SFT-2e-5-2ep-MDPO_5e-7_1ep_0alp_0lam,JayHyeon/Qwen2.5-0.5B-SFT-2e-5-2ep-MDPO_5e-7_1ep_0alp_0lam,31.713244228432565,31.890913604167235,6.708541946458948,24,5.781530296922057,0.9270116495368912
JayHyeon_Qwen2.5-0.5B-SFT-2e-5-2ep-MDPO_5e-7_2ep_0alp_0lam,JayHyeon/Qwen2.5-0.5B-SFT-2e-5-2ep-MDPO_5e-7_2ep_0alp_0lam,31.3660822773824,31.58776856286612,6.253469424299401,24,5.302534518055368,0.9509349062440329
JayHyeon_Qwen2.5-0.5B-SFT-2e-5-2ep-MDPO_7e-7-3ep_0alp_0lam,JayHyeon/Qwen2.5-0.5B-SFT-2e-5-2ep-MDPO_7e-7-3ep_0alp_0lam,31.314007984724874,31.561997255280584,6.443718103679828,24,5.230685151225362,1.2130329524544656
JayHyeon_Qwen2.5-0.5B-SFT-2e-5-2ep-MDPO_7e-7_1ep_0alp_0lam,JayHyeon/Qwen2.5-0.5B-SFT-2e-5-2ep-MDPO_7e-7_1ep_0alp_0lam,31.574379448012497,31.7742854167987,6.39987465305757,24,5.589931985375379,0.8099426676821917
JayHyeon_Qwen2.5-0.5B-SFT-2e-5-2ep-MDPO_7e-7_2ep_0alp_0lam,JayHyeon/Qwen2.5-0.5B-SFT-2e-5-2ep-MDPO_7e-7_2ep_0alp_0lam,31.47023086269745,31.723385001222283,6.482712194466828,24,5.446233251715373,1.0364789427514545
JayHyeon_Qwen2.5-0.5B-SFT-2e-5-3ep,JayHyeon/Qwen2.5-0.5B-SFT-2e-5-3ep,32.12983856969276,32.39538094779518,6.085450245131953,24,6.35632523156208,-0.270874986430127
JayHyeon_Qwen2.5-0.5B-SFT-2e-5-5ep,JayHyeon/Qwen2.5-0.5B-SFT-2e-5-5ep,32.91095295955563,33.07605664427049,7.179764119844701,24,7.434065734012132,-0.25430161416743147
JayHyeon_Qwen2.5-0.5B-SFT-2e-5-5ep-MDPO_5e-7_3ep_0alp_0lam,JayHyeon/Qwen2.5-0.5B-SFT-2e-5-5ep-MDPO_5e-7_3ep_0alp_0lam,32.16455476479778,32.3809171214906,6.757650565553466,24,6.404224809448753,0.3534257561047136
JayHyeon_Qwen2.5-0.5B-SFT-2e-5-5ep-MDPO_5e-7_3ep_0alp_0lam_1ep,JayHyeon/Qwen2.5-0.5B-SFT-2e-5-5ep-MDPO_5e-7_3ep_0alp_0lam_1ep,31.48758896024996,31.748404240871352,5.959990748201868,24,5.47018304065871,0.48980770754315817
JayHyeon_Qwen2.5-0.5B-SFT-2e-5-5ep-MDPO_5e-7_3ep_0alp_0lam_2ep,JayHyeon/Qwen2.5-0.5B-SFT-2e-5-5ep-MDPO_5e-7_3ep_0alp_0lam_2ep,31.73060232598507,31.990732346781744,6.1123436893783385,24,5.805480085865389,0.3068636035129497
JayHyeon_Qwen2.5-0.5B-SFT-2e-5-5ep-MDPO_7e-7_3ep_0alp_0lam,JayHyeon/Qwen2.5-0.5B-SFT-2e-5-5ep-MDPO_7e-7_3ep_0alp_0lam,31.92154139906266,32.19316379944453,6.240268525979645,24,6.068927764242068,0.17134076173757684
JayHyeon_Qwen2.5-0.5B-SFT-2e-5-5ep-MDPO_7e-7_3ep_0alp_0lam_1ep,JayHyeon/Qwen2.5-0.5B-SFT-2e-5-5ep-MDPO_7e-7_3ep_0alp_0lam_1ep,31.66116993577504,31.909455934275986,6.292637807025397,24,5.709680930092052,0.5829568769333449
JayHyeon_Qwen2.5-0.5B-SFT-2e-5-5ep-MDPO_7e-7_3ep_0alp_0lam_2ep,JayHyeon/Qwen2.5-0.5B-SFT-2e-5-5ep-MDPO_7e-7_3ep_0alp_0lam_2ep,31.886825203957645,32.18405915852565,6.357407183573582,24,6.0210281863554,0.33637899721818254
JayHyeon_Qwen2.5-0.5B-SFT-5e-5,JayHyeon/Qwen2.5-0.5B-SFT-5e-5,30.897413643464677,31.093810553451657,4.746972667855022,24,4.655890216585336,0.09108245126968662
JayHyeon_Qwen2.5-0.5B-SFT-5e-5-2ep,JayHyeon/Qwen2.5-0.5B-SFT-5e-5-2ep,31.609095643117513,31.798792778896722,5.832625611473314,24,5.637831563262047,0.1947940482112669
JayHyeon_Qwen2.5-0.5B-SFT-5e-5-3ep,JayHyeon/Qwen2.5-0.5B-SFT-5e-5-3ep,32.772088179135565,32.97482017615699,7.669544389639071,24,7.242467422465458,0.42707696717361365
JayHyeon_Qwen2.5-0.5B-SFT-5e-5-5ep,JayHyeon/Qwen2.5-0.5B-SFT-5e-5-5ep,32.52907481340045,32.75980298873716,7.191287458251598,24,6.907170377258774,0.2841170809928242
JayHyeon_Qwen2.5-0.5B-SFT-7e-5,JayHyeon/Qwen2.5-0.5B-SFT-7e-5,31.400798472487416,31.58179005969298,6.35784176033773,24,5.3504340959420364,1.0074076643956937
JayHyeon_Qwen2.5-0.5B-SFT-7e-5-2ep,JayHyeon/Qwen2.5-0.5B-SFT-7e-5-2ep,30.880055545912168,31.00411318318588,5.463607645078233,24,4.631940427641998,0.8316672174362347
JayHyeon_Qwen2.5-0.5B-SFT-7e-5-3ep,JayHyeon/Qwen2.5-0.5B-SFT-7e-5-3ep,31.73060232598507,31.993136322070495,5.984021663044627,24,5.805480085865389,0.1785415771792378
JayHyeon_Qwen2.5-0.5B-SFT-7e-5-5ep,JayHyeon/Qwen2.5-0.5B-SFT-7e-5-5ep,31.85210900885263,32.002953673668664,5.343662111309169,24,5.973128608468731,-0.6294664971595623
JayHyeon_Qwen2.5-0.5B-SFT-DPO-1epoch_v1,JayHyeon/Qwen2.5-0.5B-SFT-DPO-1epoch_v1,32.44228432563791,32.681431427147096,6.136573850240249,24,6.7874214325421,-0.6508475823018509
JayHyeon_Qwen2.5-0.5B-SFT-MDPO-1epoch_v1,JayHyeon/Qwen2.5-0.5B-SFT-MDPO-1epoch_v1,32.70265578892553,32.92581645388506,6.524721998388398,24,7.146668266692122,-0.6219462683037236
JayHyeon_Qwen_0.5-DPOP_1e-6-3ep_0alp_5lam,JayHyeon/Qwen_0.5-DPOP_1e-6-3ep_0alp_5lam,31.26193369206735,31.404318913679337,6.140998671919301,24,5.1588357843953565,0.9821628875239448
JayHyeon_Qwen_0.5-DPOP_1e-7-3ep_0alp_5lam,JayHyeon/Qwen_0.5-DPOP_1e-7-3ep_0alp_5lam,31.74796042353758,31.885753125602744,6.642106052466649,24,5.829429874808726,0.8126761776579228
JayHyeon_Qwen_0.5-DPOP_3e-6-1ep_0alp_5lam,JayHyeon/Qwen_0.5-DPOP_3e-6-1ep_0alp_5lam,32.45964242319042,32.608064671010915,6.943810696272422,24,6.811371221485437,0.1324394747869846
JayHyeon_Qwen_0.5-DPOP_3e-6-2ep_0alp_5lam,JayHyeon/Qwen_0.5-DPOP_3e-6-2ep_0alp_5lam,32.02568998437771,32.18465643131054,7.149861894529503,24,6.212626497902079,0.9372353966274245
JayHyeon_Qwen_0.5-DPOP_3e-6-3ep_0alp_5lam,JayHyeon/Qwen_0.5-DPOP_3e-6-3ep_0alp_5lam,32.04304808193022,32.24432330896174,6.96901565344555,24,6.236576286845415,0.7324393666001345
JayHyeon_Qwen_0.5-DPOP_3e-7-1ep_0alp_5lam,JayHyeon/Qwen_0.5-DPOP_3e-7-1ep_0alp_5lam,31.66116993577504,31.814291938388127,6.629315516160802,24,5.709680930092052,0.9196345860687503
JayHyeon_Qwen_0.5-DPOP_3e-7-2ep_0alp_5lam,JayHyeon/Qwen_0.5-DPOP_3e-7-2ep_0alp_5lam,31.73060232598507,31.94064593640778,6.682421807383531,24,5.805480085865389,0.8769417215181425
JayHyeon_Qwen_0.5-DPOP_3e-7-3ep_0alp_5lam,JayHyeon/Qwen_0.5-DPOP_3e-7-3ep_0alp_5lam,31.34872417982989,31.530652457997206,6.35458053541051,24,5.278584729112031,1.0759958062984794
JayHyeon_Qwen_0.5-DPOP_5e-7-1ep_0alp_5lam,JayHyeon/Qwen_0.5-DPOP_5e-7-1ep_0alp_5lam,31.522305155354974,31.683351578419437,6.505902199540394,24,5.518082618545378,0.9878195809950157
JayHyeon_Qwen_0.5-DPOP_5e-7-2ep_0alp_5lam,JayHyeon/Qwen_0.5-DPOP_5e-7-2ep_0alp_5lam,31.904183301510155,32.10570160312575,6.769462425761781,24,6.044977975298736,0.724484450463045
JayHyeon_Qwen_0.5-DPOP_5e-7-3ep_0alp_5lam,JayHyeon/Qwen_0.5-DPOP_5e-7-3ep_0alp_5lam,31.886825203957645,32.03095860505479,6.7976270630017614,24,6.0210281863554,0.7765988766463616
JayHyeon_Qwen_0.5-DPO_1e-6-3ep_0alp_0lam,JayHyeon/Qwen_0.5-DPO_1e-6-3ep_0alp_0lam,32.33813574032286,32.584998053400206,6.865286941551371,24,6.6437226988821,0.22156424266927122
JayHyeon_Qwen_0.5-DPO_1e-7-3ep_0alp_0lam,JayHyeon/Qwen_0.5-DPO_1e-7-3ep_0alp_0lam,32.04304808193022,32.25125170893353,7.100430208613126,24,6.236576286845415,0.8638539217677108
JayHyeon_Qwen_0.5-DPO_3e-6-1ep_0alp_0lam,JayHyeon/Qwen_0.5-DPO_3e-6-1ep_0alp_0lam,31.17514320430481,31.322299007055772,5.926862745098039,24,5.0390868396786885,0.8877759054193506
JayHyeon_Qwen_0.5-DPO_3e-6-2ep_0alp_0lam,JayHyeon/Qwen_0.5-DPO_3e-6-2ep_0alp_0lam,32.511716715847946,32.76001729304928,7.35619576137537,24,6.883220588315448,0.47297517305992276
JayHyeon_Qwen_0.5-DPO_3e-6-3ep_0alp_0lam,JayHyeon/Qwen_0.5-DPO_3e-6-3ep_0alp_0lam,32.44228432563791,32.67409470763553,7.139829635632065,24,6.7874214325421,0.3524082030899649
JayHyeon_Qwen_0.5-DPO_3e-7-1ep_0alp_0lam,JayHyeon/Qwen_0.5-DPO_3e-7-1ep_0alp_0lam,32.112480472140255,32.29256308341406,6.931145581520281,24,6.332375442618752,0.5987701389015285
JayHyeon_Qwen_0.5-DPO_3e-7-2ep_0alp_0lam,JayHyeon/Qwen_0.5-DPO_3e-7-2ep_0alp_0lam,32.35549383787537,32.557351082372584,7.127311158862328,24,6.6676724878254365,0.4596386710368918
JayHyeon_Qwen_0.5-DPO_3e-7-3ep_0alp_0lam,JayHyeon/Qwen_0.5-DPO_3e-7-3ep_0alp_0lam,32.390210032980384,32.58394284267221,7.222719655594354,24,6.7155720657121,0.507147589882254
JayHyeon_Qwen_0.5-DPO_5e-7-1ep_0alp_0lam,JayHyeon/Qwen_0.5-DPO_5e-7-1ep_0alp_0lam,32.02568998437771,32.182747858122916,6.663952457695408,24,6.212626497902079,0.451325959793329
JayHyeon_Qwen_0.5-DPO_5e-7-2ep_0alp_0lam,JayHyeon/Qwen_0.5-DPO_5e-7-2ep_0alp_0lam,32.8415205693456,32.99192088381941,7.732770540484078,24,7.338266578238796,0.39450396224528195
JayHyeon_Qwen_0.5-DPO_5e-7-3ep_0alp_0lam,JayHyeon/Qwen_0.5-DPO_5e-7-3ep_0alp_0lam,32.52907481340045,32.71214560292053,7.20213873220521,24,6.907170377258774,0.2949683549464357
JayHyeon_Qwen_0.5-IPO_5e-7-1ep_0alp_0lam,JayHyeon/Qwen_0.5-IPO_5e-7-1ep_0alp_0lam,32.65058149626801,32.79091360416724,7.733923210075507,24,7.074818899862121,0.6591043102133858
JayHyeon_Qwen_0.5-IPO_5e-7-3ep_0alp_0lam,JayHyeon/Qwen_0.5-IPO_5e-7-3ep_0alp_0lam,32.56379100850547,32.63844279424728,6.747260572417705,24,6.955069955145447,-0.20780938272774208
JayHyeon_Qwen_0.5-IRPO_1e-6-3ep_1alp_0lam,JayHyeon/Qwen_0.5-IRPO_1e-6-3ep_1alp_0lam,32.2166290574553,32.423533348862236,7.213578356761274,24,6.476074176278752,0.7375041804825218
JayHyeon_Qwen_0.5-IRPO_1e-7-3ep_1alp_0lam,JayHyeon/Qwen_0.5-IRPO_1e-7-3ep_1alp_0lam,31.782676618642597,31.980542589655396,6.900346643984839,24,5.8773294526953945,1.0230171912894441
JayHyeon_Qwen_0.5-IRPO_3e-6-1ep_1alp_0lam,JayHyeon/Qwen_0.5-IRPO_3e-6-1ep_1alp_0lam,32.407568130532894,32.54731912466387,7.306987942817919,24,6.739521854655436,0.5674660881624831
JayHyeon_Qwen_0.5-IRPO_3e-6-2ep_1alp_0lam,JayHyeon/Qwen_0.5-IRPO_3e-6-2ep_1alp_0lam,32.98038534976567,33.14225693635647,7.390762452621842,24,7.529864889785479,-0.13910243716363713
JayHyeon_Qwen_0.5-IRPO_3e-6-3ep_1alp_0lam,JayHyeon/Qwen_0.5-IRPO_3e-6-3ep_1alp_0lam,33.466412081235895,33.61518077587983,8.111779105858478,24,8.200458980198839,-0.08867987434036095
JayHyeon_Qwen_0.5-IRPO_3e-7-1ep_1alp_0lam,JayHyeon/Qwen_0.5-IRPO_3e-7-1ep_1alp_0lam,32.1992709599028,32.31121828613069,7.0010276210941,24,6.4521243873354255,0.5489032337586748
JayHyeon_Qwen_0.5-IRPO_3e-7-3ep_1alp_0lam,JayHyeon/Qwen_0.5-IRPO_3e-7-3ep_1alp_0lam,32.35549383787537,32.57435380157632,7.133620064464142,24,6.6676724878254365,0.46594757663870556
JayHyeon_Qwen_0.5-IRPO_5e-7-1ep_1alp_0lam,JayHyeon/Qwen_0.5-IRPO_5e-7-1ep_1alp_0lam,31.973615691720187,32.13578303108222,7.061898931566539,24,6.140777131072073,0.9211218004944657
JayHyeon_Qwen_0.5-IRPO_5e-7-2ep_1alp_0lam,JayHyeon/Qwen_0.5-IRPO_5e-7-2ep_1alp_0lam,32.477000520742926,32.660534602971836,7.42829155101919,24,6.835321010428775,0.5929705405904153
JayHyeon_Qwen_0.5-IRPO_5e-7-3ep_1alp_0lam,JayHyeon/Qwen_0.5-IRPO_5e-7-3ep_1alp_0lam,32.26870335011283,32.458923603023145,7.086835437371295,24,6.547923543108763,0.5389118942625322
JayHyeon_Qwen_0.5-MDPO_0.1_3e-6-3ep_0alp_0lam,JayHyeon/Qwen_0.5-MDPO_0.1_3e-6-3ep_0alp_0lam,32.424926228085404,32.61453857628518,6.819112125824454,24,6.763471643598773,0.05564048222568019
JayHyeon_Qwen_0.5-MDPO_0.1_5e-7-3ep_0alp_0lam,JayHyeon/Qwen_0.5-MDPO_0.1_5e-7-3ep_0alp_0lam,31.609095643117513,31.79765517720094,6.6221693974393405,24,5.637831563262047,0.9843378341772935
JayHyeon_Qwen_0.5-MDPO_0.3_3e-6-3ep_0alp_0lam,JayHyeon/Qwen_0.5-MDPO_0.3_3e-6-3ep_0alp_0lam,31.973615691720187,32.15761875013204,6.566535873101143,24,6.140777131072073,0.42575874202907027
JayHyeon_Qwen_0.5-MDPO_0.3_5e-7-3ep_0alp_0lam,JayHyeon/Qwen_0.5-MDPO_0.3_5e-7-3ep_0alp_0lam,31.591737545565007,31.77585793744926,6.633772569910765,24,5.613881774318715,1.0198907955920502
JayHyeon_Qwen_0.5-MDPO_0.5_1e-5-3ep_0alp_0lam,JayHyeon/Qwen_0.5-MDPO_0.5_1e-5-3ep_0alp_0lam,32.18191286235029,32.33548545784328,7.674537111648312,24,6.428174598392089,1.2463625132562228
JayHyeon_Qwen_0.5-MDPO_0.5_3e-7-1ep_0alp_0lam,JayHyeon/Qwen_0.5-MDPO_0.5_3e-7-1ep_0alp_0lam,31.591737545565007,31.754991018753476,6.547597964604411,24,5.613881774318715,0.9337161902856961
JayHyeon_Qwen_0.5-MDPO_0.5_3e-7-2ep_0alp_0lam,JayHyeon/Qwen_0.5-MDPO_0.5_3e-7-2ep_0alp_0lam,31.800034716195103,31.96623899087389,6.797543498373474,24,5.901279241638726,0.8962642567347485
JayHyeon_Qwen_0.5-MDPO_0.5_3e-7-3ep_0alp_0lam,JayHyeon/Qwen_0.5-MDPO_0.5_3e-7-3ep_0alp_0lam,31.817392813747613,31.975521884912194,6.479625973677142,24,5.925229030582062,0.5543969430950799
JayHyeon_Qwen_0.5-MDPO_0.5_4e-6-3ep_0alp_0lam,JayHyeon/Qwen_0.5-MDPO_0.5_4e-6-3ep_0alp_0lam,32.30341954521784,32.48229336342538,7.112517981317336,24,6.595823120995427,0.516694860321909
JayHyeon_Qwen_0.5-MDPO_0.5_6e-6-3ep_0alp_0lam,JayHyeon/Qwen_0.5-MDPO_0.5_6e-6-3ep_0alp_0lam,32.511716715847946,32.654545097874596,7.373346017250125,24,6.883220588315448,0.49012542893467703
JayHyeon_Qwen_0.5-MDPO_0.5_7e-6-3ep_0alp_0lam,JayHyeon/Qwen_0.5-MDPO_0.5_7e-6-3ep_0alp_0lam,32.65058149626801,32.727391100842645,7.574128764138837,24,7.074818899862121,0.4993098642767153
JayHyeon_Qwen_0.5-MDPO_0.5_7e-7-3ep_0alp_0lam,JayHyeon/Qwen_0.5-MDPO_0.5_7e-7-3ep_0alp_0lam,31.05363652143725,31.296903109264466,6.263411227504701,24,4.871438317075346,1.391972910429355
JayHyeon_Qwen_0.5-MDPO_0.7_3e-6-3ep_0alp_0lam,JayHyeon/Qwen_0.5-MDPO_0.7_3e-6-3ep_0alp_0lam,32.008331886825204,32.209565802617796,6.770439236577431,24,6.188676708958742,0.5817625276186895
JayHyeon_Qwen_0.5-MDPO_0.7_5e-7-3ep_0alp_0lam,JayHyeon/Qwen_0.5-MDPO_0.7_5e-7-3ep_0alp_0lam,31.609095643117513,31.80087717709833,6.636595785955174,24,5.637831563262047,0.9987642226931266
JayHyeon_Qwen_0.5-MDPO_0.9_5e-7-3ep_0alp_0lam,JayHyeon/Qwen_0.5-MDPO_0.9_5e-7-3ep_0alp_0lam,31.74796042353758,31.946567056727403,6.534335437371297,24,5.829429874808726,0.7049055625625709
JayHyeon_Qwen_0.5-VDPO_5e-7-1ep_0alp_0lam,JayHyeon/Qwen_0.5-VDPO_5e-7-1ep_0alp_0lam,32.008331886825204,32.18020653711832,6.86099852269675,24,6.188676708958742,0.6723218137380087
JayHyeon_Qwen_0.5-VDPO_5e-7-1ep_10vpo_const,JayHyeon/Qwen_0.5-VDPO_5e-7-1ep_10vpo_const,32.1992709599028,32.34331515135054,7.109440788491956,24,6.4521243873354255,0.6573164011565309
JayHyeon_Qwen_0.5-VDPO_5e-7-1ep_3vpo_const,JayHyeon/Qwen_0.5-VDPO_5e-7-1ep_3vpo_const,32.112480472140255,32.2699453909483,6.852004431909751,24,6.332375442618752,0.5196289892909984
JayHyeon_Qwen_0.5-VDPO_5e-7-3ep_0alp_0lam,JayHyeon/Qwen_0.5-VDPO_5e-7-3ep_0alp_0lam,32.390210032980384,32.5505796038594,7.2279757961023074,24,6.7155720657121,0.5124037303902078
JayHyeon_Qwen_0.5-VIPO_5e-7-1ep_0alp_0lam,JayHyeon/Qwen_0.5-VIPO_5e-7-1ep_0alp_0lam,32.92831105710814,33.13735254746671,7.834260900707316,24,7.458015522955469,0.3762453777518475
JayHyeon_Qwen_0.5-VIPO_5e-7-1ep_30vpo_const,JayHyeon/Qwen_0.5-VIPO_5e-7-1ep_30vpo_const,32.66793959382052,32.81993681712964,7.655186826633241,24,7.098768688805459,0.5564181378277819
JayHyeon_Qwen_0.5-VIPO_5e-7-1ep_3vpo_const,JayHyeon/Qwen_0.5-VIPO_5e-7-1ep_3vpo_const,32.806804374240585,32.9802364425978,7.67033388545677,24,7.2903670003521315,0.37996688510463894
JayHyeon_Qwen_0.5-VIPO_5e-7-3ep_0alp_0lam,JayHyeon/Qwen_0.5-VIPO_5e-7-3ep_0alp_0lam,31.990973789272697,32.19547893625386,6.099203002357716,24,6.16472692001541,-0.06552391765769361
JayHyeon_Qwen_0.5-cDPO_5e-7-3ep_0vpo_const_0.1,JayHyeon/Qwen_0.5-cDPO_5e-7-3ep_0vpo_const_0.1,32.26870335011283,32.441920883819414,7.201174679917629,24,6.547923543108763,0.6532511368088656
JayHyeon_Qwen_0.5-cDPO_5e-7-3ep_0vpo_const_0.3,JayHyeon/Qwen_0.5-cDPO_5e-7-3ep_0vpo_const_0.3,31.92154139906266,32.0906160309283,6.9860820873250375,24,6.068927764242068,0.9171543230829693
JayHyeon_Qwen_0.5-rDPO_3e-6-1ep_0vpo_const_0.1,JayHyeon/Qwen_0.5-rDPO_3e-6-1ep_0vpo_const_0.1,32.58114910605798,32.77967977541808,6.90518932317681,24,6.979019744088784,-0.07383042091197378
JayHyeon_Qwen_0.5-rDPO_5e-7-3ep_0vpo_const_0.3,JayHyeon/Qwen_0.5-rDPO_5e-7-3ep_0vpo_const_0.3,32.30341954521784,32.45102552473828,6.775212492911929,24,6.595823120995427,0.17938937191650162
Jimmy19991222_Llama-3-Instruct-8B-SimPO-v0.2,Jimmy19991222/Llama-3-Instruct-8B-SimPO-v0.2,49.6962332928311,49.837110258210494,29.1238227637126,24,30.593511642216598,-1.469688878503998
Jimmy19991222_llama-3-8b-instruct-gapo-v2-bert-f1-beta10-gamma0.3-lr1.0e-6-1minus-rerun,Jimmy19991222/llama-3-8b-instruct-gapo-v2-bert-f1-beta10-gamma0.3-lr1.0e-6-1minus-rerun,48.6373893421281,48.79796567289935,27.755228582197063,24,29.1325745166732,-1.3773459344761356
Jimmy19991222_llama-3-8b-instruct-gapo-v2-bert_f1-beta10-gamma0.3-lr1.0e-6-scale-log,Jimmy19991222/llama-3-8b-instruct-gapo-v2-bert_f1-beta10-gamma0.3-lr1.0e-6-scale-log,49.24492275646589,49.345840367294166,28.613596677525617,24,29.9708171296899,-1.3572204521642846
Jimmy19991222_llama-3-8b-instruct-gapo-v2-bert_p-beta10-gamma0.3-lr1.0e-6-scale-log,Jimmy19991222/llama-3-8b-instruct-gapo-v2-bert_p-beta10-gamma0.3-lr1.0e-6-scale-log,49.01926748828328,49.164147939389004,27.666183558964235,24,29.659469873426552,-1.993286314462317
Jimmy19991222_llama-3-8b-instruct-gapo-v2-bleu-beta0.1-no-length-scale-gamma0.4,Jimmy19991222/llama-3-8b-instruct-gapo-v2-bleu-beta0.1-no-length-scale-gamma0.4,49.66151709772609,49.86088445592742,29.3297318748178,24,30.545612064329937,-1.2158801895121378
Jimmy19991222_llama-3-8b-instruct-gapo-v2-rouge2-beta10-1minus-gamma0.3-rerun,Jimmy19991222/llama-3-8b-instruct-gapo-v2-rouge2-beta10-1minus-gamma0.3-rerun,49.31435514667592,49.40463886115544,28.390676236054286,24,30.066616285463237,-1.6759400494089505
Jimmy19991222_llama-3-8b-instruct-gapo-v2-rouge2-beta10-gamma0.3-lr1.0e-6-scale-log,Jimmy19991222/llama-3-8b-instruct-gapo-v2-rouge2-beta10-gamma0.3-lr1.0e-6-scale-log,49.071341780940806,49.16007558129805,28.07503551511944,24,29.731319240256553,-1.656283725137115
Jimmy19991222_llama-3-8b-instruct-gapo-v2-rougeL-beta10-gamma0.3-lr1.0e-6-scale-log,Jimmy19991222/llama-3-8b-instruct-gapo-v2-rougeL-beta10-gamma0.3-lr1.0e-6-scale-log,49.383787536885954,49.52489348573605,28.56256683836558,24,30.16241544123658,-1.599848602870999
Joseph717171_Hermes-3-Llama-3.1-8B_TIES_with_Base_Embeds_Initialized_to_Special_Instruct_Toks_dtypeF32,Joseph717171/Hermes-3-Llama-3.1-8B_TIES_with_Base_Embeds_Initialized_to_Special_Instruct_Toks_dtypeF32,51.640340218712026,51.77452540141247,30.724096614147957,24,33.275888003870065,-2.5517913897221085
Joseph717171_Llama-3.1-SuperNova-8B-Lite_TIES_with_Base,Joseph717171/Llama-3.1-SuperNova-8B-Lite_TIES_with_Base,51.10223919458427,51.474231271419114,31.46581339489899,24,32.5334445466267,-1.0676311517277064
Josephgflowers_Cinder-Phi-2-V1-F16-gguf,Josephgflowers/Cinder-Phi-2-V1-F16-gguf,43.72504773476827,43.966162196894935,22.45340222827221,24,22.35478424570953,0.09861798256267917
Josephgflowers_Differential-Attention-Liquid-Metal-Tinyllama,Josephgflowers/Differential-Attention-Liquid-Metal-Tinyllama,28.918590522478738,29.255611310526703,2.5522242028124382,24,1.9256142770452025,0.6266099257672357
Josephgflowers_TinyLlama-Cinder-Agent-v1,Josephgflowers/TinyLlama-Cinder-Agent-v1,30.932129838569693,31.16036735177651,3.804167155031377,24,4.703789794472004,-0.899622639440627
Josephgflowers_TinyLlama-v1.1-Cinders-World,Josephgflowers/TinyLlama-v1.1-Cinders-World,29.647630619684083,29.97965317600308,3.107714473502144,24,2.9315054126652504,0.17620906083689336
Josephgflowers_TinyLlama_v1.1_math_code-world-test-1,Josephgflowers/TinyLlama_v1.1_math_code-world-test-1,31.209859399409826,31.46349750892843,4.164017098724634,24,5.086986417565357,-0.9229693188407229
Josephgflowers_Tinyllama-STEM-Cinder-Agent-v1,Josephgflowers/Tinyllama-STEM-Cinder-Agent-v1,30.498177399756987,30.843808427144626,3.731312676862636,24,4.10504507088864,-0.3737323940260042
JungZoona_T3Q-Qwen2.5-14B-Instruct-1M-e3,JungZoona/T3Q-Qwen2.5-14B-Instruct-1M-e3,75.76809581669849,75.85971930826706,65.46659667305961,24,66.56609463510503,-1.0994979620454188
JungZoona_T3Q-qwen2.5-14b-v1.0-e3,JungZoona/T3Q-qwen2.5-14b-v1.0-e3,75.76809581669849,75.85971930826706,65.46659667305961,24,66.56609463510503,-1.0994979620454188
Junhoee_Qwen-Megumin,Junhoee/Qwen-Megumin,52.59503558409998,52.85268124572509,33.64214368642437,24,34.593126395753465,-0.9509827093290966
KSU-HW-SEC_Llama3-70b-SVA-FT-1415,KSU-HW-SEC/Llama3-70b-SVA-FT-1415,66.46415552855407,66.50146340680477,51.328741195678994,24,53.729007761477746,-2.400266565798752
KSU-HW-SEC_Llama3-70b-SVA-FT-500,KSU-HW-SEC/Llama3-70b-SVA-FT-500,66.84603367470925,66.92236023098005,51.8870262488106,24,54.25590311823109,-2.3688768694204896
KSU-HW-SEC_Llama3-70b-SVA-FT-final,KSU-HW-SEC/Llama3-70b-SVA-FT-final,66.46415552855407,66.50146340680477,51.328741195678994,24,53.729007761477746,-2.400266565798752
KSU-HW-SEC_Llama3.1-70b-SVA-FT-1000step,KSU-HW-SEC/Llama3.1-70b-SVA-FT-1000step,68.91164728345774,69.0312036516511,55.48536459580824,24,57.105928002487914,-1.620563406679672
Khetterman_DarkAtom-12B-v3,Khetterman/DarkAtom-12B-v3,51.20638777989932,51.53709655381875,31.6595419899606,24,32.6771432802867,-1.0176012903260983
Khetterman_Kosmos-8B-v1,Khetterman/Kosmos-8B-v1,52.16108314528728,52.33522858623629,31.75895920189927,24,33.99438167217011,-2.235422470270837
Kimargin_GPT-NEO-1.3B-wiki,Kimargin/GPT-NEO-1.3B-wiki,29.8906439854192,30.26339952046975,3.423611572649296,24,3.266802457871935,0.15680911477736137
KingNish_Qwen2.5-0.5b-Test-ft,KingNish/Qwen2.5-0.5b-Test-ft,32.112480472140255,32.31533857529747,6.058845092070314,24,6.332375442618752,-0.27353035054843833
KingNish_Reasoning-Llama-3b-v0.1,KingNish/Reasoning-Llama-3b-v0.1,43.32581149106058,43.43359250958279,19.86245115758441,24,21.803939100012833,-1.9414879424284237
KingNish_qwen-1b-continued,KingNish/qwen-1b-continued,29.543482034369035,29.90954389479636,4.387464099020609,24,2.787806679005245,1.599657420015364
KingNish_qwen-1b-continued-v2.1,KingNish/qwen-1b-continued-v2.1,30.06422496094428,30.416583041069003,4.197658352409889,24,3.5063003473052774,0.691358005104612
KingNish_qwen-1b-continued-v2.2,KingNish/qwen-1b-continued-v2.2,30.133657351154312,30.58657944966784,4.956068589848116,24,3.6020995030786143,1.353969086769502
Kquant03_CognitiveFusion2-4x7B-BF16,Kquant03/CognitiveFusion2-4x7B-BF16,40.87831973615692,41.07828611148379,17.689002759870313,24,18.427018859002676,-0.7380160991323628
Kquant03_L3-Pneuma-8B,Kquant03/L3-Pneuma-8B,49.401145634438464,49.55043317675483,28.82020171626968,24,30.186365230179913,-1.3661635139102337
Krystalan_DRT-o1-14B,Krystalan/DRT-o1-14B,63.565353237285194,63.79275375142291,48.14182185507073,24,49.72939300794088,-1.5875711528701473
Krystalan_DRT-o1-7B,Krystalan/DRT-o1-7B,54.556500607533415,54.67693339610741,35.73893662836844,24,37.29945254635027,-1.5605159179818244
Kukedlc_NeuralExperiment-7b-MagicCoder-v7.5,Kukedlc/NeuralExperiment-7b-MagicCoder-v7.5,39.697969102586356,39.88446544778517,16.386034485864904,24,16.798433210855926,-0.4123987249910215
Kukedlc_NeuralLLaMa-3-8b-DT-v0.1,Kukedlc/NeuralLLaMa-3-8b-DT-v0.1,49.71359139038361,49.86771544360115,28.008307823364888,24,30.61746143115994,-2.609153607795051
Kukedlc_NeuralLLaMa-3-8b-ORPO-v0.3,Kukedlc/NeuralLLaMa-3-8b-ORPO-v0.3,45.35670890470404,45.57141539616392,22.39171190823084,24,24.606064406382973,-2.2143524981521345
Kukedlc_NeuralSynthesis-7B-v0.1,Kukedlc/NeuralSynthesis-7B-v0.1,51.20638777989932,51.44745481048844,31.83439540006779,24,32.6771432802867,-0.8427478802189086
Kukedlc_NeuralSynthesis-7B-v0.3,Kukedlc/NeuralSynthesis-7B-v0.3,51.13695538968929,51.38078814382175,31.811748341244265,24,32.581344124513365,-0.7695957832691
Kukedlc_NeuralSynthesis-7b-v0.4-slerp,Kukedlc/NeuralSynthesis-7b-v0.4-slerp,51.20638777989932,51.42932549151302,31.99718681136041,24,32.6771432802867,-0.6799564689262887
Kukedlc_Qwen-2.5-7b-Spanish-o1-CoT,Kukedlc/Qwen-2.5-7b-Spanish-o1-CoT,55.910432216629054,56.01947823443536,36.86336502529178,24,39.16753608393035,-2.3041710586385733
Kumar955_Hemanth-llm,Kumar955/Hemanth-llm,51.952785974657175,52.2494907014536,33.044262388969805,24,33.70698420485008,-0.6627218158802748
LEESM_llama-2-7b-hf-lora-oki100p,LEESM/llama-2-7b-hf-lora-oki100p,34.71619510501649,34.91675272036977,10.265743141867237,24,9.924843784118922,0.3408993577483148
LEESM_llama-2-7b-hf-lora-oki10p,LEESM/llama-2-7b-hf-lora-oki10p,35.09807325117167,35.30929513059229,9.438287176618806,24,10.45173914087228,-1.0134519642534752
LEESM_llama-3-8b-bnb-4b-kowiki231101,LEESM/llama-3-8b-bnb-4b-kowiki231101,41.17340739454956,41.308056536171776,16.93486814930169,24,18.83416527103936,-1.8992971217376713
LEESM_llama-3-Korean-Bllossom-8B-trexlab-oki10p,LEESM/llama-3-Korean-Bllossom-8B-trexlab-oki10p,43.13487241798299,43.43012116932071,19.797435760911394,24,21.54049142163616,-1.7430556607247638
LGAI-EXAONE_EXAONE-3.0-7.8B-Instruct,LGAI-EXAONE/EXAONE-3.0-7.8B-Instruct,41.43377885783718,41.744326477845114,17.97733539518049,24,19.19341210518938,-1.2160767100088918
LGAI-EXAONE_EXAONE-3.5-2.4B-Instruct,LGAI-EXAONE/EXAONE-3.5-2.4B-Instruct,40.722096858184344,40.923471137234046,15.94743717105687,24,18.211470758512665,-2.2640335874557938
LGAI-EXAONE_EXAONE-3.5-32B-Instruct,LGAI-EXAONE/EXAONE-3.5-32B-Instruct,57.35115431348724,57.609137427201425,39.82420331711213,24,41.15536856622712,-1.3311652491149886
LGAI-EXAONE_EXAONE-3.5-7.8B-Instruct,LGAI-EXAONE/EXAONE-3.5-7.8B-Instruct,47.300815830584966,47.275923043598624,25.65374942082902,24,27.288440768036438,-1.6346913472074185
LLM360_K2,LLM360/K2,49.59208470751606,49.71835676523677,28.220402834201128,24,30.449812908556595,-2.2294100743554672
LLM360_K2-Chat,LLM360/K2-Chat,53.37614997396285,53.58099630242068,33.79382923599304,24,35.67086689820352,-1.8770376622104834
LLM4Binary_llm4decompile-1.3b-v2,LLM4Binary/llm4decompile-1.3b-v2,32.424926228085404,32.71808417267588,5.915475430438469,24,6.763471643598773,-0.8479962131603047
Lambent_qwen2.5-reinstruct-alternate-lumen-14B,Lambent/qwen2.5-reinstruct-alternate-lumen-14B,64.38118382225308,64.58988582965894,48.989609006737815,24,50.855033088277594,-1.8654240815397785
Langboat_Mengzi3-8B-Chat,Langboat/Mengzi3-8B-Chat,46.571775733379624,46.83725003203179,25.188298449475575,24,26.282549632416398,-1.0942511829408232
LenguajeNaturalAI_leniachat-gemma-2b-v0,LenguajeNaturalAI/leniachat-gemma-2b-v0,30.428745009546954,30.740211895412035,4.138296963728068,24,4.0092459151153035,0.12905104861276495
LenguajeNaturalAI_leniachat-qwen2-1.5B-v0,LenguajeNaturalAI/leniachat-qwen2-1.5B-v0,36.66030203089741,36.83559019561202,12.771666354808303,24,12.607220145772388,0.16444620903591556
LeroyDyer_CheckPoint_A,LeroyDyer/CheckPoint_A,47.266099635479954,47.47699745968041,25.80938677777848,24,27.240541190149774,-1.431154412371292
LeroyDyer_CheckPoint_B,LeroyDyer/CheckPoint_B,47.5785453914251,47.79947537832489,26.27124893315022,24,27.671637391129796,-1.4003884579795773
LeroyDyer_CheckPoint_C,LeroyDyer/CheckPoint_C,45.565006075334146,45.864215446207595,24.18304052622304,24,24.893461873702993,-0.7104213474799543
LeroyDyer_LCARS_AI_001,LeroyDyer/LCARS_AI_001,42.35375802812012,42.578875825590146,19.460966800253622,24,20.462750919186107,-1.001784118932484
LeroyDyer_LCARS_AI_1x4_003_SuperAI,LeroyDyer/LCARS_AI_1x4_003_SuperAI,48.93247700052074,49.198503573704805,28.423430655930204,24,29.539720928709883,-1.116290272779679
LeroyDyer_LCARS_AI_StarTrek_Computer,LeroyDyer/LCARS_AI_StarTrek_Computer,44.15900017358098,44.46191188748296,21.78100309570489,24,22.9535289692929,-1.172525873588011
LeroyDyer_LCARS_TOP_SCORE,LeroyDyer/LCARS_TOP_SCORE,51.05016490192675,51.273710518250994,31.69912679947687,24,32.461595179796696,-0.7624683803198273
LeroyDyer_Mixtral_AI_SwahiliTron_7b,LeroyDyer/Mixtral_AI_SwahiliTron_7b,30.151015448706822,30.550924532013543,3.211683047233007,24,3.626049292021951,-0.414366244788944
LeroyDyer_SpydazWebAI_Human_AGI,LeroyDyer/SpydazWebAI_Human_AGI,33.37962159347335,33.74862127508734,7.445695539873622,24,8.080710035482163,-0.6350144956085408
LeroyDyer_SpydazWebAI_Human_AGI_001,LeroyDyer/SpydazWebAI_Human_AGI_001,34.1086616906787,34.33421938604874,8.661200013836998,24,9.086601171102217,-0.42540115726521854
LeroyDyer_SpydazWeb_AI_CyberTron_Ultra_7b,LeroyDyer/SpydazWeb_AI_CyberTron_Ultra_7b,47.85627495226523,48.107736108561824,27.74553183153259,24,28.054834014223147,-0.3093021826905584
LeroyDyer_SpydazWeb_AI_HumanAGI_001_M2,LeroyDyer/SpydazWeb_AI_HumanAGI_001_M2,48.689463634785625,48.88172059118469,27.92150509438776,24,29.2044238835032,-1.2829187891154383
LeroyDyer_SpydazWeb_AI_HumanAGI_002,LeroyDyer/SpydazWeb_AI_HumanAGI_002,50.216976219406355,50.438718253893136,29.62691236357759,24,31.31200531051664,-1.6850929469390508
LeroyDyer_SpydazWeb_AI_HumanAI_001,LeroyDyer/SpydazWeb_AI_HumanAI_001,33.2581149106058,33.44036024305198,8.06526235359233,24,7.913061512878827,0.15220084071350204
LeroyDyer_SpydazWeb_AI_HumanAI_006,LeroyDyer/SpydazWeb_AI_HumanAI_006,32.66793959382052,33.01800420981355,6.725319981390316,24,7.098768688805459,-0.37344870741514224
LeroyDyer_SpydazWeb_AI_HumanAI_007,LeroyDyer/SpydazWeb_AI_HumanAI_007,33.95243881270613,34.15665794743604,8.46281905839016,24,8.871053070612206,-0.4082340122220458
LeroyDyer_SpydazWeb_AI_HumanAI_009_CHAT,LeroyDyer/SpydazWeb_AI_HumanAI_009_CHAT,32.89359486200313,33.06728717792964,7.033815600268059,24,7.410115945068806,-0.3763003448007467
LeroyDyer_SpydazWeb_AI_HumanAI_010_CHAT,LeroyDyer/SpydazWeb_AI_HumanAI_010_CHAT,33.153966325290746,33.36316476245584,7.351959868629893,24,7.769362779218817,-0.4174029105889234
LeroyDyer_SpydazWeb_AI_HumanAI_011_INSTRUCT,LeroyDyer/SpydazWeb_AI_HumanAI_011_INSTRUCT,35.13278944627669,35.22609512356862,9.415285279602362,24,10.499638718758955,-1.0843534391565939
LeroyDyer_SpydazWeb_AI_HumanAI_011_INSTRUCT_ML,LeroyDyer/SpydazWeb_AI_HumanAI_011_INSTRUCT_ML,39.697969102586356,39.84018786128357,15.599125312205128,24,16.798433210855926,-1.1993078986507975
LeroyDyer_SpydazWeb_AI_HumanAI_011_INSTRUCT_ML_r1,LeroyDyer/SpydazWeb_AI_HumanAI_011_INSTRUCT_ML_r1,48.359659781287974,48.58334104291108,27.188612130290466,24,28.749377893579847,-1.5607657632893819
LeroyDyer_SpydazWeb_AI_HumanAI_012_INSTRUCT_IA,LeroyDyer/SpydazWeb_AI_HumanAI_012_INSTRUCT_IA,45.39142509980906,45.768864760562735,23.116920348203426,24,24.653963984269648,-1.5370436360662225
LeroyDyer_SpydazWeb_AI_HumanAI_012_INSTRUCT_MX,LeroyDyer/SpydazWeb_AI_HumanAI_012_INSTRUCT_MX,31.244575594514842,31.584219386048733,5.885758837366411,24,5.134885995452025,0.7508728419143855
LeroyDyer_SpydazWeb_AI_HumanAI_012_INSTRUCT_XA,LeroyDyer/SpydazWeb_AI_HumanAI_012_INSTRUCT_XA,44.471445929526126,44.82746609774921,22.464434124386614,24,23.38462517027292,-0.9201910458863054
LeroyDyer_SpydazWeb_AI_HumanAI_RP,LeroyDyer/SpydazWeb_AI_HumanAI_RP,33.11925013018573,33.23017905974429,7.176494579151711,24,7.721463201332153,-0.5449686221804413
LeroyDyer_SpydazWeb_AI_HumanAI_TextVision,LeroyDyer/SpydazWeb_AI_HumanAI_TextVision,33.188682520395766,33.53661792896599,7.525593201173674,24,7.81726235710549,-0.29166915593181564
LeroyDyer_SpydazWeb_HumanAI_M1,LeroyDyer/SpydazWeb_HumanAI_M1,35.41051900711682,35.632705798398106,10.02754339015283,24,10.882835341852303,-0.8552919516994724
LeroyDyer_SpydazWeb_HumanAI_M2,LeroyDyer/SpydazWeb_HumanAI_M2,39.12515188335358,39.30877255291555,15.397194202296944,24,16.008090175725883,-0.6108959734289385
LeroyDyer_SpydazWeb_HumanAI_M3,LeroyDyer/SpydazWeb_HumanAI_M3,30.914771741017184,31.27257254616624,4.765388996591294,24,4.679840005528668,0.08554899106262592
LeroyDyer__Spydaz_Web_AI_12,LeroyDyer/_Spydaz_Web_AI_12,31.279291789619858,31.633960292107947,4.495993524198578,24,5.182785573338694,-0.6867920491401156
LeroyDyer__Spydaz_Web_AI_14,LeroyDyer/_Spydaz_Web_AI_14,29.6823468147891,29.88848127354542,2.162400468558809,24,2.979404990551919,-0.8170045219931099
LeroyDyer__Spydaz_Web_AI_BIBLE_002,LeroyDyer/_Spydaz_Web_AI_BIBLE_002,32.58114910605798,32.89070186514166,6.349580156104774,24,6.979019744088784,-0.6294395879840096
LeroyDyer__Spydaz_Web_AI_ChatML_002,LeroyDyer/_Spydaz_Web_AI_ChatML_002,30.75854886304461,31.063835989570947,4.191974214495695,24,4.464291905038657,-0.2723176905429616
LeroyDyer__Spydaz_Web_AI_ChatQA,LeroyDyer/_Spydaz_Web_AI_ChatQA,31.990973789272697,32.35949383741351,5.599561733978841,24,6.16472692001541,-0.5651651860365687
LeroyDyer__Spydaz_Web_AI_ChatQA_003,LeroyDyer/_Spydaz_Web_AI_ChatQA_003,31.34872417982989,31.718114078155367,4.293436202390652,24,5.278584729112031,-0.9851485267213791
LightningRodLabs_Flashlight-v1.0,LightningRodLabs/Flashlight-v1.0,68.52976913730255,68.76833310149728,55.15022389243257,24,56.57903264573454,-1.428808753301972
LightningRodLabs_Flashlight-v1.1,LightningRodLabs/Flashlight-v1.1,68.80749869814268,69.01141327534414,55.432811255376855,24,56.96222926882789,-1.5294180134510356
LightningRodLabs_Flashlight-v1.2,LightningRodLabs/Flashlight-v1.2,32.25134525256032,32.64526807518732,6.159209487289303,24,6.523973754165426,-0.36476426687612307
Lil-R_2_PRYMMAL-ECE-2B-SLERP-V1,Lil-R/2_PRYMMAL-ECE-2B-SLERP-V1,42.77035236938032,42.87069505821554,19.53491130754225,24,21.03754585382614,-1.5026345462838897
Lil-R_2_PRYMMAL-ECE-2B-SLERP-V2,Lil-R/2_PRYMMAL-ECE-2B-SLERP-V2,43.5861829543482,43.764741906109414,20.19737664058305,24,22.163185934162858,-1.965809293579806
Lil-R_2_PRYMMAL-ECE-7B-SLERP,Lil-R/2_PRYMMAL-ECE-7B-SLERP,55.32025689984378,55.56642048146724,36.48257004939404,24,38.35324325985698,-1.8706732104629396
Lil-R_2_PRYMMAL-ECE-7B-SLERP-V1,Lil-R/2_PRYMMAL-ECE-7B-SLERP-V1,30.237805936469364,30.52579755032969,2.784018230925968,24,3.745798236738625,-0.9617800058126571
Lil-R_2_PRYMMAL-ECE-7B-SLERP-V2,Lil-R/2_PRYMMAL-ECE-7B-SLERP-V2,30.237805936469364,30.52579755032969,2.784018230925968,24,3.745798236738625,-0.9617800058126571
Lil-R_2_PRYMMAL-ECE-7B-SLERP-V3,Lil-R/2_PRYMMAL-ECE-7B-SLERP-V3,35.42787710466933,35.7839880712804,10.612229209084203,24,10.906785130795638,-0.2945559217114351
Lil-R_PRYMMAL-ECE-1B-SLERP-V1,Lil-R/PRYMMAL-ECE-1B-SLERP-V1,41.485853150494705,41.904526564708185,17.999676133564762,24,19.265261472019382,-1.2655853384546205
Lil-R_PRYMMAL-ECE-7B-SLERP-V8,Lil-R/PRYMMAL-ECE-7B-SLERP-V8,29.35254296129144,29.55092966258663,2.270601109130521,24,2.5243590006285612,-0.25375789149804007
LilRg_10PRYMMAL-3B-slerp,LilRg/10PRYMMAL-3B-slerp,52.99427182780767,53.20377091634506,34.877917500461,24,35.143971541450156,-0.26605404098915386
LilRg_ECE-1B-merge-PRYMMAL,LilRg/ECE-1B-merge-PRYMMAL,41.902447491754906,42.345600176908754,19.141465000010825,24,19.84005640665941,-0.6985914066485854
LilRg_ECE_Finetunning,LilRg/ECE_Finetunning,47.09251865995487,47.3215967907305,26.530834895216355,24,27.001043300716425,-0.47020840550007037
LilRg_PRYMMAL-6B-slerp,LilRg/PRYMMAL-6B-slerp,28.501996181218537,28.67621569203612,2.2124311744899985,24,1.3508193424051707,0.8616118320848278
LilRg_PRYMMAL-ECE-7B-SLERP-V3,LilRg/PRYMMAL-ECE-7B-SLERP-V3,29.38725915639646,29.572390849801238,2.290323331352744,24,2.572258578515234,-0.2819352471624903
LilRg_PRYMMAL-ECE-7B-SLERP-V4,LilRg/PRYMMAL-ECE-7B-SLERP-V4,29.38725915639646,29.572390849801238,2.290323331352744,24,2.572258578515234,-0.2819352471624903
LilRg_PRYMMAL-ECE-7B-SLERP-V5,LilRg/PRYMMAL-ECE-7B-SLERP-V5,29.38725915639646,29.572390849801238,2.290323331352744,24,2.572258578515234,-0.2819352471624903
LilRg_PRYMMAL-ECE-7B-SLERP-V6,LilRg/PRYMMAL-ECE-7B-SLERP-V6,29.38725915639646,29.572390849801238,2.290323331352744,24,2.572258578515234,-0.2819352471624903
LilRg_PRYMMAL-ECE-7B-SLERP-V7,LilRg/PRYMMAL-ECE-7B-SLERP-V7,29.38725915639646,29.572390849801238,2.290323331352744,24,2.572258578515234,-0.2819352471624903
LilRg_PRYMMAL-slerp-Merge,LilRg/PRYMMAL-slerp-Merge,53.480298559277905,53.641562717689254,35.553775523419816,24,35.81456563186352,-0.2607901084437074
LimYeri_CodeMind-Llama3-8B-unsloth_v2-merged,LimYeri/CodeMind-Llama3-8B-unsloth_v2-merged,48.359659781287974,48.60092088299632,26.655629407381003,24,28.749377893579847,-2.0937484861988445
LimYeri_CodeMind-Llama3-8B-unsloth_v3-merged,LimYeri/CodeMind-Llama3-8B-unsloth_v3-merged,48.93247700052074,49.08161460506796,27.02521610839599,24,29.539720928709883,-2.514504820313892
LimYeri_CodeMind-Llama3-8B-unsloth_v4-one-DPO-merged,LimYeri/CodeMind-Llama3-8B-unsloth_v4-one-DPO-merged,48.27286929352543,48.526582322240046,26.37017668673992,24,28.62962894886317,-2.2594522621232507
LimYeri_CodeMind-Llama3-8B-unsloth_v4-one-merged,LimYeri/CodeMind-Llama3-8B-unsloth_v4-one-merged,47.12723485505988,47.38758608456885,24.57473532012109,24,27.04894287860309,-2.474207558482
LimYeri_CodeMind-Llama3.1-8B-unsloth-merged,LimYeri/CodeMind-Llama3.1-8B-unsloth-merged,46.86686339177226,46.947778544162844,24.185738827978955,24,26.689696044453083,-2.5039572164741273
Locutusque_CollectiveLM-Falcon-3-7B,Locutusque/CollectiveLM-Falcon-3-7B,50.72036104842909,51.05131374222629,30.78734455849681,24,32.00654918987333,-1.219204631376524
Locutusque_Hercules-6.0-Llama-3.1-8B,Locutusque/Hercules-6.0-Llama-3.1-8B,47.97778163513279,48.13303790011954,26.63965184405082,24,28.222482536826494,-1.5828306927756728
Locutusque_Hercules-6.1-Llama-3.1-8B,Locutusque/Hercules-6.1-Llama-3.1-8B,46.32876236764451,46.56242376503402,24.151873375413786,24,25.94725258720971,-1.7953792117959253
Locutusque_Llama-3-NeuralHercules-5.0-8B,Locutusque/Llama-3-NeuralHercules-5.0-8B,38.88213851761847,39.40474241916672,16.34207153663529,24,15.67279313051921,0.6692784061160815
Locutusque_Llama-3-Yggdrasil-2.0-8B,Locutusque/Llama-3-Yggdrasil-2.0-8B,47.318173928137476,47.72455142466686,26.922800957191782,24,27.312390556979775,-0.38958959978799257
Locutusque_TinyMistral-248M-v2.5,Locutusque/TinyMistral-248M-v2.5,30.08158305849679,30.38576112326078,3.181881126755549,24,3.530250136248614,-0.34836900949306493
Luni_StarDust-12b-v1,Luni/StarDust-12b-v1,53.341433778857834,53.66139363101083,34.44627563758498,24,35.622967320316846,-1.1766916827318639
Luni_StarDust-12b-v2,Luni/StarDust-12b-v2,53.844818607880576,54.19479534912178,34.95288411454464,24,36.31751119967355,-1.3646270851289088
Lunzima_NQLSG-Qwen2.5-14B-MegaFusion-v3,Lunzima/NQLSG-Qwen2.5-14B-MegaFusion-v3,64.67627148064572,64.78481476573447,49.31202888085861,24,51.26217950031429,-1.9501506194556768
Lunzima_NQLSG-Qwen2.5-14B-MegaFusion-v5,Lunzima/NQLSG-Qwen2.5-14B-MegaFusion-v5,64.46797431001562,64.66679318879385,49.50507308185843,24,50.97478203299427,-1.4697089511358428
Lunzima_NQLSG-Qwen2.5-14B-MegaFusion-v6,Lunzima/NQLSG-Qwen2.5-14B-MegaFusion-v6,64.46797431001562,64.57646219275206,49.104366248398456,24,50.97478203299427,-1.8704157845958136
Lunzima_NQLSG-Qwen2.5-14B-MegaFusion-v7-rebase,Lunzima/NQLSG-Qwen2.5-14B-MegaFusion-v7-rebase,64.03402187120291,64.22587980411636,48.854078526667685,24,50.376037309410904,-1.5219587827432193
Lunzima_NQLSG-Qwen2.5-14B-MegaFusion-v8,Lunzima/NQLSG-Qwen2.5-14B-MegaFusion-v8,64.50269050512064,64.64622296537796,49.0341381962539,24,51.02268161088094,-1.9885434146270384
Lunzima_NQLSG-Qwen2.5-14B-MegaFusion-v8.5,Lunzima/NQLSG-Qwen2.5-14B-MegaFusion-v8.5,64.29439333449054,64.51310724242121,49.07822518409933,24,50.73528414356092,-1.6570589594615868
Lunzima_NQLSG-Qwen2.5-14B-MegaFusion-v8.6,Lunzima/NQLSG-Qwen2.5-14B-MegaFusion-v8.6,64.3985419198056,64.57173605698173,48.98525935245095,24,50.878982877220935,-1.8937235247699817
Lunzima_NQLSG-Qwen2.5-14B-MegaFusion-v8.7,Lunzima/NQLSG-Qwen2.5-14B-MegaFusion-v8.7,64.84985245617081,64.96383797869687,49.91009317302106,24,51.501677389747634,-1.5915842167265737
Lunzima_NQLSG-Qwen2.5-14B-MegaFusion-v8.9,Lunzima/NQLSG-Qwen2.5-14B-MegaFusion-v8.9,64.72834577330325,64.88391435015804,49.94686965422407,24,51.33402886714429,-1.387159212920217
Lunzima_NQLSG-Qwen2.5-14B-MegaFusion-v9-stock,Lunzima/NQLSG-Qwen2.5-14B-MegaFusion-v9-stock,65.54417635827113,65.70671029574324,50.620019436503945,24,52.459668947481006,-1.8396495109770612
Lyte_Llama-3.1-8B-Instruct-Reasoner-1o1_v0.3,Lyte/Llama-3.1-8B-Instruct-Reasoner-1o1_v0.3,49.401145634438464,49.495216193295846,27.83521213410715,24,30.186365230179913,-2.351153096072764
Lyte_Llama-3.2-1B-Instruct-COT-RL-Expriement1-EP04,Lyte/Llama-3.2-1B-Instruct-COT-RL-Expriement1-EP04,34.88977608054157,35.15036874279285,8.894408584162113,24,10.16434167355227,-1.2699330893901575
Lyte_Llama-3.2-3B-Overthinker,Lyte/Llama-3.2-3B-Overthinker,43.20430480819302,43.200930979525175,20.095582226457157,24,21.636290577409497,-1.5407083509523396
M4-ai_TinyMistral-248M-v3,M4-ai/TinyMistral-248M-v3,28.48463808366603,28.84549938995566,1.7775539303863237,24,1.326869553461839,0.4506843769244846
MEscriva_ECE-PRYMMAL-0.5B-FT-V5-MUSR-Mathis,MEscriva/ECE-PRYMMAL-0.5B-FT-V5-MUSR-Mathis,30.324596424231903,30.572861243788093,3.237774271047842,24,3.8655471814552937,-0.6277729104074519
MLP-KTLim_llama-3-Korean-Bllossom-8B,MLP-KTLim/llama-3-Korean-Bllossom-8B,48.8456865127582,49.00455647018767,26.927527973055067,24,29.41997198399321,-2.4924440109381436
MTSAIR_Cotype-Nano,MTSAIR/Cotype-Nano,38.36139559104322,38.649409696014914,14.446870023241225,24,14.954299462219167,-0.5074294389779421
MTSAIR_MultiVerse_70B,MTSAIR/MultiVerse_70B,61.29144245790661,61.831342849311774,46.135898982415,24,46.591970656364055,-0.45607167394905446
Magpie-Align_Llama-3-8B-Magpie-Align-SFT-v0.1,Magpie-Align/Llama-3-8B-Magpie-Align-SFT-v0.1,45.8948099288318,46.151027445273655,23.990124398411343,24,25.34850786362634,-1.3583834652149989
Magpie-Align_Llama-3-8B-Magpie-Align-SFT-v0.3,Magpie-Align/Llama-3-8B-Magpie-Align-SFT-v0.3,45.53028988022913,45.71580899672055,23.698815892387582,24,24.845562295816322,-1.1467464034287396
Magpie-Align_Llama-3-8B-Magpie-Align-v0.1,Magpie-Align/Llama-3-8B-Magpie-Align-v0.1,47.71741017184517,47.89408101970552,26.69176089392447,24,27.86323570267647,-1.1714748087519986
Magpie-Align_Llama-3-8B-Magpie-Align-v0.3,Magpie-Align/Llama-3-8B-Magpie-Align-v0.3,45.53028988022913,45.69605065220009,24.311446807587014,24,24.845562295816322,-0.5341154882293075
Magpie-Align_Llama-3.1-8B-Magpie-Align-SFT-v0.1,Magpie-Align/Llama-3.1-8B-Magpie-Align-SFT-v0.1,47.42232251345253,47.641578177999065,26.13667696363235,24,27.456089290639785,-1.3194123270074343
Magpie-Align_Llama-3.1-8B-Magpie-Align-v0.1,Magpie-Align/Llama-3.1-8B-Magpie-Align-v0.1,45.92952612393682,46.22396316468015,24.04053735093787,24,25.396407441513013,-1.3558700905751415
Magpie-Align_MagpieLM-8B-Chat-v0.1,Magpie-Align/MagpieLM-8B-Chat-v0.1,41.468495052942195,41.72338260055306,18.25580502860485,24,19.24131168307604,-0.985506654471191
Magpie-Align_MagpieLM-8B-SFT-v0.1,Magpie-Align/MagpieLM-8B-SFT-v0.1,45.30463461204652,45.52850159555336,23.61231335017796,24,24.534215039552972,-0.9219016893750123
ManoloPueblo_ContentCuisine_1-7B-slerp,ManoloPueblo/ContentCuisine_1-7B-slerp,51.50147543829196,51.88437309746964,32.78974404613455,24,33.08428969232339,-0.29454564618883694
ManoloPueblo_LLM_MERGE_CC2,ManoloPueblo/LLM_MERGE_CC2,51.72713070647457,52.09367401710429,33.241073524404655,24,33.39563694858674,-0.15456342418208635
ManoloPueblo_LLM_MERGE_CC3,ManoloPueblo/LLM_MERGE_CC3,52.2131574379448,52.4629054627434,33.23001780763082,24,34.06623103900011,-0.8362132313692854
MarinaraSpaghetti_NemoReRemix-12B,MarinaraSpaghetti/NemoReRemix-12B,55.11195972921368,55.36511805668158,36.12470152357596,24,38.06584579253697,-1.9411442689610112
MarinaraSpaghetti_Nemomix-v4.0-12B,MarinaraSpaghetti/Nemomix-v4.0-12B,52.404096511022395,52.74986611124783,32.879942700903165,24,34.32967871737679,-1.4497360164736222
Marsouuu_MiniMathExpert-2_61B-ECE-PRYMMAL-Martial,Marsouuu/MiniMathExpert-2_61B-ECE-PRYMMAL-Martial,39.1598680784586,39.5273033049396,15.297499289020854,24,16.055989753612558,-0.7584904645917039
Marsouuu_MiniQwenMathExpert-ECE-PRYMMAL-Martial,Marsouuu/MiniQwenMathExpert-ECE-PRYMMAL-Martial,41.885089394202396,42.30134304410894,19.019948525917457,24,19.816106617716077,-0.7961580917986204
Marsouuu_MistralBase-4x7B-MoE-ECE-PRYMMAL-Martial,Marsouuu/MistralBase-4x7B-MoE-ECE-PRYMMAL-Martial,34.42110744662385,34.64368053320647,8.870227428732667,24,9.517697372082239,-0.6474699433495719
Marsouuu_general3B-ECE-PRYMMAL-Martial,Marsouuu/general3B-ECE-PRYMMAL-Martial,53.775386217670544,53.94350977017501,35.70087336193955,24,36.22171204390021,-0.5208386819606616
Marsouuu_general3Bv2-ECE-PRYMMAL-Martial,Marsouuu/general3Bv2-ECE-PRYMMAL-Martial,56.08401319215414,56.36569831901025,37.66776306891555,24,39.407033973363696,-1.7392709044481478
Marsouuu_lareneg1_78B-ECE-PRYMMAL-Martial,Marsouuu/lareneg1_78B-ECE-PRYMMAL-Martial,41.885089394202396,42.30134304410894,19.019948525917457,24,19.816106617716077,-0.7961580917986204
Marsouuu_lareneg3B-ECE-PRYMMAL-Martial,Marsouuu/lareneg3B-ECE-PRYMMAL-Martial,54.38291963200833,54.533258075782676,36.35072191454026,24,37.059954656916915,-0.7092327423766562
Marsouuu_lareneg3Bv2-ECE-PRYMMAL-Martial,Marsouuu/lareneg3Bv2-ECE-PRYMMAL-Martial,55.979864606839094,56.23360145379041,37.47164011473157,24,39.26333523970369,-1.7916951249721222
MaziyarPanahi_Calme-4x7B-MoE-v0.1,MaziyarPanahi/Calme-4x7B-MoE-v0.1,50.78979343863912,51.02819889174134,31.26187805626151,24,32.102348345646675,-0.8404702893851663
MaziyarPanahi_Calme-4x7B-MoE-v0.2,MaziyarPanahi/Calme-4x7B-MoE-v0.2,50.876583926401665,51.107668025582626,31.396819621762447,24,32.222097290363344,-0.8252776686008971
MaziyarPanahi_Llama-3-70B-Instruct-v0.1,MaziyarPanahi/Llama-3-70B-Instruct-v0.1,53.20256899843777,53.66257615951637,32.71291726367119,24,35.43136900877017,-2.7184517450989816
MaziyarPanahi_Llama-3-8B-Instruct-v0.10,MaziyarPanahi/Llama-3-8B-Instruct-v0.10,49.00190939073077,49.24311866686312,27.924674302120888,24,29.63552008448322,-1.7108457823623304
MaziyarPanahi_Llama-3-8B-Instruct-v0.8,MaziyarPanahi/Llama-3-8B-Instruct-v0.8,49.453219927095994,49.62783681594988,28.270418759783485,24,30.258214597009925,-1.9877958372264395
MaziyarPanahi_Llama-3-8B-Instruct-v0.9,MaziyarPanahi/Llama-3-8B-Instruct-v0.9,49.17549036625586,49.361327948700854,27.903013285410186,24,29.875017973916567,-1.9720046885063809
MaziyarPanahi_Qwen1.5-MoE-A2.7B-Wikihow,MaziyarPanahi/Qwen1.5-MoE-A2.7B-Wikihow,38.916854712723485,39.200714548906014,15.47343942401254,24,15.720692708405872,-0.2472532843933326
MaziyarPanahi_Qwen2-7B-Instruct-v0.1,MaziyarPanahi/Qwen2-7B-Instruct-v0.1,50.84186773129665,51.23061019250074,31.92360727430821,24,32.17419771247668,-0.25059043816847293
MaziyarPanahi_Qwen2-7B-Instruct-v0.8,MaziyarPanahi/Qwen2-7B-Instruct-v0.8,46.120465197014404,46.37108491317946,25.532524528361478,24,25.65985511988969,-0.1273305915282137
MaziyarPanahi_calme-2.1-llama3.1-70b,MaziyarPanahi/calme-2.1-llama3.1-70b,64.31175143204305,64.4755327496552,48.55364600487639,24,50.759233932504266,-2.2055879276278745
MaziyarPanahi_calme-2.1-phi3-4b,MaziyarPanahi/calme-2.1-phi3-4b,55.650060753341435,55.95320442699867,38.1242795228128,24,38.80828924978034,-0.6840097269675383
MaziyarPanahi_calme-2.1-phi3.5-4b,MaziyarPanahi/calme-2.1-phi3.5-4b,54.67800729040097,54.836955902038426,36.11009692957303,24,37.4671010689536,-1.357004139380571
MaziyarPanahi_calme-2.1-qwen2-72b,MaziyarPanahi/calme-2.1-qwen2-72b,69.55389689290054,69.65560971922595,57.3258823447103,24,57.99207019339128,-0.6661878486809769
MaziyarPanahi_calme-2.1-qwen2-7b,MaziyarPanahi/calme-2.1-qwen2-7b,50.06075334143378,50.45925887362794,31.00709744702013,24,31.096457210026628,-0.08935976300649884
MaziyarPanahi_calme-2.1-qwen2.5-72b,MaziyarPanahi/calme-2.1-qwen2.5-72b,72.45269918416942,72.61624327092416,61.65570318314716,24,61.991684946928146,-0.33598176378098543
MaziyarPanahi_calme-2.1-rys-78b,MaziyarPanahi/calme-2.1-rys-78b,70.85575420933866,70.97861139530461,59.4700307859535,24,59.78830436414137,-0.3182735781878705
MaziyarPanahi_calme-2.2-llama3-70b,MaziyarPanahi/calme-2.2-llama3-70b,63.981947578545395,64.35431762417701,48.57170594999846,24,50.3041879425809,-1.7324819925824428
MaziyarPanahi_calme-2.2-llama3.1-70b,MaziyarPanahi/calme-2.2-llama3.1-70b,67.80072904009721,67.92920009427085,54.20646208605566,24,55.573141510114496,-1.3666794240588374
MaziyarPanahi_calme-2.2-phi3-4b,MaziyarPanahi/calme-2.2-phi3-4b,55.05988543655615,55.29604896487259,37.733734155011526,24,37.99399642570696,-0.26026227069543495
MaziyarPanahi_calme-2.2-qwen2-72b,MaziyarPanahi/calme-2.2-qwen2-72b,69.31088352716542,69.39595229335247,56.79594225047665,24,57.65677314818459,-0.8608308977079417
MaziyarPanahi_calme-2.2-qwen2-7b,MaziyarPanahi/calme-2.2-qwen2-7b,51.83127929178962,52.14913750127922,33.10936559556884,24,33.539335682246744,-0.4299700866779048
MaziyarPanahi_calme-2.2-qwen2.5-72b,MaziyarPanahi/calme-2.2-qwen2.5-72b,72.60892206214199,72.76399007138082,61.80360419146786,24,62.20723304741814,-0.40362885595028075
MaziyarPanahi_calme-2.2-rys-78b,MaziyarPanahi/calme-2.2-rys-78b,70.71688942891859,70.81014602379214,59.268645675184494,24,59.5967060525947,-0.32806037741020333
MaziyarPanahi_calme-2.3-llama3-70b,MaziyarPanahi/calme-2.3-llama3-70b,63.669501822600246,63.99173489368602,48.0085850617923,24,49.87309174160088,-1.8645066798085779
MaziyarPanahi_calme-2.3-llama3.1-70b,MaziyarPanahi/calme-2.3-llama3.1-70b,68.6165596250651,68.71653740091752,55.58549511699308,24,56.69878159045122,-1.113286473458139
MaziyarPanahi_calme-2.3-phi3-4b,MaziyarPanahi/calme-2.3-phi3-4b,55.07724353410866,55.37867816134528,37.65889241962552,24,38.017946214650294,-0.35905379502477075
MaziyarPanahi_calme-2.3-qwen2-72b,MaziyarPanahi/calme-2.3-qwen2-72b,65.6830411386912,65.76306700720502,51.22830430718469,24,52.65126725902768,-1.4229629518429832
MaziyarPanahi_calme-2.3-qwen2-7b,MaziyarPanahi/calme-2.3-qwen2-7b,50.37319909737893,50.64049035932394,30.95608211537095,24,31.527553411006647,-0.5714712956356962
MaziyarPanahi_calme-2.3-rys-78b,MaziyarPanahi/calme-2.3-rys-78b,70.97726089220622,71.07763314317289,59.57454695904105,24,59.95595288674471,-0.38140592770366055
MaziyarPanahi_calme-2.4-llama3-70b,MaziyarPanahi/calme-2.4-llama3-70b,63.89515709078285,64.18191966839487,48.39776612820646,24,50.18443899786422,-1.7866728696577567
MaziyarPanahi_calme-2.4-qwen2-7b,MaziyarPanahi/calme-2.4-qwen2-7b,50.68564485332408,51.014163262517705,31.8182656422348,24,31.958649611986672,-0.1403839697518734
MaziyarPanahi_calme-2.4-rys-78b,MaziyarPanahi/calme-2.4-rys-78b,72.59156396458948,72.79510956242797,62.15654929467119,24,62.183283258474816,-0.026733963803629024
MaziyarPanahi_calme-2.5-qwen2-7b,MaziyarPanahi/calme-2.5-qwen2-7b,48.65474743968061,48.86561146965678,28.28099517875505,24,29.156524305616532,-0.8755291268614833
MaziyarPanahi_calme-2.6-qwen2-7b,MaziyarPanahi/calme-2.6-qwen2-7b,48.93247700052074,49.30243946403894,29.30841923308876,24,29.539720928709883,-0.23130169562112357
MaziyarPanahi_calme-2.7-qwen2-7b,MaziyarPanahi/calme-2.7-qwen2-7b,48.51588265926055,48.831709013099974,28.912244614673995,24,28.964925994069862,-0.05268137939586737
MaziyarPanahi_calme-3.1-baguette-3b,MaziyarPanahi/calme-3.1-baguette-3b,46.537059538274605,46.833341042911066,25.50768075774144,24,26.234650054529723,-0.7269692967882833
MaziyarPanahi_calme-3.1-instruct-3b,MaziyarPanahi/calme-3.1-instruct-3b,47.82155875716022,48.12730148043098,27.30989595933989,24,28.00693443633648,-0.6970384769965889
MaziyarPanahi_calme-3.1-instruct-78b,MaziyarPanahi/calme-3.1-instruct-78b,72.83457733032459,73.05154498840407,62.40968270370106,24,62.51858030368149,-0.10889759998043047
MaziyarPanahi_calme-3.1-llamaloi-3b,MaziyarPanahi/calme-3.1-llamaloi-3b,45.66915466064919,45.87340004998879,23.7691655758483,24,25.037160607362996,-1.267995031514694
MaziyarPanahi_calme-3.2-baguette-3b,MaziyarPanahi/calme-3.2-baguette-3b,46.81478909911473,47.0862269902714,25.865746650731108,24,26.61784667762307,-0.7521000268919629
MaziyarPanahi_calme-3.2-instruct-3b,MaziyarPanahi/calme-3.2-instruct-3b,48.307585488630444,48.65641110376735,27.976798242393084,24,28.67752852674984,-0.7007302843567551
MaziyarPanahi_calme-3.2-instruct-78b,MaziyarPanahi/calme-3.2-instruct-78b,72.97344211074466,73.18616272092673,62.6094432829016,24,62.71017861522817,-0.10073533232657184
MaziyarPanahi_calme-3.3-baguette-3b,MaziyarPanahi/calme-3.3-baguette-3b,46.39819475785454,46.7821729595752,25.59659410609641,24,26.043051742983046,-0.44645763688663465
MaziyarPanahi_calme-3.3-instruct-3b,MaziyarPanahi/calme-3.3-instruct-3b,46.58913383093213,46.933409427688694,25.682137818579093,24,26.306499421359717,-0.624361602780624
Minami-su_Amara-o1-7B-Qwen,Minami-su/Amara-o1-7B-Qwen,51.675056413817046,51.99420077880453,32.7968298710958,24,33.32378758175673,-0.5269577106609304
Minami-su_Amara-o2-7B-Qwen,Minami-su/Amara-o2-7B-Qwen,51.34525256031939,51.73432604435285,31.79812727299554,24,32.86874159183338,-1.070614318837837
Minami-su_test-7B-00,Minami-su/test-7B-00,44.26314875889602,44.661237656101804,21.48995001898129,24,23.0972277029529,-1.6072776839716099
Minami-su_test-7B-01,Minami-su/test-7B-01,43.7944801249783,44.22359420239754,20.824494266256867,24,22.450583401482866,-1.6260891352259996
Minami-su_test-v2-7B-00,Minami-su/test-v2-7B-00,43.81183822253081,44.159893445953536,21.19075482398095,24,22.474533190426204,-1.2837783664452544
ModelCloud_Llama-3.2-1B-Instruct-gptqmodel-4bit-vortex-v1,ModelCloud/Llama-3.2-1B-Instruct-gptqmodel-4bit-vortex-v1,32.18191286235029,32.52726665015006,5.859172283470534,24,6.428174598392089,-0.5690023149215548
ModelSpace_GemmaX2-28-9B-v0.1,ModelSpace/GemmaX2-28-9B-v0.1,36.59086964068738,36.87226427280162,11.707676917585225,24,12.511420989999051,-0.8037440724138261
NAPS-ai_naps-gemma-2-27b-v0.1.0,NAPS-ai/naps-gemma-2-27b-v0.1.0,28.762367644506163,29.117781029884352,2.3470409575204094,24,1.7100661765551917,0.6369747809652178
NAPS-ai_naps-llama-3_1-instruct-v0.5.0,NAPS-ai/naps-llama-3_1-instruct-v0.5.0,41.31227217496962,41.475843656896906,18.110133310152776,24,19.025763582586034,-0.9156302724332583
NCSOFT_Llama-VARCO-8B-Instruct,NCSOFT/Llama-VARCO-8B-Instruct,49.99132095122375,50.22879316026018,29.177056729688577,24,31.000658054253293,-1.8236013245647165
Naveenpoliasetty_llama3-8B-V2,Naveenpoliasetty/llama3-8B-V2,51.72713070647457,51.886575800650625,30.873209425039573,24,33.39563694858674,-2.5224275235471687
NbAiLab_nb-llama-3.1-8B-Instruct,NbAiLab/nb-llama-3.1-8B-Instruct,32.23398715500781,32.46655313558953,5.448858800501278,24,6.500023965222089,-1.0511651647208105
Nekochu_Llama-3.1-8B-German-ORPO,Nekochu/Llama-3.1-8B-German-ORPO,49.66151709772609,49.82577044334462,29.419254274936463,24,30.545612064329937,-1.1263577893934738
Nexesenex_Llama_3.1_8b_DeepDive_3_R1_Prev_v1.0,Nexesenex/Llama_3.1_8b_DeepDive_3_R1_Prev_v1.0,51.08488109703177,51.203649030939005,30.73278378127992,24,32.50949475768336,-1.776710976403443
Nexesenex_Llama_3.1_8b_DobHerWild_R1_v1.1R,Nexesenex/Llama_3.1_8b_DobHerWild_R1_v1.1R,52.404096511022395,52.5696414662245,32.825750312399464,24,34.32967871737679,-1.503928404977323
Nexesenex_Llama_3.1_8b_DoberWild_v2.02,Nexesenex/Llama_3.1_8b_DoberWild_v2.02,52.97691373025516,53.1273698652086,33.35331271516665,24,35.12002175250682,-1.7667090373401706
Nexesenex_Llama_3.1_8b_DodoWild_v2.01,Nexesenex/Llama_3.1_8b_DodoWild_v2.01,52.4214546085749,52.52760762748857,32.110872058033216,24,34.35362850632011,-2.2427564482868974
Nexesenex_Llama_3.1_8b_DodoWild_v2.02,Nexesenex/Llama_3.1_8b_DodoWild_v2.02,52.49088699878493,52.61737638679802,32.31915252588661,24,34.44942766209345,-2.1302751362068406
Nexesenex_Llama_3.1_8b_DodoWild_v2.03,Nexesenex/Llama_3.1_8b_DodoWild_v2.03,52.92483943759764,53.08250043829361,33.022959512096214,24,35.04817238567682,-2.0252128735806068
Nexesenex_Llama_3.1_8b_Dolermed_R1_V1.01,Nexesenex/Llama_3.1_8b_Dolermed_R1_V1.01,53.063704218017705,53.12389177563647,33.28793158004305,24,35.23977069722349,-1.951839117180441
Nexesenex_Llama_3.1_8b_Dolermed_V1.01,Nexesenex/Llama_3.1_8b_Dolermed_V1.01,51.74448880402708,51.936150333473535,31.7058028455963,24,33.41958673753007,-1.713783891933769
Nexesenex_Llama_3.1_8b_Dolerstormed_V1.04,Nexesenex/Llama_3.1_8b_Dolerstormed_V1.04,51.83127929178962,51.95180641442355,31.641151925155334,24,33.539335682246744,-1.8981837570914095
Nexesenex_Llama_3.1_8b_Hermedive_R1_V1.01,Nexesenex/Llama_3.1_8b_Hermedive_R1_V1.01,51.53619163339698,51.7085598673404,31.12996175276656,24,33.13218927021006,-2.002227517443501
Nexesenex_Llama_3.1_8b_Mediver_V1.01,Nexesenex/Llama_3.1_8b_Mediver_V1.01,43.81183822253081,44.14832589674597,20.44150346627676,24,22.474533190426204,-2.0330297241494435
Nexesenex_Llama_3.1_8b_Smarteaz_0.2_R1,Nexesenex/Llama_3.1_8b_Smarteaz_0.2_R1,50.9460163166117,51.125048280887626,30.6976172290985,24,32.317896446136686,-1.6202792170381848
Nexesenex_Llama_3.1_8b_Smarteaz_V1.01,Nexesenex/Llama_3.1_8b_Smarteaz_V1.01,52.28258982815483,52.41273021389003,32.275457070272665,24,34.16203019477344,-1.886573124500778
Nexesenex_Llama_3.2_1b_AquaSyn_0.1,Nexesenex/Llama_3.2_1b_AquaSyn_0.1,32.65058149626801,32.84363786988482,6.212570678140739,24,7.074818899862121,-0.8622482217213827
Nexesenex_Llama_3.2_1b_Odyssea_V1,Nexesenex/Llama_3.2_1b_Odyssea_V1,29.75177920499913,30.097158320980174,2.6467030023577163,24,3.0752041463252557,-0.42850114396753947
Nexesenex_Llama_3.2_1b_Odyssea_V1.01,Nexesenex/Llama_3.2_1b_Odyssea_V1.01,30.116299253601806,30.446516121385514,2.848403718897272,24,3.5781497141352823,-0.7297459952380101
Nexesenex_Llama_3.2_1b_SunOrca_V1,Nexesenex/Llama_3.2_1b_SunOrca_V1,34.02187120291616,34.306447662530104,7.852676178179103,24,8.966852226385544,-1.1141760482064411
Nexesenex_Llama_3.2_1b_Sydonia_0.1,Nexesenex/Llama_3.2_1b_Sydonia_0.1,30.9494879361222,31.210928710549805,4.742438568322573,24,4.727739583415335,0.014698984907237644
Nexesenex_Llama_3.2_3b_Kermes_v2,Nexesenex/Llama_3.2_3b_Kermes_v2,44.384655441763584,44.55453969293932,22.049944802060324,24,23.264876225556247,-1.2149314234959228
NikolaSigmoid_AceMath-1.5B-Instruct-dolphin-r1-200,NikolaSigmoid/AceMath-1.5B-Instruct-dolphin-r1-200,27.70352369380316,28.148007801214714,1.586299722165597,24,0.24912905101178573,1.3371706711538112
NikolaSigmoid_DeepSeek-R1-Distill-Qwen-1.5B-500,NikolaSigmoid/DeepSeek-R1-Distill-Qwen-1.5B-500,25.742058670369726,26.015954545866084,0.3579812834224598,24,0.0,0.3579812834224598
NikolaSigmoid_phi-4-14b,NikolaSigmoid/phi-4-14b,66.79395938205172,66.95000807996671,52.50069258575488,24,54.18405375140109,-1.683361165646211
NotASI_FineTome-Llama3.2-3B-1002,NotASI/FineTome-Llama3.2-3B-1002,43.1522305155355,43.1947061402534,19.52006065248879,24,21.564441210579496,-2.0443805580907046
NotASI_FineTome-v1.5-Llama3.2-1B-1007,NotASI/FineTome-v1.5-Llama3.2-1B-1007,32.12983856969276,32.40567112148566,5.801724673541757,24,6.35632523156208,-0.554600558020323
NotASI_FineTome-v1.5-Llama3.2-3B-1007,NotASI/FineTome-v1.5-Llama3.2-3B-1007,43.06544002777296,43.1237293532158,19.457219278849333,24,21.444692265862823,-1.98747298701349
NousResearch_DeepHermes-3-Mistral-24B-Preview,NousResearch/DeepHermes-3-Mistral-24B-Preview,64.97135913903836,64.88196385442671,48.963404310757504,24,51.66932591235096,-2.7059216015934595
NousResearch_Hermes-2-Pro-Llama-3-8B,NousResearch/Hermes-2-Pro-Llama-3-8B,50.28640860961639,50.71126243100819,30.667993420825,24,31.407804466289978,-0.7398110454649789
NousResearch_Hermes-2-Pro-Mistral-7B,NousResearch/Hermes-2-Pro-Mistral-7B,49.6788751952786,49.95435330498074,29.427578860536,24,30.56956185327327,-1.1419829927372724
NousResearch_Hermes-3-Llama-3.1-70B,NousResearch/Hermes-3-Llama-3.1-70B,67.384134698837,67.55780641387481,53.76540869130056,24,54.99834657547446,-1.2329378841739
NousResearch_Nous-Hermes-2-Mistral-7B-DPO,NousResearch/Nous-Hermes-2-Mistral-7B-DPO,48.27286929352543,48.52653665465235,27.792545658366084,24,28.62962894886317,-0.8370832904970875
NousResearch_Yarn-Llama-2-13b-128k,NousResearch/Yarn-Llama-2-13b-128k,38.1183822253081,38.26816443733663,13.505319085673955,24,14.619002417012483,-1.1136833313385281
Open-Orca_Mistral-7B-OpenOrca,Open-Orca/Mistral-7B-OpenOrca,47.665335879187644,47.68173517353546,25.840025395269805,24,27.791386335846468,-1.951360940576663
OpenBuddy_openbuddy-llama3-70b-v21.2-32k,OpenBuddy/openbuddy-llama3-70b-v21.2-32k,64.97135913903836,65.07443429944495,49.969365808428186,24,51.66932591235096,-1.699960103922777
OpenBuddy_openbuddy-llama3-8b-v21.1-8k,OpenBuddy/openbuddy-llama3-8b-v21.1-8k,47.595903488977605,47.87500737348404,26.115045337590946,24,27.695587180073122,-1.5805418424821767
OpenBuddy_openbuddy-llama3.1-70b-v22.1-131k,OpenBuddy/openbuddy-llama3.1-70b-v22.1-131k,66.98489845512931,66.98491606025762,51.94077625159233,24,54.447501429777766,-2.506725178185434
OpenBuddy_openbuddy-llama3.1-8b-v22.3-131k,OpenBuddy/openbuddy-llama3.1-8b-v22.3-131k,50.39055719493143,50.65914870348772,30.3195108847562,24,31.551503199949977,-1.2319923151937786
OpenBuddy_openbuddy-yi1.5-34b-v21.3-32k,OpenBuddy/openbuddy-yi1.5-34b-v21.3-32k,61.34351675056414,61.62574860411373,45.637092606204,24,46.663820023194056,-1.026727416990056
OpenLeecher_llama3-8b-lima,OpenLeecher/llama3-8b-lima,42.63148758896025,42.95828632822992,19.573064881964964,24,20.845947542279454,-1.2728826603144903
OpenScholar_Llama-3.1_OpenScholar-8B,OpenScholar/Llama-3.1_OpenScholar-8B,51.86599548689463,52.07740834450673,32.40392120448785,24,33.58723526013341,-1.1833140556455604
Orenguteng_Llama-3.1-8B-Lexi-Uncensored-V2,Orenguteng/Llama-3.1-8B-Lexi-Uncensored-V2,50.72036104842909,50.840080187839334,29.687032745631218,24,32.00654918987333,-2.3195164442421152
Orion-zhen_phi-4-abliterated,Orion-zhen/phi-4-abliterated,66.81131747960424,66.98239306664779,52.45712922578372,24,54.20800354034444,-1.7508743145607255
PJMixers-Dev_LLaMa-3.1-Instruct-Interleaved-Zeroed-13B,PJMixers-Dev/LLaMa-3.1-Instruct-Interleaved-Zeroed-13B,50.616212463114046,50.73267838961463,29.89275635245275,24,31.862850456213337,-1.9700941037605872
PJMixers-Dev_LLaMa-3.1-RomboTiesTest-8B,PJMixers-Dev/LLaMa-3.1-RomboTiesTest-8B,50.616212463114046,50.73267838961463,29.89275635245275,24,31.862850456213337,-1.9700941037605872
PJMixers-Dev_LLaMa-3.1-RomboTiesTest2-8B,PJMixers-Dev/LLaMa-3.1-RomboTiesTest2-8B,50.616212463114046,50.73267838961463,29.89275635245275,24,31.862850456213337,-1.9700941037605872
PJMixers-Dev_LLaMa-3.2-Instruct-JankMix-v0.2-SFT-3B,PJMixers-Dev/LLaMa-3.2-Instruct-JankMix-v0.2-SFT-3B,45.808019441069256,45.81495219101535,23.34123990373789,24,25.228758918909666,-1.887519015171776
PJMixers-Dev_LLaMa-3.2-Instruct-JankMixBread-v0.1-3B,PJMixers-Dev/LLaMa-3.2-Instruct-JankMixBread-v0.1-3B,44.71445929526124,44.83158594793648,22.759588390933697,24,23.719922215479606,-0.9603338245459092
PJMixers_LLaMa-3-CursedStock-v2.0-8B,PJMixers/LLaMa-3-CursedStock-v2.0-8B,52.57767748654747,52.7115950402997,32.56361170891586,24,34.569176606810124,-2.005564897894267
Quazim0t0_Lo-Phi-14b,Quazim0t0/Lo-Phi-14b,68.28675577156744,68.51928144814953,54.70598224151049,24,56.24373560052787,-1.5377533590173798
Quazim0t0_Phi4.Turn.R1Distill.16bit,Quazim0t0/Phi4.Turn.R1Distill.16bit,65.40531157785107,65.63340892011863,50.4691726466956,24,52.26807063593433,-1.798897989238732
Quazim0t0_Phi4Basis-14B-sce,Quazim0t0/Phi4Basis-14B-sce,68.89428918590522,69.09074263536414,55.6651943464438,24,57.08197821354457,-1.4167838671007758
Quazim0t0_graphite-14b-sce,Quazim0t0/graphite-14b-sce,66.0996354799514,66.31420093244736,51.50924362930217,24,53.22606219366772,-1.7168185643655534
Qwen_QwQ-32B-Preview,Qwen/QwQ-32B-Preview,66.63773650407916,66.91381482252744,53.3876763517132,24,53.96850565091109,-0.5808292991978874
Qwen_Qwen1.5-0.5B,Qwen/Qwen1.5-0.5B,31.314007984724874,31.535386591425578,5.035475836799366,24,5.230685151225362,-0.19520931442599654
Qwen_Qwen1.5-1.8B,Qwen/Qwen1.5-1.8B,34.49053983683388,34.761215583663045,9.759901587727937,24,9.613496527855576,0.14640505987236097
Qwen_Qwen1.5-110B,Qwen/Qwen1.5-110B,60.701267141121335,60.99964981780979,44.28047655387545,24,45.777677832290685,-1.4972012784152327
Qwen_Qwen1.5-14B-Chat,Qwen/Qwen1.5-14B-Chat,51.84863738934213,52.285875107035544,32.75647930053065,24,33.563285471190085,-0.8068061706594349
Qwen_Qwen1.5-32B,Qwen/Qwen1.5-32B,56.86512758201701,57.153905559593255,38.980351633108974,24,40.48477447581375,-1.504422842704777
Qwen_Qwen1.5-32B-Chat,Qwen/Qwen1.5-32B-Chat,60.371463287623676,60.668997579302335,44.55485402391639,24,45.322631842367315,-0.7677778184509236
Qwen_Qwen1.5-4B-Chat,Qwen/Qwen1.5-4B-Chat,39.732685297691376,40.05548561148612,16.29707852890831,24,16.8463327887426,-0.5492542598342887
Qwen_Qwen1.5-MoE-A2.7B,Qwen/Qwen1.5-MoE-A2.7B,40.791529248394376,41.13515433010766,18.837858500547185,24,18.307269914286,0.5305885862611852
Qwen_Qwen2-0.5B-Instruct,Qwen/Qwen2-0.5B-Instruct,31.695886130880055,31.72517938486349,5.876044259408482,24,5.75758050797872,0.11846375142976129
Qwen_Qwen2-1.5B-Instruct,Qwen/Qwen2-1.5B-Instruct,38.239888908175665,38.52232408376059,13.695346827502664,24,14.78665093961583,-1.091304112113166
Qwen_Qwen2-57B-A14B,Qwen/Qwen2-57B-A14B,55.89307411907655,56.18204938684164,38.87598905034189,24,39.143586294987024,-0.2675972446451311
Qwen_Qwen2-7B,Qwen/Qwen2-7B,52.87276514494012,53.1531595001889,34.711136202753416,24,34.97632301884682,-0.26518681609340433
Qwen_Qwen2-7B-Instruct,Qwen/Qwen2-7B-Instruct,55.07724353410866,55.44781563793189,37.80839092310167,24,38.017946214650294,-0.20955529154862518
Qwen_Qwen2-Math-72B-Instruct,Qwen/Qwen2-Math-72B-Instruct,63.20083318868252,63.4337660025181,47.96019950734914,24,49.226447440130855,-1.2662479327817167
Qwen_Qwen2-VL-72B-Instruct,Qwen/Qwen2-VL-72B-Instruct,69.15466064919285,69.46287292338683,56.3112338791251,24,57.44122504769459,-1.1299911685694894
Qwen_Qwen2-VL-7B-Instruct,Qwen/Qwen2-VL-7B-Instruct,54.36556153445582,54.64507159069989,35.87710314498947,24,37.03600486797358,-1.1589017229841119
Qwen_Qwen2.5-1.5B-Instruct,Qwen/Qwen2.5-1.5B-Instruct,42.47526471098767,42.889827404229074,19.80978649735897,24,20.630399441789447,-0.8206129444304757
Qwen_Qwen2.5-14B-Instruct,Qwen/Qwen2.5-14B-Instruct,63.73893421281028,63.90453705906223,48.36070661282705,24,49.96889089737422,-1.6081842845471712
Qwen_Qwen2.5-32B-Instruct,Qwen/Qwen2.5-32B-Instruct,68.73806630793266,69.12525080134338,56.48934826159387,24,56.86643011305457,-0.3770818514607015
Qwen_Qwen2.5-3B-Instruct,Qwen/Qwen2.5-3B-Instruct,46.554417635827114,46.92766656048849,25.801393944088584,24,26.258599843473057,-0.45720589938447276
Qwen_Qwen2.5-72B,Qwen/Qwen2.5-72B,67.81808713764971,67.97320670694853,54.61505780163693,24,55.59709129905783,-0.9820334974209004
Qwen_Qwen2.5-7B-Instruct,Qwen/Qwen2.5-7B-Instruct,53.688595729908,53.96332637550802,34.89211675876548,24,36.101963099183536,-1.2098463404180535
Qwen_Qwen2.5-Math-72B-Instruct,Qwen/Qwen2.5-Math-72B-Instruct,64.36382572470058,64.52266637803764,48.966096029421145,24,50.83108329933427,-1.8649872699131222
Qwen_Qwen2.5-Math-7B,Qwen/Qwen2.5-Math-7B,44.31522305155355,44.546393728409406,22.00876067958663,24,23.169077069782908,-1.1603163901962787
RESMPDEV_Qwen2-Wukong-0.5B,RESMPDEV/Qwen2-Wukong-0.5B,30.602325985072035,30.845142883716793,4.19666315993673,24,4.248743804548646,-0.05208064461191597
RLHFlow_ArmoRM-Llama3-8B-v0.1,RLHFlow/ArmoRM-Llama3-8B-v0.1,28.345773303245963,28.764674467881377,1.7494478703137453,24,1.13527124191516,0.6141766283985852
Replete-AI_Llama3-8B-Instruct-Replete-Adapted,Replete-AI/Llama3-8B-Instruct-Replete-Adapted,48.411734073945496,48.70261829331898,26.88896431517229,24,28.82122726040985,-1.9322629452375573
Rombo-Org_Rombo-LLM-V2.5-Qwen-7b,Rombo-Org/Rombo-LLM-V2.5-Qwen-7b,53.740670022565524,53.99745025607596,34.90725375177349,24,36.17381246601354,-1.2665587142400483
SaisExperiments_Gemma-2-2B-Stheno-Filtered,SaisExperiments/Gemma-2-2B-Stheno-Filtered,41.32963027252213,41.49234152222183,17.47886723805338,24,19.04971337152937,-1.5708461334759924
SaisExperiments_RightSheep-Llama3.2-3B,SaisExperiments/RightSheep-Llama3.2-3B,42.37111612567263,42.40779430078383,18.643298035417292,24,20.486700708129444,-1.843402672712152
Sakalti_Llama3.2-3B-Uranus-1,Sakalti/Llama3.2-3B-Uranus-1,44.26314875889602,44.36825817318126,21.416406817010444,24,23.0972277029529,-1.680820885942456
Sakalti_Phi3.5-Comets-3.8B,Sakalti/Phi3.5-Comets-3.8B,33.01510154487068,33.35116874180515,6.53359017300762,24,7.577764467672142,-1.044174294664522
Sakalti_Qwen2.5-1B-Instruct,Sakalti/Qwen2.5-1B-Instruct,30.08158305849679,30.27152803556392,3.437039790947589,24,3.530250136248614,-0.09321034530102468
SentientAGI_Dobby-Mini-Leashed-Llama-3.1-8B,SentientAGI/Dobby-Mini-Leashed-Llama-3.1-8B,51.10223919458427,51.380538501658656,30.77304532336984,24,32.5334445466267,-1.760399223256858
SentientAGI_Dobby-Mini-Unhinged-Llama-3.1-8B,SentientAGI/Dobby-Mini-Unhinged-Llama-3.1-8B,51.171671584794304,51.42440064892147,30.369934195446422,24,32.62924370240003,-2.2593095069536098
Sicarius-Prototyping_Brainy_LLAMA,Sicarius-Prototyping/Brainy_LLAMA,50.9460163166117,51.17131754488634,30.294986762557475,24,32.317896446136686,-2.0229096835792113
SicariusSicariiStuff_LLAMA-3_8B_Unaligned_BETA,SicariusSicariiStuff/LLAMA-3_8B_Unaligned_BETA,46.953653879534805,47.172340284848325,24.998013753807424,24,26.80944498916975,-1.8114312353623276
SicariusSicariiStuff_Phi-Line_14B,SicariusSicariiStuff/Phi-Line_14B,61.29144245790661,61.5443009621608,43.79406899090469,24,46.591970656364055,-2.7979016654593636
SicariusSicariiStuff_Qwen2.5-14B_Uncensored,SicariusSicariiStuff/Qwen2.5-14B_Uncensored,62.81895504252734,63.089419455078264,46.7202351109504,24,48.69955208337749,-1.9793169724270925
SicariusSicariiStuff_Qwen2.5-14B_Uncensored_Instruct,SicariusSicariiStuff/Qwen2.5-14B_Uncensored_Instruct,59.225828849158134,59.36792404117957,42.113096716972805,24,43.74194577210725,-1.6288490551344452
SkyOrbis_SKY-Ko-Llama3.2-1B-lora-epoch5,SkyOrbis/SKY-Ko-Llama3.2-1B-lora-epoch5,33.900364520048605,34.06015618891154,8.132119042373503,24,8.799203703782206,-0.6670846614087029
SkyOrbis_SKY-Ko-Llama3.2-1B-lora-v2-epoch3,SkyOrbis/SKY-Ko-Llama3.2-1B-lora-v2-epoch3,33.900364520048605,34.06015618891154,8.132119042373503,24,8.799203703782206,-0.6670846614087029
SkyOrbis_SKY-Ko-Llama3.2-3B-lora-epoch1,SkyOrbis/SKY-Ko-Llama3.2-3B-lora-epoch1,43.89862871029335,43.99628268031015,20.806136629310423,24,22.594282135142876,-1.7881455058324534
SkyOrbis_SKY-Ko-Qwen2.5-3B-Instruct,SkyOrbis/SKY-Ko-Qwen2.5-3B-Instruct,42.596771393855235,42.648212283360174,19.15067903050948,24,20.79804796439279,-1.6473689338833104
SkyOrbis_SKY-Ko-Qwen2.5-7B-Instruct-SFT-step-15000,SkyOrbis/SKY-Ko-Qwen2.5-7B-Instruct-SFT-step-15000,50.42527339003645,50.77962006048589,31.32761158066677,24,31.599402777836648,-0.271791197169879
SkyOrbis_SKY-Ko-Qwen2.5-7B-Instruct-SFT-step-5000,SkyOrbis/SKY-Ko-Qwen2.5-7B-Instruct-SFT-step-5000,53.428224266620376,53.89864554242367,34.9514354427427,24,35.74271626503352,-0.7912808222908225
Sorawiz_Gemma-9B-Base,Sorawiz/Gemma-9B-Base,59.191112654053114,59.304057789458284,41.28135020153275,24,43.694046194220576,-2.412695992687823
Sorawiz_Gemma-Creative-9B-Base,Sorawiz/Gemma-Creative-9B-Base,54.40027772956084,54.586143350955616,34.6224221959871,24,37.083904445860256,-2.461482249873157
Sourjayon_DeepSeek-R1-ForumNXT,Sourjayon/DeepSeek-R1-ForumNXT,32.99774344731817,33.10198487331463,6.957542087542088,24,7.553814678728806,-0.5962725911867173
Supichi_BBAI_135_Gemma,Supichi/BBAI_135_Gemma,35.49730949487936,35.684129093449684,10.857975857833802,24,11.002584286568977,-0.1446084287351752
Syed-Hasan-8503_Phi-3-mini-4K-instruct-cpo-simpo,Syed-Hasan-8503/Phi-3-mini-4K-instruct-cpo-simpo,56.46589133830932,56.81534123661078,39.148157776889455,24,39.93392933011706,-0.7857715532276046
T145_Meta-Llama-3.1-8B-Instruct-TIES,T145/Meta-Llama-3.1-8B-Instruct-TIES,50.581496268009026,50.70111385564761,29.7742634799406,24,31.814950878326663,-2.040687398386062
T145_qwen-2.5-3B-merge-test,T145/qwen-2.5-3B-merge-test,48.029855927790315,48.424887477203924,27.889341313676077,24,28.294331903656488,-0.40499058998041093
TIGER-Lab_AceCoder-Qwen2.5-Coder-7B-Base-Rule,TIGER-Lab/AceCoder-Qwen2.5-Coder-7B-Base-Rule,48.724179829890645,49.023782785253694,29.405351182469055,24,29.252323461389874,0.15302772107918017
TIGER-Lab_Qwen2.5-Math-7B-CFT,TIGER-Lab/Qwen2.5-Math-7B-CFT,46.155181392119424,46.36941498023083,24.585137970728173,24,25.707754697776362,-1.1226167270481895
TTTXXX01_Mistral-7B-Base-SimPO2-5e-7,TTTXXX01/Mistral-7B-Base-SimPO2-5e-7,43.01336573511543,43.19551501488278,20.692627382557507,24,21.372842899032815,-0.6802155164753074
Tarek07_Thalassic-Alpha-LLaMa-70B,Tarek07/Thalassic-Alpha-LLaMa-70B,69.27616733206041,69.40408286616311,55.95412538254855,24,57.60887357029794,-1.6547481877493908
Telugu-LLM-Labs_Indic-gemma-2b-finetuned-sft-Navarasa-2.0,Telugu-LLM-Labs/Indic-gemma-2b-finetuned-sft-Navarasa-2.0,32.18191286235029,32.40881373468133,6.021054704987018,24,6.428174598392089,-0.4071198934050715
Telugu-LLM-Labs_Indic-gemma-7b-finetuned-sft-Navarasa-2.0,Telugu-LLM-Labs/Indic-gemma-7b-finetuned-sft-Navarasa-2.0,40.027772956084014,40.2299489247334,16.263180963543576,24,17.253479200779285,-0.9902982372357094
TheDrummer_Gemmasutra-9B-v1,TheDrummer/Gemmasutra-9B-v1,58.7398021176879,58.86914248369671,41.20039631726062,24,43.07135168169388,-1.8709553644332644
TheDrummer_Tiger-Gemma-9B-v2,TheDrummer/Tiger-Gemma-9B-v2,56.13608748481167,56.171911141217784,35.46954056518246,24,39.47888334019371,-4.009342775011248
TheTsar1209_qwen-carpmuscle-r-v0.3,TheTsar1209/qwen-carpmuscle-r-v0.3,61.8816177746919,62.271240078720005,46.37591354449345,24,47.406263480437424,-1.030349935943974
TheTsar1209_qwen-carpmuscle-v0.1,TheTsar1209/qwen-carpmuscle-v0.1,64.06873806630793,64.34300741299221,48.82559521217237,24,50.42393688729757,-1.598341675125205
TinyLlama_TinyLlama-1.1B-Chat-v0.1,TinyLlama/TinyLlama-1.1B-Chat-v0.1,30.550251692414513,30.835294748680113,3.3630106739393377,24,4.176894437718646,-0.8138837637793084
TinyLlama_TinyLlama-1.1B-Chat-v1.0,TinyLlama/TinyLlama-1.1B-Chat-v1.0,30.602325985072035,31.035628674910154,4.013396848486799,24,4.248743804548646,-0.2353469560618464
TinyLlama_TinyLlama-1.1B-intermediate-step-1431k-3T,TinyLlama/TinyLlama-1.1B-intermediate-step-1431k-3T,30.289880229126886,30.711884382672707,3.547093389508079,24,3.8176476035686244,-0.2705542140605455
Triangle104_DS-Distilled-Hermes-Llama-3.1,Triangle104/DS-Distilled-Hermes-Llama-3.1,51.10223919458427,51.170125564603104,30.312465517244533,24,32.5334445466267,-2.220979029382164
Triangle104_DSR1-Distill-Llama-Lit-8B,Triangle104/DSR1-Distill-Llama-Lit-8B,42.75299427182781,42.840563271077805,19.22515965463957,24,21.013596064882805,-1.7884364102432357
Triangle104_DSR1-Distill-Qwen-7B-RP,Triangle104/DSR1-Distill-Qwen-7B-RP,42.909217149800384,43.26490703099771,19.853297811659683,24,21.229144165372812,-1.3758463537131291
Triangle104_Dolphin3-Llama3.2-Smart,Triangle104/Dolphin3-Llama3.2-Smart,39.45495573685124,39.750755456309605,15.349665999615956,24,16.463136165649242,-1.1134701660332862
Triangle104_Llama3.1-Allades-Lit-8b,Triangle104/Llama3.1-Allades-Lit-8b,41.64207602846728,41.83297778736216,17.44690701770639,24,19.48080957250939,-2.0339025548029994
Triangle104_Mistral-Small-24b-Harmony,Triangle104/Mistral-Small-24b-Harmony,64.22496094428051,64.33732705921861,48.42115059678503,24,50.6394849877876,-2.218334391002564
Triangle104_Phi-4-AbliteratedRP,Triangle104/Phi-4-AbliteratedRP,66.98489845512931,67.08776140201279,52.64096935250796,24,54.447501429777766,-1.8065320772698072
Triangle104_Phi4-RP-o1,Triangle104/Phi4-RP-o1,66.37736504079153,66.52563961373095,51.5939185267128,24,53.60925881676106,-2.0153402900482646
Triangle104_Phi4-RP-o1-Ablit,Triangle104/Phi4-RP-o1-Ablit,66.1169935775039,66.29825730619672,51.22184133516779,24,53.25001198261104,-2.028170647443254
Triangle104_Porpoise-R1-Llama3.2-3b,Triangle104/Porpoise-R1-Llama3.2-3b,37.927443152230516,38.23675800458569,12.926570818614184,24,14.355554738635808,-1.4289839200216239
Triangle104_RomboHermes3-R1-Llama3.2-3b,Triangle104/RomboHermes3-R1-Llama3.2-3b,42.66620378406527,42.63946627498719,19.092695935991667,24,20.89384712016613,-1.8011511841744614
UCLA-AGI_Gemma-2-9B-It-SPPO-Iter2,UCLA-AGI/Gemma-2-9B-It-SPPO-Iter2,59.76392987328589,59.8988087742128,42.16983380174582,24,44.48438922935062,-2.3145554276048017
UCLA-AGI_Gemma-2-9B-It-SPPO-Iter3,UCLA-AGI/Gemma-2-9B-It-SPPO-Iter3,59.92015275125846,60.07080229268026,42.53675224107426,24,44.69993732984062,-2.1631850887663617
UCLA-AGI_Llama-3-Instruct-8B-SPPO-Iter3,UCLA-AGI/Llama-3-Instruct-8B-SPPO-Iter3,50.63357056066655,50.79579976168899,29.73968358044069,24,31.88680024515666,-2.14711666471597
UCLA-AGI_Mistral7B-PairRM-SPPO,UCLA-AGI/Mistral7B-PairRM-SPPO,44.12428397847596,44.38979817093698,22.08465647856181,24,22.905629391406226,-0.8209729128444145
UCLA-AGI_Mistral7B-PairRM-SPPO-Iter2,UCLA-AGI/Mistral7B-PairRM-SPPO-Iter2,44.55823641728867,44.65719945610439,22.47992425019784,24,23.50437411498959,-1.0244498647917517
UCLA-AGI_Mistral7B-PairRM-SPPO-Iter3,UCLA-AGI/Mistral7B-PairRM-SPPO-Iter3,43.82919632008332,43.965878629846166,21.817495985928637,24,22.49848297936954,-0.6809869934409036
UKzExecution_LlamaExecutor-8B-3.0.5,UKzExecution/LlamaExecutor-8B-3.0.5,49.921888561013716,50.0600050702134,28.41381524085358,24,30.904858898479954,-2.491043657626374
VAGOsolutions_Llama-3-SauerkrautLM-70b-Instruct,VAGOsolutions/Llama-3-SauerkrautLM-70b-Instruct,66.39472313834403,66.63247245334951,52.02957975911792,24,53.6332086057044,-1.6036288465864743
VAGOsolutions_Llama-3-SauerkrautLM-8b-Instruct,VAGOsolutions/Llama-3-SauerkrautLM-8b-Instruct,49.2622808540184,49.4337579362695,28.0492424520597,24,29.994766918633243,-1.9455244665735414
VAGOsolutions_Llama-3.1-SauerkrautLM-8b-Instruct,VAGOsolutions/Llama-3.1-SauerkrautLM-8b-Instruct,50.80715153619163,51.14932190011186,30.99936066535637,24,32.12629813459001,-1.1269374692336385
VAGOsolutions_SauerkrautLM-Gemma-2b,VAGOsolutions/SauerkrautLM-Gemma-2b,33.98715500781115,34.163153760531735,9.133870459903902,24,8.91895264849888,0.2149178114050212
VAGOsolutions_SauerkrautLM-gemma-2-9b-it,VAGOsolutions/SauerkrautLM-gemma-2-9b-it,60.718625238673845,60.72645787154746,43.249988966600455,24,45.80162762123401,-2.5516386546335568
VIRNECT_llama-3-Korean-8B-r-v-0.1,VIRNECT/llama-3-Korean-8B-r-v-0.1,47.87363304981774,48.06156813908626,25.8849543311167,24,28.07878380316648,-2.1938294720497815
ValiantLabs_Llama3.1-70B-ShiningValiant2,ValiantLabs/Llama3.1-70B-ShiningValiant2,67.29734421107446,67.3840840294588,52.390968518523096,24,54.87859763075779,-2.4876291122346927
ValiantLabs_Llama3.1-8B-Fireplace2,ValiantLabs/Llama3.1-8B-Fireplace2,45.825377538621765,46.098170525433794,24.07027321429611,24,25.252708707853007,-1.1824354935568948
ValiantLabs_Llama3.2-3B-Esper2,ValiantLabs/Llama3.2-3B-Esper2,38.1183822253081,38.082611390366104,13.851732907913409,24,14.619002417012483,-0.7672695090990747
Weyaxi_Einstein-v6.1-Llama3-8B,Weyaxi/Einstein-v6.1-Llama3-8B,49.800381878146155,50.08295581095018,29.38377348658535,24,30.737210375876607,-1.353436889291256
Weyaxi_Einstein-v6.1-developed-by-Weyaxi-Llama3-8B,Weyaxi/Einstein-v6.1-developed-by-Weyaxi-Llama3-8B,50.182260024301335,50.438374505496434,29.69444747698505,24,31.264105732629965,-1.5696582556449137
Weyaxi_Einstein-v7-Qwen2-7B,Weyaxi/Einstein-v7-Qwen2-7B,51.13695538968929,51.61472249498397,32.84181889691276,24,32.581344124513365,0.2604747723993981
Xiaojian9992024_Llama3.2-1B-THREADRIPPER,Xiaojian9992024/Llama3.2-1B-THREADRIPPER,35.23693803159174,35.43749789084061,9.115530357902744,24,10.643337452418965,-1.5278070945162217
Xiaojian9992024_Llama3.2-1B-THREADRIPPER-v0.2,Xiaojian9992024/Llama3.2-1B-THREADRIPPER-v0.2,34.959208470751605,35.278164939419455,8.329663069732538,24,10.260140829325607,-1.930477759593069
Xiaojian9992024_Qwen2.5-THREADRIPPER-Medium-Censored,Xiaojian9992024/Qwen2.5-THREADRIPPER-Medium-Censored,64.12081235896545,64.3145305374728,49.11232867574543,24,50.49578625412757,-1.3834575783821421
Xiaojian9992024_Qwen2.5-Ultra-1.5B-25.02-Exp,Xiaojian9992024/Qwen2.5-Ultra-1.5B-25.02-Exp,40.32286061447665,40.655813090204525,17.02637966475561,24,17.66062561281597,-0.6342459480603608
YOYO-AI_Qwen2.5-14B-YOYO-0505,YOYO-AI/Qwen2.5-14B-YOYO-0505,65.12758201701094,65.39239511887702,50.35907329801012,24,51.88487401284099,-1.525800714830872
YOYO-AI_Qwen2.5-14B-YOYO-0805,YOYO-AI/Qwen2.5-14B-YOYO-0805,65.12758201701094,65.39239511887702,50.35907329801012,24,51.88487401284099,-1.525800714830872
YOYO-AI_Qwen2.5-14B-YOYO-1010,YOYO-AI/Qwen2.5-14B-YOYO-1010,65.16229821211596,65.39973096042957,50.26771877763532,24,51.932773590727656,-1.6650548130923397
YOYO-AI_Qwen2.5-14B-YOYO-SCE,YOYO-AI/Qwen2.5-14B-YOYO-SCE,64.67627148064572,64.894868055104,49.4648829451977,24,51.26217950031429,-1.7972965551165885
YOYO-AI_Qwen2.5-14B-YOYO-V4,YOYO-AI/Qwen2.5-14B-YOYO-V4,64.74570387085575,64.90345839036637,49.67240339546996,24,51.35797865608761,-1.6855752606176466
YOYO-AI_Qwen2.5-14B-YOYO-V4-p2,YOYO-AI/Qwen2.5-14B-YOYO-V4-p2,63.28762367644506,63.38919627514906,47.02692591646044,24,49.34619638484751,-2.3192704683870673
YOYO-AI_Qwen2.5-14B-YOYO-latest,YOYO-AI/Qwen2.5-14B-YOYO-latest,66.42943933344905,66.56232526900527,52.03543238956396,24,53.681108183591064,-1.645675794027106
YOYO-AI_Qwen2.5-14B-YOYO-latest-V2,YOYO-AI/Qwen2.5-14B-YOYO-latest-V2,62.71480645721229,62.99023045601467,47.29890601305299,24,48.55585334971749,-1.2569473366644957
YOYO-AI_Qwen2.5-7B-it-restore,YOYO-AI/Qwen2.5-7B-it-restore,53.81010241277556,54.0652435225143,35.084321766131644,24,36.26961162178687,-1.1852898556552276
YOYO-AI_ZYH-LLM-Qwen2.5-14B,YOYO-AI/ZYH-LLM-Qwen2.5-14B,66.25585835792397,66.44460038734455,52.042745183320136,24,53.44161029415773,-1.3988651108375905
YOYO-AI_ZYH-LLM-Qwen2.5-14B-V2,YOYO-AI/ZYH-LLM-Qwen2.5-14B-V2,64.29439333449054,64.52083564140531,49.088647063990685,24,50.73528414356092,-1.6466370795702332
Youlln_ECE-Qwen0.5B-FT-V2,Youlln/ECE-Qwen0.5B-FT-V2,32.70265578892553,32.897081362383894,7.632147610946966,24,7.146668266692122,0.48547934425484396
Yuma42_Llama3.1-IgneousIguana-8B,Yuma42/Llama3.1-IgneousIguana-8B,51.692414511369556,51.90512670457804,31.985926552081427,24,33.347737370700074,-1.3618108186186468
ZeroXClem_Llama-3.1-8B-AthenaSky-MegaMix,ZeroXClem/Llama-3.1-8B-AthenaSky-MegaMix,51.570907828501994,51.634232884668826,31.385283673059277,24,33.18008884809673,-1.7948051750374532
ZeroXClem_Llama-3.1-8B-SuperNova-EtherealHermes,ZeroXClem/Llama-3.1-8B-SuperNova-EtherealHermes,52.29994792570734,52.44464882599044,32.07128887769491,24,34.18597998371678,-2.1146911060218656
ZeroXClem_Qwen-2.5-Aether-SlerpFusion-7B,ZeroXClem/Qwen-2.5-Aether-SlerpFusion-7B,54.33084533935081,54.62236205548866,36.01120909918873,24,36.988105290086914,-0.9768961908981808
ZeroXClem_Qwen2.5-7B-HomerAnvita-NerdMix,ZeroXClem/Qwen2.5-7B-HomerAnvita-NerdMix,55.1640340218712,55.41319848156985,36.579205629985445,24,38.13769515936697,-1.558489529381525
abacusai_Liberated-Qwen1.5-14B,abacusai/Liberated-Qwen1.5-14B,49.2622808540184,49.48000917467186,28.020905999685464,24,29.994766918633243,-1.9738609189477785
abacusai_bigyi-15b,abacusai/bigyi-15b,43.32581149106058,43.45298820215117,19.94022305425607,24,21.803939100012833,-1.8637160457567639
abideen_MedPhi-4-14B-v1,abideen/MedPhi-4-14B-v1,68.77278250303766,68.96781879584078,55.57896973123449,24,56.91432969094122,-1.3353599597067358
agentlans_Llama3.1-8B-drill,agentlans/Llama3.1-8B-drill,50.06075334143378,50.156800217953325,28.79168307535513,24,31.096457210026628,-2.304774134671497
agentlans_Llama3.1-Daredevilish,agentlans/Llama3.1-Daredevilish,49.90453046346121,50.12506630648397,29.2027295330145,24,30.88090910953662,-1.678179576522119
agentlans_Qwen2.5-0.5B-Instruct-CrashCourse-dropout,agentlans/Qwen2.5-0.5B-Instruct-CrashCourse-dropout,32.92831105710814,33.11726760218689,7.227868281254662,24,7.458015522955469,-0.23014724170080658
akhadangi_Llama3.2.1B.0.01-First,akhadangi/Llama3.2.1B.0.01-First,31.609095643117513,31.891926453372008,4.7662306392124005,24,5.637831563262047,-0.8716009240496465
akhadangi_Llama3.2.1B.0.1-First,akhadangi/Llama3.2.1B.0.1-First,30.9494879361222,31.19615016336897,4.177000172360429,24,4.727739583415335,-0.5507394110549066
akhadangi_Llama3.2.1B.BaseFiT,akhadangi/Llama3.2.1B.BaseFiT,31.55702135045999,31.745151457535457,4.548336087243887,24,5.565982196432047,-1.01764610918816
allenai_Llama-3.1-Tulu-3-70B,allenai/Llama-3.1-Tulu-3-70B,61.29144245790661,61.636264961999466,45.36556861740628,24,46.591970656364055,-1.2264020389577723
allenai_Llama-3.1-Tulu-3-8B-DPO,allenai/Llama-3.1-Tulu-3-8B-DPO,40.47908349244923,40.79428557044153,17.42601622698448,24,17.876173713305977,-0.45015748632149766
allenai_Llama-3.1-Tulu-3-8B-RM,allenai/Llama-3.1-Tulu-3-8B-RM,29.265752473528902,29.500411474705043,2.6496699813735507,24,2.4046100559118924,0.24505992546165833
allenai_Llama-3.1-Tulu-3-8B-SFT,allenai/Llama-3.1-Tulu-3-8B-SFT,38.34403749349072,38.71863270501647,13.931208168262556,24,14.930349673275842,-0.9991415050132861
allknowingroger_Gemma2Slerp1-2.6B,allknowingroger/Gemma2Slerp1-2.6B,43.22166290574553,43.43094462630086,19.770254818005952,24,21.660240366352834,-1.889985548346882
allknowingroger_Gemma2Slerp1-27B,allknowingroger/Gemma2Slerp1-27B,63.70421801770526,63.98902146527521,48.37766577055401,24,49.92099131948755,-1.543325548933538
allknowingroger_Gemma2Slerp2-27B,allknowingroger/Gemma2Slerp2-27B,65.2838048949835,65.57274121032687,51.09023389049588,24,52.10042211333098,-1.0101882228350973
allknowingroger_Gemma2Slerp4-27B,allknowingroger/Gemma2Slerp4-27B,65.00607533414338,65.29581339749019,50.77376164739926,24,51.71722549023764,-0.9434638428383764
allknowingroger_GemmaSlerp5-10B,allknowingroger/GemmaSlerp5-10B,60.49296997049123,60.5447654436423,43.53846364760333,24,45.490280364970666,-1.9518167173673362
allknowingroger_GemmaStock1-27B,allknowingroger/GemmaStock1-27B,65.37059538274605,65.65607454366021,50.9901358512802,24,52.22017105804766,-1.230035206767461
allknowingroger_Llama3.1-60B,allknowingroger/Llama3.1-60B,32.112480472140255,32.417552719382066,7.784282802508024,24,6.332375442618752,1.4519073598892716
allknowingroger_MistralPhi3-11B,allknowingroger/MistralPhi3-11B,62.176705433084535,62.34314600705604,46.16462900339792,24,47.81340989247412,-1.6487808890761997
allknowingroger_Mistralmash2-7B-s,allknowingroger/Mistralmash2-7B-s,52.87276514494012,53.048581410260105,33.29836428588566,24,34.97632301884682,-1.6779587329611587
allknowingroger_Phi3mash1-17B-pass,allknowingroger/Phi3mash1-17B-pass,61.100503384829025,61.2887879556093,45.25041934691859,24,46.32852297798738,-1.0781036310687924
allknowingroger_Qwen2.5-42B-AGI,allknowingroger/Qwen2.5-42B-AGI,29.057455302898802,29.42104150907988,2.2358856564144527,24,2.117212588591876,0.1186730678225767
allknowingroger_Qwen2.5-7B-task3,allknowingroger/Qwen2.5-7B-task3,53.61916333969797,53.97623813486384,34.385984193445104,24,36.0061639434102,-1.6201797499650965
allknowingroger_Qwen2.5-7B-task4,allknowingroger/Qwen2.5-7B-task4,55.528554070473874,55.83446038580263,37.02526862429277,24,38.640640727176994,-1.6153721028842227
allknowingroger_QwenSlerp12-7B,allknowingroger/QwenSlerp12-7B,55.33761499739629,55.56448443090559,36.41130337400265,24,38.377193048800315,-1.9658896747976655
allknowingroger_QwenSlerp4-14B,allknowingroger/QwenSlerp4-14B,64.6415552855407,64.83250205703058,49.38124012444703,24,51.21427992242762,-1.8330397979805895
allknowingroger_QwenSlerp6-14B,allknowingroger/QwenSlerp6-14B,63.72157611525777,63.844543580651646,47.588316576052456,24,49.94494110843088,-2.356624532378426
allknowingroger_QwenStock1-14B,allknowingroger/QwenStock1-14B,65.11022391945843,65.28491305599157,50.07629311887721,24,51.860924223897655,-1.7846311050204449
allknowingroger_QwenStock2-14B,allknowingroger/QwenStock2-14B,65.4747439680611,65.68850101390551,50.5982763137811,24,52.36386979170767,-1.765593477926572
allknowingroger_Qwenslerp3-14B,allknowingroger/Qwenslerp3-14B,64.98871723659087,65.20835120117141,49.80982854016478,24,51.693275701294304,-1.8834471611295243
allknowingroger_Qwenslerp3-7B,allknowingroger/Qwenslerp3-7B,55.51119597292137,55.80160200086863,37.15398413723134,24,38.61669093823367,-1.4627068010023265
allknowingroger_ROGERphi-7B-slerp,allknowingroger/ROGERphi-7B-slerp,51.588265926054504,51.95583428468425,32.81903240379116,24,33.204038637040064,-0.3850062332489017
allknowingroger_Rombos-LLM-V2.5-Qwen-42b,allknowingroger/Rombos-LLM-V2.5-Qwen-42b,29.28311057108141,29.69164076001621,2.607639713842668,24,2.428559844855224,0.179079868987444
allknowingroger_Yi-1.5-34B,allknowingroger/Yi-1.5-34B,27.981253254643292,28.27250628769565,1.3390433749257278,24,0.6323256741051385,0.7067177008205893
allknowingroger_Yislerp-34B,allknowingroger/Yislerp-34B,61.360874848116644,61.58722731484187,45.9816957285586,24,46.68776981213738,-0.706074083578784
allknowingroger_Yislerp2-34B,allknowingroger/Yislerp2-34B,62.28085401839958,62.457719701702445,47.20230580445542,24,47.95710862613412,-0.7548028216787017
allura-org_Mistral-Small-24b-Sertraline-0304,allura-org/Mistral-Small-24b-Sertraline-0304,65.12758201701094,65.24908933699554,49.28145843642874,24,51.88487401284099,-2.603415576412246
amazon_MegaBeam-Mistral-7B-300k,amazon/MegaBeam-Mistral-7B-300k,42.12810275993751,42.27731731112975,19.291805959592,24,20.15140366292276,-0.8595977033307598
anakin87_gemma-2b-orpo,anakin87/gemma-2b-orpo,33.95243881270613,34.26170943561775,7.94944502776896,24,8.871053070612206,-0.9216080428432454
arcee-ai_Llama-3.1-SuperNova-Lite,arcee-ai/Llama-3.1-SuperNova-Lite,51.13695538968929,51.51992115104819,31.572340212980667,24,32.581344124513365,-1.009003911532698
asharsha30_LLAMA_Harsha_8_B_ORDP_10k,asharsha30/LLAMA_Harsha_8_B_ORDP_10k,46.67592431869467,46.68707690948545,25.72567833858325,24,26.426248366076393,-0.7005700274931428
awnr_Mistral-7B-v0.1-signtensors-1-over-4,awnr/Mistral-7B-v0.1-signtensors-1-over-4,28.762367644506163,29.117781029884355,9.22769372478478,24,1.7100661765551917,7.517627548229589
axolotl-ai-co_romulus-mistral-nemo-12b-simpo,axolotl-ai-co/romulus-mistral-nemo-12b-simpo,53.60180524214546,53.95057669562011,34.64240096637378,24,35.98221415446686,-1.339813188093082
bigscience_bloom-1b1,bigscience/bloom-1b1,30.810623155702135,31.072762377370392,4.042705269260129,24,4.5361412718686625,-0.4934360026085338
bosonai_Higgs-Llama-3-70B,bosonai/Higgs-Llama-3-70B,62.28085401839958,62.5765879603832,45.89740563396065,24,47.95710862613412,-2.05970299217347
braindao_DeepSeek-R1-Distill-Qwen-1.5B-Blunt,braindao/DeepSeek-R1-Distill-Qwen-1.5B-Blunt,27.443152230515537,27.74366990167133,1.1023633058943698,24,0.0,1.1023633058943698
braindao_DeepSeek-R1-Distill-Qwen-14B-Blunt,braindao/DeepSeek-R1-Distill-Qwen-14B-Blunt,32.35549383787537,32.828968244496224,6.126852862495489,24,6.6676724878254365,-0.5408196253299478
braindao_DeepSeek-R1-Distill-Qwen-14B-Blunt-Uncensored,braindao/DeepSeek-R1-Distill-Qwen-14B-Blunt-Uncensored,31.418156570039923,31.70339746824052,4.607187867121389,24,5.374383884885368,-0.7671960177639789
braindao_DeepSeek-R1-Distill-Qwen-14B-Blunt-Uncensored-Blunt,braindao/DeepSeek-R1-Distill-Qwen-14B-Blunt-Uncensored-Blunt,31.3660822773824,31.98581755956472,5.067571369076204,24,5.302534518055368,-0.2349631489791637
braindao_DeepSeek-R1-Distill-Qwen-7B-Reflective,braindao/DeepSeek-R1-Distill-Qwen-7B-Reflective,28.710293351848637,29.067781029884355,2.0813002167796686,24,1.6382168097251866,0.443083407054482
braindao_Qwen2.5-14B,braindao/Qwen2.5-14B,58.3058496788752,58.52660409288038,41.26351364432166,24,42.47260695811052,-1.2090933137888555
bunnycore_FuseCyberMix-Qwen-2.5-7B-Instruct,bunnycore/FuseCyberMix-Qwen-2.5-7B-Instruct,54.886304461031074,55.17973725429837,36.36861871726955,24,37.75449853627362,-1.3858798190040744
bunnycore_Gemma2-9B-TitanFusion,bunnycore/Gemma2-9B-TitanFusion,57.056066655094604,57.12026020785132,39.05056413790993,24,40.74822215419044,-1.6976580162805064
bunnycore_HyperLlama-3.1-8B,bunnycore/HyperLlama-3.1-8B,50.893942023954175,51.03385292046213,29.80665561261375,24,32.246047079306685,-2.4393914666929355
bunnycore_Llama-3.1-8B-TitanFusion-v3,bunnycore/Llama-3.1-8B-TitanFusion-v3,52.45617080367992,52.621130717948255,32.072941144614084,24,34.40152808420679,-2.3285869395927037
bunnycore_Llama-3.2-3B-Deep-Test,bunnycore/Llama-3.2-3B-Deep-Test,29.040097205346296,29.502574011260375,2.5723233888621087,24,2.0932627996485444,0.4790605892135642
bunnycore_Llama-3.2-3B-Della,bunnycore/Llama-3.2-3B-Della,36.53879534802986,36.83493641793264,11.46745923572203,24,12.43957162316905,-0.9721123874470194
bunnycore_Llama-3.2-3B-Long-Think,bunnycore/Llama-3.2-3B-Long-Think,45.96424231904183,46.10394542442049,24.22680316567029,24,25.44430701939968,-1.21750385372939
bunnycore_Llama-3.2-3B-Mix-Skill,bunnycore/Llama-3.2-3B-Mix-Skill,45.66915466064919,45.8183588915438,23.784246657651128,24,25.037160607362996,-1.2529139497118678
bunnycore_Llama-3.2-3B-ProdigyPlus,bunnycore/Llama-3.2-3B-ProdigyPlus,43.86391251518833,43.92279045834126,20.62298869714629,24,22.5463825572562,-1.9233938601099112
bunnycore_Llama-3.2-3B-ToxicKod,bunnycore/Llama-3.2-3B-ToxicKod,45.078979343863914,45.254290050776206,22.983327840830786,24,24.222867783289626,-1.2395399424588405
bunnycore_Phi-3.5-mini-TitanFusion-0.1,bunnycore/Phi-3.5-mini-TitanFusion-0.1,53.480298559277905,53.737339885651316,35.446219076522446,24,35.81456563186352,-0.36834655534107696
bunnycore_Phi-4-Model-Stock-v4,bunnycore/Phi-4-Model-Stock-v4,69.01579586877278,69.24302574038697,55.90173559155676,24,57.24962673614791,-1.3478911445911521
bunnycore_Phi-4-RP-v0,bunnycore/Phi-4-RP-v0,68.32147196667245,68.5633603278299,54.8449853466199,24,56.29163517841452,-1.4466498317946233
bunnycore_Phi-4-RR-Shoup,bunnycore/Phi-4-RR-Shoup,69.2588092345079,69.47025970028125,56.10839417299811,24,57.58492378135459,-1.4765296083564792
bunnycore_Phi-4-ReasoningRP,bunnycore/Phi-4-ReasoningRP,68.99843777122027,69.22187070022994,55.88446363760437,24,57.22567694720456,-1.3412133096001924
bunnycore_Phi-4-Sce-exp-v0.1,bunnycore/Phi-4-Sce-exp-v0.1,69.22409303940289,69.43179579386289,56.074961973018425,24,57.537024203467936,-1.4620622304495114
bunnycore_Phi-4-Stock-Ex,bunnycore/Phi-4-Stock-Ex,68.40826245443499,68.64461628663388,55.20355070082317,24,56.41138412313119,-1.2078334223080205
bunnycore_Phi-4-Stock-RP,bunnycore/Phi-4-Stock-RP,68.39090435688249,68.59633715492437,55.20594989405504,24,56.38743433418787,-1.1814844401328344
bunnycore_Phi-4-Trim-Exp1,bunnycore/Phi-4-Trim-Exp1,28.311057108140947,28.516626650940225,1.4066196276490397,24,1.0873716640284916,0.3192479636205481
bunnycore_Qwen-2.5-7B-Deep-Stock-v1,bunnycore/Qwen-2.5-7B-Deep-Stock-v1,53.41086616906787,53.613360835399966,34.07986228320928,24,35.71876647609019,-1.6389041928809078
bunnycore_Qwen-2.5-7B-Deep-Stock-v5,bunnycore/Qwen-2.5-7B-Deep-Stock-v5,46.45026905051206,46.72461238794705,24.990385055835603,24,26.114901109813047,-1.1245160539774446
bunnycore_Qwen-2.5-7B-Exp-Sce,bunnycore/Qwen-2.5-7B-Exp-Sce,54.71272348550599,55.05865059891895,36.2390009919108,24,37.51500064684027,-1.2759996549294712
bunnycore_Qwen-2.5-7b-S1k,bunnycore/Qwen-2.5-7b-S1k,55.3549730949488,55.627502080351356,36.69420283560647,24,38.401142837743656,-1.7069400021371877
bunnycore_Qwen2.5-1.5B-Model-Stock,bunnycore/Qwen2.5-1.5B-Model-Stock,28.415205693456,28.736959112076136,1.430207460042271,24,1.231070397688502,0.19913706235376893
bunnycore_Qwen2.5-3B-Model-Stock-v2,bunnycore/Qwen2.5-3B-Model-Stock-v2,46.39819475785454,46.77478918694683,25.64854657456816,24,26.043051742983046,-0.39450516841488437
bunnycore_Qwen2.5-3B-Model-Stock-v3.2,bunnycore/Qwen2.5-3B-Model-Stock-v3.2,46.88422148932477,47.274176892831655,26.32693751443641,24,26.713645833396416,-0.38670831896000735
bunnycore_Qwen2.5-3B-Model-Stock-v4.1,bunnycore/Qwen2.5-3B-Model-Stock-v4.1,47.83891685471272,48.20255790619941,27.39995114531432,24,28.030884225279806,-0.6309330799654873
bunnycore_Qwen2.5-3B-RP-Mix,bunnycore/Qwen2.5-3B-RP-Mix,48.689463634785625,48.94378989397821,28.305922895366823,24,29.2044238835032,-0.8985009881363766
bunnycore_Qwen2.5-7B-Instruct-Fusion,bunnycore/Qwen2.5-7B-Instruct-Fusion,54.60857490019094,54.91903018724946,36.17985917773406,24,37.37130191318027,-1.1914427354462092
bunnycore_Qwen2.5-7B-MixStock-Sce-V0.3,bunnycore/Qwen2.5-7B-MixStock-Sce-V0.3,34.664120812358966,34.79005166788895,9.507336377473363,24,9.852994417288922,-0.3456580398155591
bunnycore_Qwen2.5-7B-MixStock-V0.1,bunnycore/Qwen2.5-7B-MixStock-V0.1,54.45235202221836,54.79100568012057,35.86925790573909,24,37.15575381269026,-1.286495906951167
bunnycore_Qwen2.5-7B-R1-Bespoke-Stock,bunnycore/Qwen2.5-7B-R1-Bespoke-Stock,48.029855927790315,48.22136291067562,26.63869755860018,24,28.294331903656488,-1.6556343450563062
bunnycore_Qwen2.5-7B-R1-Bespoke-Task,bunnycore/Qwen2.5-7B-R1-Bespoke-Task,41.22548168720708,41.495531490332716,17.906937974221723,24,18.906014637869358,-0.9990766636476351
bunnycore_Qwen2.5-7B-Sky-R1-Mini,bunnycore/Qwen2.5-7B-Sky-R1-Mini,34.75091130012151,35.02939195575525,8.89516742838758,24,9.972743362005597,-1.0775759336180162
bunnycore_Smol-Llama-3.2-3B,bunnycore/Smol-Llama-3.2-3B,45.28727651449401,45.3881406940321,23.04076448114923,24,24.510265250609635,-1.4695007694604065
byroneverson_Mistral-Small-Instruct-2409-abliterated,byroneverson/Mistral-Small-Instruct-2409-abliterated,51.70977260892206,52.378644003251736,31.255700427788582,24,33.3716871596434,-2.115986731854818
byroneverson_Yi-1.5-9B-Chat-abliterated,byroneverson/Yi-1.5-9B-Chat-abliterated,53.70595382746051,54.01219363002313,34.35218727198406,24,36.12591288812688,-1.7737256161428192
carsenk_phi3.5_mini_exp_825_uncensored,carsenk/phi3.5_mini_exp_825_uncensored,29.28311057108141,29.647345147918262,1.827812730226084,24,2.428559844855224,-0.6007471146291399
cat-searcher_gemma-2-9b-it-sppo-iter-1,cat-searcher/gemma-2-9b-it-sppo-iter-1,59.590348897760805,59.71867698707507,41.67630770023723,24,44.244891339917274,-2.5685836396800426
cckm_tinymistral_950m,cckm/tinymistral_950m,29.474049644159,29.694562621388126,2.371788472964944,24,2.692007523231903,-0.32021905026695885
chujiezheng_Mistral7B-PairRM-SPPO-ExPO,chujiezheng/Mistral7B-PairRM-SPPO-ExPO,38.621767054330846,38.82191262277365,13.678635807519433,24,15.313546296369191,-1.6349104888497585
cloudyu_Llama-3-70Bx2-MOE,cloudyu/Llama-3-70Bx2-MOE,66.20378406526645,66.36234572270708,51.42213772529595,24,53.369760927327725,-1.947623202031778
cognitivecomputations_Dolphin3.0-Qwen2.5-0.5B,cognitivecomputations/Dolphin3.0-Qwen2.5-0.5B,31.070994618989758,31.142229157184023,5.096928104575164,24,4.895388106018678,0.20153999855648586
cognitivecomputations_Dolphin3.0-R1-Mistral-24B,cognitivecomputations/Dolphin3.0-R1-Mistral-24B,53.445582364172886,53.59697041031141,33.763678263545195,24,35.766666053976856,-2.0029877904316606
cognitivecomputations_dolphin-2.9-llama3-8b,cognitivecomputations/dolphin-2.9-llama3-8b,49.401145634438464,49.499220166609184,27.858929260905125,24,30.186365230179913,-2.327435969274788
cognitivecomputations_dolphin-2.9.1-llama-3-70b,cognitivecomputations/dolphin-2.9.1-llama-3-70b,51.74448880402708,52.049193128214675,31.101151872569243,24,33.41958673753007,-2.3184348649608246
cognitivecomputations_dolphin-2.9.1-yi-1.5-9b,cognitivecomputations/dolphin-2.9.1-yi-1.5-9b,54.66064919284847,54.843146446035554,35.7760897255686,24,37.44315128001027,-1.6670615544416663
cognitivecomputations_dolphin-2.9.3-mistral-7B-32k,cognitivecomputations/dolphin-2.9.3-mistral-7B-32k,47.83891685471272,48.12540148106202,26.906353891780515,24,28.030884225279806,-1.1245303334992904
cognitivecomputations_dolphin-2.9.4-gemma2-2b,cognitivecomputations/dolphin-2.9.4-gemma2-2b,40.49644159000174,40.8131874110552,17.3676325443774,24,17.900123502249315,-0.5324909578719144
cognitivecomputations_dolphin-2.9.4-llama3.1-8b,cognitivecomputations/dolphin-2.9.4-llama3.1-8b,34.959208470751605,35.2195971841659,8.972088688921525,24,10.260140829325607,-1.2880521404040817
cstr_llama3.1-8b-spaetzle-v90,cstr/llama3.1-8b-spaetzle-v90,52.90748134004513,53.02860633332208,32.76366579584106,24,35.02422259673349,-2.260556800892431
deepseek-ai_DeepSeek-R1-Distill-Llama-8B,deepseek-ai/DeepSeek-R1-Distill-Llama-8B,32.112480472140255,32.393510853905696,5.325247153240706,24,6.332375442618752,-1.0071282893780458
deepseek-ai_DeepSeek-R1-Distill-Qwen-1.5B,deepseek-ai/DeepSeek-R1-Distill-Qwen-1.5B,32.12983856969276,32.40987994733343,4.729119207646243,24,6.35632523156208,-1.6272060239158366
deepseek-ai_DeepSeek-R1-Distill-Qwen-7B,deepseek-ai/DeepSeek-R1-Distill-Qwen-7B,34.1086616906787,34.42567698186219,7.882702983365756,24,9.086601171102217,-1.2038981877364607
deepseek-ai_deepseek-llm-7b-base,deepseek-ai/deepseek-llm-7b-base,34.88977608054157,35.030315829299525,9.76792479590425,24,10.16434167355227,-0.39641687764802036
deepseek-ai_deepseek-moe-16b-base,deepseek-ai/deepseek-moe-16b-base,34.02187120291616,34.094610552463955,8.355555779389382,24,8.966852226385544,-0.6112964469961621
dnhkng_RYS-Llama-3-8B-Instruct,dnhkng/RYS-Llama-3-8B-Instruct,47.87363304981774,48.087081230690046,25.373015462245583,24,28.07878380316648,-2.7057683409208977
dnhkng_RYS-Llama-3-Large-Instruct,dnhkng/RYS-Llama-3-Large-Instruct,65.0581496268009,65.252690724939,49.66553902889135,24,51.78907485706764,-2.123535828176287
dnhkng_RYS-Llama-3.1-8B-Instruct,dnhkng/RYS-Llama-3.1-8B-Instruct,51.50147543829196,51.636453174466645,31.085445296018975,24,33.08428969232339,-1.9988443963044134
duyhv1411_Llama-3.2-3B-en-vi,duyhv1411/Llama-3.2-3B-en-vi,32.35549383787537,32.71639320986486,5.946254874082537,24,6.6676724878254365,-0.7214176137428998
dwikitheduck_gemma-2-2b-id-inst,dwikitheduck/gemma-2-2b-id-inst,39.333449053983685,39.6217212414231,15.415129369168447,24,16.295487643045906,-0.8803582738774587
ehristoforu_Gemma2-9B-it-psy10k-mental_health,ehristoforu/Gemma2-9B-it-psy10k-mental_health,55.42440548515883,55.39376944027643,35.56600949863266,24,38.49694199351699,-2.930932494884331
ehristoforu_Gemma2-9b-it-train6,ehristoforu/Gemma2-9b-it-train6,58.913383093212985,58.98092579133603,40.98762530159646,24,43.31084957112722,-2.323224269530762
ehristoforu_QwenQwen2.5-7B-IT,ehristoforu/QwenQwen2.5-7B-IT,53.758028120118034,53.97962708415813,34.96965415936291,24,36.19776225495687,-1.22810809559396
ehristoforu_coolqwen-3b-it,ehristoforu/coolqwen-3b-it,48.16872070821038,48.508934399175594,27.463695565892305,24,28.485930215203165,-1.0222346493108603
ehristoforu_qwen2.5-test-32b-it,ehristoforu/qwen2.5-test-32b-it,70.43915986807846,70.80593294533031,58.28330738049858,24,59.21350942950134,-0.9302020490027658
ehristoforu_rufalcon3-3b-it,ehristoforu/rufalcon3-3b-it,41.24283978475959,41.55422254395762,18.21435758381163,24,18.929964426812695,-0.7156068430010656
ehristoforu_ruphi-4b,ehristoforu/ruphi-4b,28.814441937163686,29.060336568338,2.400631279750579,24,1.7819155433851919,0.618715736365387
ell44ot_gemma-2b-def,ell44ot/gemma-2b-def,31.331366082277384,31.58653209475263,4.586419628734295,24,5.254634940168699,-0.6682153114344036
ewre324_Thinker-Qwen2.5-0.5B-Instruct-Reasoning,ewre324/Thinker-Qwen2.5-0.5B-Instruct-Reasoning,32.789446276688075,32.92122979013761,7.39460963380786,24,7.266417211408795,0.12819242239906536
facebook_opt-1.3b,facebook/opt-1.3b,30.75854886304461,30.939470527601248,3.6480520895226793,24,4.464291905038657,-0.8162398155159774
facebook_opt-30b,facebook/opt-30b,30.480819302204477,30.70344752562337,3.4984293851759607,24,4.081095281945304,-0.5826658967693432
failspy_Meta-Llama-3-70B-Instruct-abliterated-v3.5,failspy/Meta-Llama-3-70B-Instruct-abliterated-v3.5,57.24700572817219,57.47100228900381,37.87133313079306,24,41.01166983256711,-3.1403367017740464
failspy_Phi-3-medium-4k-instruct-abliterated-v3,failspy/Phi-3-medium-4k-instruct-abliterated-v3,62.836313140079845,63.047991764744296,46.73283933573803,24,48.72350187232081,-1.9906625365827821
fhai50032_Unaligned-Thinker-PHI-4,fhai50032/Unaligned-Thinker-PHI-4,66.15170977260892,66.42576780946753,51.92504876544175,24,53.297911560497724,-1.3728627950559726
flammenai_Mahou-1.2a-mistral-7B,flammenai/Mahou-1.2a-mistral-7B,50.928658219059194,51.181114744581144,31.166750037107487,24,32.29394665719336,-1.127196620085872
flammenai_Mahou-1.5-mistral-nemo-12B,flammenai/Mahou-1.5-mistral-nemo-12B,54.81687207082104,55.223619279102344,36.260510188013406,24,37.65869938050029,-1.398189192486882
fluently-lm_Llama-TI-8B,fluently-lm/Llama-TI-8B,51.86599548689463,52.0085504155627,31.984332678202136,24,33.58723526013341,-1.602902581931275
fluently-lm_Llama-TI-8B-Instruct,fluently-lm/Llama-TI-8B-Instruct,52.49088699878493,52.52143041749421,32.26686716202457,24,34.44942766209345,-2.182560500068881
fluently-sets_FalconThink3-10B-IT,fluently-sets/FalconThink3-10B-IT,61.742752994271825,62.0016981648187,44.975804333935,24,47.214665168890754,-2.2388608349557515
freewheelin_free-evo-qwen72b-v0.8-re,freewheelin/free-evo-qwen72b-v0.8-re,60.8401319215414,61.27477065378042,45.31740264996691,24,45.969276143837355,-0.6518734938704469
fulim_FineLlama-3.1-8B,fulim/FineLlama-3.1-8B,45.51293178267662,45.692074156260794,22.46259684566392,24,24.821612506872984,-2.359015661209064
gaverfraxz_Meta-Llama-3.1-8B-Instruct-HalfAbliterated-DELLA,gaverfraxz/Meta-Llama-3.1-8B-Instruct-HalfAbliterated-DELLA,39.90626627321645,39.848442720169494,15.276579446085892,24,17.085830678175938,-1.8092512320900465
gaverfraxz_Meta-Llama-3.1-8B-Instruct-HalfAbliterated-TIES,gaverfraxz/Meta-Llama-3.1-8B-Instruct-HalfAbliterated-TIES,50.3211248047214,50.436607832437126,28.91423515333936,24,31.455704044176642,-2.541468890837283
gbueno86_Brinebreath-Llama-3.1-70B,gbueno86/Brinebreath-Llama-3.1-70B,68.59920152751259,68.80562247706813,55.46361848802468,24,56.674831801507885,-1.2112133134832064
gmonsoon_gemma2-9b-sahabatai-v1-instruct-BaseTIES,gmonsoon/gemma2-9b-sahabatai-v1-instruct-BaseTIES,60.75334143377886,60.772445324415465,43.401341987357206,24,45.849527199120686,-2.44818521176348
godlikehhd_ifd_new_correct_all_sample_2500_qwen,godlikehhd/ifd_new_correct_all_sample_2500_qwen,39.7847595903489,40.19641175400576,15.682840817827374,24,16.9181821555726,-1.2353413377452274
godlikehhd_ifd_new_qwen_2500,godlikehhd/ifd_new_qwen_2500,41.24283978475959,41.59816252777574,17.63795023834911,24,18.929964426812695,-1.292014188463586
godlikehhd_qwen-2.5-1.5b-cherry,godlikehhd/qwen-2.5-1.5b-cherry,39.993056760978995,40.357573315752205,16.323588748077068,24,17.20557962289261,-0.8819908748155427
google_codegemma-1.1-2b,google/codegemma-1.1-2b,33.188682520395766,33.534177902484544,7.551225280004151,24,7.81726235710549,-0.2660370771013385
google_gemma-1.1-2b-it,google/gemma-1.1-2b-it,31.55702135045999,31.846349748149223,5.862826722774347,24,5.565982196432047,0.2968445263423005
google_gemma-2-27b-it,google/gemma-2-27b-it,64.22496094428051,64.51387433168799,49.27284215130387,24,50.6394849877876,-1.3666428364837273
google_gemma-2-2b,google/gemma-2-2b,36.2089914945322,36.55966996422591,11.755807532236112,24,11.984525633245692,-0.22871810100958
google_gemma-2-2b-it,google/gemma-2-2b-it,41.62471793091477,41.99230891427471,17.980792881523424,24,19.456859783566056,-1.476066902042632
google_gemma-2-2b-jpn-it,google/gemma-2-2b-jpn-it,42.214893247700054,42.25569890065811,18.525626449832732,24,20.271152607639433,-1.745526157806701
google_gemma-7b-it,google/gemma-7b-it,36.2089914945322,36.45901274330097,11.940832085290182,24,11.984525633245692,-0.043693547955509615
google_recurrentgemma-9b,google/recurrentgemma-9b,38.83006422496094,39.12410476301005,15.323368888997411,24,15.600943763689202,-0.27757487469179054
google_recurrentgemma-9b-it,google/recurrentgemma-9b-it,42.70091997917028,42.866944746471496,21.62158008474012,24,20.941746698052793,0.6798333866873278
grimjim_DeepSauerHuatuoSkywork-R1-o1-Llama-3.1-8B,grimjim/DeepSauerHuatuoSkywork-R1-o1-Llama-3.1-8B,52.45617080367992,52.69400362212972,32.76923482357123,24,34.40152808420679,-1.6322932606355565
grimjim_Gigantes-v2-gemma2-9b-it,grimjim/Gigantes-v2-gemma2-9b-it,59.7812879708384,59.86559388303994,42.70163259850296,24,44.508339018293945,-1.8067064197909843
grimjim_Gigantes-v3-gemma2-9b-it,grimjim/Gigantes-v3-gemma2-9b-it,59.74657177573338,59.835137923248276,42.795367767587656,24,44.46043944040727,-1.6650716728196144
grimjim_HuatuoSkywork-o1-Llama-3.1-8B,grimjim/HuatuoSkywork-o1-Llama-3.1-8B,48.828328415205696,48.8635823965922,28.33277757558808,24,29.39602219504988,-1.063244619461802
grimjim_Llama-3-Instruct-8B-SPPO-Iter3-SimPO-merge,grimjim/Llama-3-Instruct-8B-SPPO-Iter3-SimPO-merge,49.418503731990974,49.61694535006833,28.258014912987704,24,30.21031501912325,-1.9523001061355458
grimjim_Llama-3.1-Bonsaikraft-8B-Instruct,grimjim/Llama-3.1-Bonsaikraft-8B-Instruct,52.61239368165249,52.86855891530357,32.58754251798589,24,34.6170761846968,-2.029533666710911
grimjim_Llama-Nephilim-Metamorphosis-v2-8B,grimjim/Llama-Nephilim-Metamorphosis-v2-8B,49.99132095122375,50.134773789740336,28.18246234355982,24,31.000658054253293,-2.818195710693473
grimjim_Magot-v2-Gemma2-8k-9B,grimjim/Magot-v2-Gemma2-8k-9B,58.896024995660476,58.96713649821101,41.45929075390556,24,43.28689978218389,-1.8276090282783244
grimjim_llama-3-Nephilim-v2-8B,grimjim/llama-3-Nephilim-v2-8B,50.33848290227391,50.482149364426256,29.8962638406202,24,31.479653833119976,-1.5833899924997752
grimjim_llama-3-Nephilim-v2.1-8B,grimjim/llama-3-Nephilim-v2.1-8B,50.82450963374414,50.95042703104161,29.81966445991054,24,32.15024792353335,-2.3305834636228084
grimjim_llama-3-Nephilim-v3-8B,grimjim/llama-3-Nephilim-v3-8B,49.95660475611873,50.12671264428366,28.955635498374203,24,30.952758476366622,-1.9971229779924187
gz987_qwen2.5-7b-cabs-v0.4,gz987/qwen2.5-7b-cabs-v0.4,54.955736851241106,55.244010947600394,36.35843837533925,24,37.85029769204696,-1.4918593167077105
hotmailuser_FalconSlerp2-7B,hotmailuser/FalconSlerp2-7B,54.921020656136086,55.37805428914538,36.81735294513948,24,37.80239811416028,-0.9850451690208004
hotmailuser_FalconSlerp3-7B,hotmailuser/FalconSlerp3-7B,54.868946363478564,55.32966528909407,36.83401609166295,24,37.73054874733028,-0.896532655667329
hotmailuser_Gemma2Crono-27B,hotmailuser/Gemma2Crono-27B,64.81513626106579,65.05341690680217,50.10341199129857,24,51.45377781186096,-1.3503658205623879
hotmailuser_Gemma2atlas-27B,hotmailuser/Gemma2atlas-27B,65.21437250477348,65.44960921220462,50.71327914306504,24,52.00462295755766,-1.2913438144926204
hotmailuser_Llama-Hermes-slerp-8B,hotmailuser/Llama-Hermes-slerp-8B,52.95955563270265,53.10290010444968,33.30931089323399,24,35.09607196356349,-1.7867610703294972
hotmailuser_LlamaStock-8B,hotmailuser/LlamaStock-8B,53.13313660822774,53.2894288382654,33.09114622817674,24,35.335569852996834,-2.2444236248200937
hotmailuser_Qwen2.5-HomerSlerp-7B,hotmailuser/Qwen2.5-HomerSlerp-7B,56.11872938725916,56.32506117591089,37.40411935244851,24,39.45493355125037,-2.0508141988018593
hotmailuser_QwenSlerp-14B,hotmailuser/QwenSlerp-14B,64.79777816351329,64.91286917834283,49.421941687333,24,51.42982802291763,-2.0078863355846295
hotmailuser_QwenSlerp-7B,hotmailuser/QwenSlerp-7B,56.15344558236417,56.36352508232924,37.61925634545651,24,39.50283312913703,-1.8835767836805175
hotmailuser_QwenSlerp2-14B,hotmailuser/QwenSlerp2-14B,64.76306196840827,64.92799322983842,49.68432710491516,24,51.381928445030965,-1.6976013401158028
hotmailuser_QwenSparse-7B,hotmailuser/QwenSparse-7B,28.554070473876063,28.956619468137905,1.88717525781587,24,1.422668709235176,0.46450654858069407
hotmailuser_QwenStock-1.7B,hotmailuser/QwenStock-1.7B,41.60735983336227,41.87550547805281,17.74065871627513,24,19.432909994622726,-1.6922512783475945
hotmailuser_QwenStock1-14B,hotmailuser/QwenStock1-14B,64.90192674882833,65.02248812491821,49.56243886958751,24,51.573526756577635,-2.0110878869901256
huihui-ai_DeepSeek-R1-Distill-Qwen-14B-abliterated-v2,huihui-ai/DeepSeek-R1-Distill-Qwen-14B-abliterated-v2,34.62940461725395,34.869240677927046,8.72537349779457,24,9.80509483940225,-1.07972134160768
iFaz_llama31_8B_en_emo_v4,iFaz/llama31_8B_en_emo_v4,49.03662558583579,49.15538461876138,27.93118385237936,24,29.683419662369893,-1.752235809990534
iFaz_llama32_1B_en_emo_v1,iFaz/llama32_1B_en_emo_v1,33.466412081235895,33.80263139411389,7.2810483160822015,24,8.200458980198839,-0.9194106641166373
iFaz_llama32_3B_en_emo_2000_stp,iFaz/llama32_3B_en_emo_2000_stp,45.061621246311404,45.3458898485164,23.416054848493687,24,24.19891799434629,-0.7828631458526019
iFaz_llama32_3B_en_emo_300_stp,iFaz/llama32_3B_en_emo_300_stp,44.80124978302378,45.045681689917494,22.939796393832054,24,23.839671160196268,-0.8998747663642135
iFaz_llama32_3B_en_emo_5000_stp,iFaz/llama32_3B_en_emo_5000_stp,45.460857490019094,45.67949942342784,23.46226189636773,24,24.749763140042987,-1.2875012436752584
iFaz_llama32_3B_en_emo_v3,iFaz/llama32_3B_en_emo_v3,42.83978475959035,43.01359640278236,20.09714960563635,24,21.133345009599477,-1.0361954039631271
ifable_gemma-2-Ifable-9B,ifable/gemma-2-Ifable-9B,58.63565353237285,58.66115556693244,41.03264464626528,24,42.92765294803387,-1.8950083017685841
jayasuryajsk_Qwen2.5-3B-reasoner,jayasuryajsk/Qwen2.5-3B-reasoner,46.259329977434476,46.51177299162071,25.2688279392506,24,25.851453431436372,-0.5826254921857732
jebish7_Llama-3-Nanda-10B-Chat,jebish7/Llama-3-Nanda-10B-Chat,49.383787536885954,49.586052043216434,29.600465622828253,24,30.16241544123658,-0.5619498184083263
jebish7_Llama-3.1-8B-Instruct,jebish7/Llama-3.1-8B-Instruct,50.84186773129665,50.88388495224863,29.191619249410262,24,32.17419771247668,-2.982578463066421
jebish7_gemma-2-9b-it,jebish7/gemma-2-9b-it,59.32997743447318,59.49210568047724,42.41412690099088,24,43.885644505767246,-1.4715176047763663
jeffmeloy_Qwen2.5-7B-minperplexity-2,jeffmeloy/Qwen2.5-7B-minperplexity-2,54.938378753688596,55.2390586276348,36.89009035044375,24,37.826347903103624,-0.9362575526598746
jeffmeloy_Qwen2.5-7B-nerd-uncensored-v0.9,jeffmeloy/Qwen2.5-7B-nerd-uncensored-v0.9,54.556500607533415,54.697018341387235,34.79159883396676,24,37.29945254635027,-2.5078537123835076
jeffmeloy_Qwen2.5-7B-nerd-uncensored-v1.0,jeffmeloy/Qwen2.5-7B-nerd-uncensored-v1.0,53.93160909564312,54.176277190322594,34.73715707560444,24,36.43726014439022,-1.7001030687857792
jeffmeloy_Qwen2.5-7B-nerd-uncensored-v1.1,jeffmeloy/Qwen2.5-7B-nerd-uncensored-v1.1,48.394375976392986,48.640249867140106,26.661152209882328,24,28.797277471466515,-2.136125261584187
jeffmeloy_Qwen2.5-7B-nerd-uncensored-v1.2,jeffmeloy/Qwen2.5-7B-nerd-uncensored-v1.2,49.123416073598335,49.45929792908671,27.660911941379897,24,29.803168607086565,-2.142256665706668
jeffmeloy_Qwen2.5-7B-nerd-uncensored-v1.3,jeffmeloy/Qwen2.5-7B-nerd-uncensored-v1.3,49.97396285367124,50.260554850901975,28.900263386108733,24,30.976708265309956,-2.0764448792012224
jeffmeloy_Qwen2.5-7B-nerd-uncensored-v1.5,jeffmeloy/Qwen2.5-7B-nerd-uncensored-v1.5,54.99045304634612,55.22599149696679,35.92532095316597,24,37.898197269933625,-1.9728763167676533
jeffmeloy_Qwen2.5-7B-olm-v1.2,jeffmeloy/Qwen2.5-7B-olm-v1.2,55.09460163166117,55.33340429711561,36.44070084062748,24,38.041896003593635,-1.6011951629661567
jeffmeloy_Qwen2.5-7B-olm-v1.3,jeffmeloy/Qwen2.5-7B-olm-v1.3,55.05988543655615,55.31852688351705,36.40248084197368,24,37.99399642570696,-1.5915155837332833
jeffmeloy_Qwen2.5-7B-olm-v1.5,jeffmeloy/Qwen2.5-7B-olm-v1.5,55.250824509633745,55.43943528577703,36.63313094998246,24,38.257444104083646,-1.6243131541011877
jiangxinyang-shanda_Homer-LLama3-8B,jiangxinyang-shanda/Homer-LLama3-8B,51.44940114563444,51.732420475431276,31.69897508701321,24,33.01244032549339,-1.3134652384801768
jlzhou_Qwen2.5-3B-Infinity-Instruct-0625,jlzhou/Qwen2.5-3B-Infinity-Instruct-0625,47.630619684082625,47.73774601029353,26.914542436180227,24,27.743486757959797,-0.82894432177957
johnsutor_Llama-3-8B-Instruct_breadcrumbs-density-0.1-gamma-0.01,johnsutor/Llama-3-8B-Instruct_breadcrumbs-density-0.1-gamma-0.01,50.13018573164381,50.35519809362171,29.55001380445773,24,31.192256365799963,-1.6422425613422327
johnsutor_Llama-3-8B-Instruct_breadcrumbs-density-0.1-gamma-0.1,johnsutor/Llama-3-8B-Instruct_breadcrumbs-density-0.1-gamma-0.1,49.99132095122375,50.18845446835877,28.607718394442788,24,31.000658054253293,-2.392939659810505
johnsutor_Llama-3-8B-Instruct_breadcrumbs-density-0.5-gamma-0.01,johnsutor/Llama-3-8B-Instruct_breadcrumbs-density-0.5-gamma-0.01,48.58531504947058,48.83576392175519,27.665794638508448,24,29.060725149843197,-1.3949305113347492
johnsutor_Llama-3-8B-Instruct_breadcrumbs-density-0.5-gamma-0.1,johnsutor/Llama-3-8B-Instruct_breadcrumbs-density-0.5-gamma-0.1,51.18902968234681,51.40041302485145,30.854731427683628,24,32.653193491343366,-1.7984620636597377
johnsutor_Llama-3-8B-Instruct_breadcrumbs-density-0.7-gamma-0.01,johnsutor/Llama-3-8B-Instruct_breadcrumbs-density-0.7-gamma-0.01,48.307585488630444,48.543257562725366,27.16443115792157,24,28.67752852674984,-1.5130973688282694
johnsutor_Llama-3-8B-Instruct_breadcrumbs-density-0.7-gamma-0.1,johnsutor/Llama-3-8B-Instruct_breadcrumbs-density-0.7-gamma-0.1,51.32789446276688,51.570973796489646,31.163507714744892,24,32.844791802890036,-1.6812840881451443
johnsutor_Llama-3-8B-Instruct_breadcrumbs_ties-density-0.1-gamma-0.01,johnsutor/Llama-3-8B-Instruct_breadcrumbs_ties-density-0.1-gamma-0.01,50.182260024301335,50.409359866352695,29.53001282071684,24,31.264105732629965,-1.7340929119131232
johnsutor_Llama-3-8B-Instruct_breadcrumbs_ties-density-0.5-gamma-0.01,johnsutor/Llama-3-8B-Instruct_breadcrumbs_ties-density-0.5-gamma-0.01,49.54001041485853,49.838273210973284,29.32060751365874,24,30.377963541726587,-1.0573560280678471
johnsutor_Llama-3-8B-Instruct_breadcrumbs_ties-density-0.5-gamma-0.1,johnsutor/Llama-3-8B-Instruct_breadcrumbs_ties-density-0.5-gamma-0.1,51.1543134872418,51.3665952913411,30.69307747198892,24,32.605293913456705,-1.912216441467784
johnsutor_Llama-3-8B-Instruct_breadcrumbs_ties-density-0.7-gamma-0.01,johnsutor/Llama-3-8B-Instruct_breadcrumbs_ties-density-0.7-gamma-0.01,49.36642943933345,49.673375343672944,28.739266057268598,24,30.13846565229325,-1.3991995950246512
johnsutor_Llama-3-8B-Instruct_breadcrumbs_ties-density-0.9-gamma-0.01,johnsutor/Llama-3-8B-Instruct_breadcrumbs_ties-density-0.9-gamma-0.01,48.88040270786322,49.18296438476884,28.219373273671145,24,29.467871561879882,-1.2484982882087365
johnsutor_Llama-3-8B-Instruct_breadcrumbs_ties-density-0.9-gamma-0.1,johnsutor/Llama-3-8B-Instruct_breadcrumbs_ties-density-0.9-gamma-0.1,51.20638777989932,51.38610942606996,30.841602413783743,24,32.6771432802867,-1.8355408665029564
johnsutor_Llama-3-8B-Instruct_linear,johnsutor/Llama-3-8B-Instruct_linear,50.199618121853845,50.31496839210309,28.778577217548463,24,31.288055521573305,-2.5094783040248423
johnsutor_Llama-3-8B-Instruct_ties-density-0.1,johnsutor/Llama-3-8B-Instruct_ties-density-0.1,49.99132095122375,50.21445196013956,28.768718884316492,24,31.000658054253293,-2.231939169936801
johnsutor_Llama-3-8B-Instruct_ties-density-0.7,johnsutor/Llama-3-8B-Instruct_ties-density-0.7,47.09251865995487,47.38186124296501,25.371407671115207,24,27.001043300716425,-1.6296356296012178
kayfour_T3Q-Qwen2.5-7B-it-KOR-Safe,kayfour/T3Q-Qwen2.5-7B-it-KOR-Safe,55.268182607186255,55.49941776226351,36.45157980184221,24,38.28139389302698,-1.8298140911847725
keeeeenw_MicroLlama,keeeeenw/MicroLlama,29.838569692761673,30.07313991347165,2.831363636363637,24,3.194953091041929,-0.36358945467829207
kevin009_llamaRAGdrama,kevin009/llamaRAGdrama,39.80211768790141,40.07385667099336,16.637813694151937,24,16.942131944515936,-0.3043182503639983
khoantap_llama-3-8b-stock-merge,khoantap/llama-3-8b-stock-merge,51.55354973094949,51.62255701726588,30.76062362954177,24,33.1561390591534,-2.3955154296116348
khoantap_llama-linear-0.5-0.5-1-merge,khoantap/llama-linear-0.5-0.5-1-merge,56.4138170456518,56.430136492449414,38.20585226683991,24,39.86207996328706,-1.6562276964471465
khoantap_llama-linear-0.5-1-0.5-merge,khoantap/llama-linear-0.5-1-0.5-merge,59.52091650755077,59.50766502131657,42.29147047597542,24,44.14909218414393,-1.8576217081685087
khoantap_llama-slerp-merge,khoantap/llama-slerp-merge,57.6809581669849,57.827827803151706,39.91531358821765,24,41.610414556150474,-1.6951009679328237
khulaifi95_Llama-3.1-8B-Reason-Blend-888k,khulaifi95/Llama-3.1-8B-Reason-Blend-888k,47.94306544002777,47.895269254944765,26.547568201488428,24,28.17458295893982,-1.6270147574513913
kms7530_chemeng_llama-3-8b-Instruct-bnb-4bit_24_1_100_1,kms7530/chemeng_llama-3-8b-Instruct-bnb-4bit_24_1_100_1,42.80506856448533,42.890394469736066,19.079190454097787,24,21.085445431712806,-2.0062549776150185
kms7530_chemeng_qwen-math-7b_24_1_100_1_nonmath,kms7530/chemeng_qwen-math-7b_24_1_100_1_nonmath,38.534976566568304,38.92856967853256,14.135344732061384,24,15.193797351652517,-1.058452619591133
langgptai_Qwen-las-v0.1,langgptai/Qwen-las-v0.1,38.67384134698837,38.92552562995618,14.698639898107368,24,15.385395663199189,-0.6867557650918208
langgptai_qwen1.5-7b-chat-sa-v0.1,langgptai/qwen1.5-7b-chat-sa-v0.1,42.961291442457906,43.25267992878654,20.302342129934097,24,21.300993532202813,-0.9986514022687167
lars1234_Mistral-Small-24B-Instruct-2501-writer,lars1234/Mistral-Small-24B-Instruct-2501-writer,67.14112133310189,67.33164099871132,52.78404012259051,24,54.663049530267784,-1.8790094076772732
lemon07r_Gemma-2-Ataraxy-9B,lemon07r/Gemma-2-Ataraxy-9B,59.243186946710644,59.31298417725773,42.03199052898647,24,43.765895561050584,-1.733905032064115
lemon07r_Gemma-2-Ataraxy-Advanced-9B,lemon07r/Gemma-2-Ataraxy-Advanced-9B,58.84395070300295,58.890672631849554,41.16143815473681,24,43.215050415353886,-2.0536122606170792
lemon07r_Gemma-2-Ataraxy-v3j-9B,lemon07r/Gemma-2-Ataraxy-v3j-9B,56.344384655441765,56.3228696118351,38.16656919949616,24,39.76628080751372,-1.5997116080175644
lemon07r_Gemma-2-Ataraxy-v4-Advanced-9B,lemon07r/Gemma-2-Ataraxy-v4-Advanced-9B,60.18052421454608,60.2362730968386,43.18189722480503,24,45.05918416399064,-1.8772869391856162
lemon07r_Gemma-2-Ataraxy-v4b-9B,lemon07r/Gemma-2-Ataraxy-v4b-9B,60.319388994966154,60.39158192304305,43.44273930792989,24,45.250782475537314,-1.8080431676074227
lemon07r_Gemma-2-Ataraxy-v4c-9B,lemon07r/Gemma-2-Ataraxy-v4c-9B,60.78805762888388,60.84319292299174,44.12536650674094,24,45.89742677700736,-1.7720602702664223
lemon07r_Llama-3-RedMagic4-8B,lemon07r/Llama-3-RedMagic4-8B,42.110744662385,42.56048947039042,19.475746974326068,24,20.127453873979423,-0.6517068996533553
lemon07r_llama-3-NeuralMahou-8b,lemon07r/llama-3-NeuralMahou-8b,41.34698837007464,41.841123683301525,18.69206874721008,24,19.073663160472705,-0.38159441326262566
lightblue_suzume-llama-3-8B-multilingual,lightblue/suzume-llama-3-8B-multilingual,49.27963895157091,49.49952418735975,28.895092037237777,24,30.018716707576576,-1.123624670338799
lightblue_suzume-llama-3-8B-multilingual-orpo-borda-half,lightblue/suzume-llama-3-8B-multilingual-orpo-borda-half,46.83214719666724,47.074584910573016,26.34859792572119,24,26.641796466566408,-0.2931985408452178
lightblue_suzume-llama-3-8B-multilingual-orpo-borda-top25,lightblue/suzume-llama-3-8B-multilingual-orpo-borda-top25,48.429092171498006,48.64641205580418,27.665285015300118,24,28.84517704935319,-1.179892034053072
lkoenig_BBAI_200_Gemma,lkoenig/BBAI_200_Gemma,34.178094080888734,34.49044607726534,9.395846417818936,24,9.182400326875555,0.21344609094338018
lkoenig_BBAI_456_QwenKoen,lkoenig/BBAI_456_QwenKoen,55.30289880229127,55.52713612233481,36.54914615161445,24,38.32929347091365,-1.7801473192991963
lkoenig_BBAI_7B_KoenQwenDyan,lkoenig/BBAI_7B_KoenQwenDyan,55.07724353410866,55.36566841353078,36.2457227762662,24,38.017946214650294,-1.7722234383840956
lkoenig_BBAI_7B_Qwen2.5koen,lkoenig/BBAI_7B_Qwen2.5koen,55.18139211942371,55.44031312134464,36.307407586886015,24,38.16164494831031,-1.8542373614242962
lkoenig_BBAI_7B_QwenDyanKoenLo,lkoenig/BBAI_7B_QwenDyanKoenLo,55.3723311925013,55.624615255032005,36.678248178014,24,38.42509262668698,-1.7468444486729808
llmat_Mistral-v0.3-7B-ORPO,llmat/Mistral-v0.3-7B-ORPO,39.697969102586356,39.77660730291809,14.86315851911541,24,16.798433210855926,-1.9352746917405153
magnifi_Phi3_intent_v56_3_w_unknown_5_lr_0.002,magnifi/Phi3_intent_v56_3_w_unknown_5_lr_0.002,32.407568130532894,32.81563256810973,5.851019142844943,24,6.739521854655436,-0.8885027118104931
maldv_badger-lambda-llama-3-8b,maldv/badger-lambda-llama-3-8b,49.470578024648496,49.63486651044483,28.10305001435372,24,30.28216438595325,-2.179114371599532
marcuscedricridia_Hush-Qwen2.5-7B-MST,marcuscedricridia/Hush-Qwen2.5-7B-MST,54.20933865648325,54.58495423775734,35.35007344104428,24,36.82045676748357,-1.4703833264392898
marcuscedricridia_Hush-Qwen2.5-7B-MST-v1.3,marcuscedricridia/Hush-Qwen2.5-7B-MST-v1.3,54.851588265926054,55.16165586639878,36.45190695170704,24,37.70659895838695,-1.2546920066799103
marcuscedricridia_Hush-Qwen2.5-7B-Preview,marcuscedricridia/Hush-Qwen2.5-7B-Preview,54.01839958340566,54.31064770878757,35.32875647048946,24,36.5570090891069,-1.2282526186174394
marcuscedricridia_Hush-Qwen2.5-7B-RP-v1.4-1M,marcuscedricridia/Hush-Qwen2.5-7B-RP-v1.4-1M,52.8380489498351,52.95123017150107,32.681799063269544,24,34.92842344096015,-2.2466243776906083
marcuscedricridia_Hush-Qwen2.5-7B-v1.1,marcuscedricridia/Hush-Qwen2.5-7B-v1.1,53.56708904704045,53.835756363076655,34.40003587057091,24,35.9343145765802,-1.5342787060092888
marcuscedricridia_Hush-Qwen2.5-7B-v1.3,marcuscedricridia/Hush-Qwen2.5-7B-v1.3,52.97691373025516,53.26893189699236,33.96881934058692,24,35.12002175250682,-1.151202411919904
marcuscedricridia_Qwen2.5-7B-Preview,marcuscedricridia/Qwen2.5-7B-Preview,53.41086616906787,53.59781834039953,33.85996689538109,24,35.71876647609019,-1.8587995807090962
marcuscedricridia_Yell-Qwen2.5-7B-Preview-v1.1,marcuscedricridia/Yell-Qwen2.5-7B-Preview-v1.1,53.341433778857834,53.47734083768815,34.15662850738155,24,35.622967320316846,-1.466338812935298
mattshumer_Reflection-Llama-3.1-70B,mattshumer/Reflection-Llama-3.1-70B,64.4332581149106,64.5001286484342,47.86623716674634,24,50.92688245510759,-3.0606452883612505
meditsolutions_Llama-3.2-SUN-1B-chat,meditsolutions/Llama-3.2-SUN-1B-chat,35.08071515361917,35.316857156340085,8.690237956315015,24,10.427789351928954,-1.7375513956139397
meditsolutions_Llama-3.2-SUN-2.4B-checkpoint-34800,meditsolutions/Llama-3.2-SUN-2.4B-checkpoint-34800,31.34872417982989,31.61124673749053,5.466179719646344,24,5.278584729112031,0.18759499053431306
meditsolutions_Llama-3.2-SUN-2.5B-chat,meditsolutions/Llama-3.2-SUN-2.5B-chat,35.49730949487936,35.747343021611236,9.40909318881213,24,11.002584286568977,-1.5934910977568464
meta-llama_Llama-2-13b-hf,meta-llama/Llama-2-13b-hf,41.138691199444544,41.25624223383506,17.222559825058127,24,18.786265693152696,-1.5637058680945692
meta-llama_Llama-2-70b-chat-hf,meta-llama/Llama-2-70b-chat-hf,30.220447838916854,30.424741461642657,4.613767082590614,24,3.7218484477952876,0.8919186347953261
meta-llama_Llama-2-70b-hf,meta-llama/Llama-2-70b-hf,54.60857490019094,54.725911904493415,35.900061863721675,24,37.37130191318027,-1.4712400494585935
meta-llama_Llama-2-7b-chat-hf,meta-llama/Llama-2-7b-chat-hf,30.84533935080715,31.118796883355184,4.459171645959485,24,4.58404084975533,-0.12486920379584543
meta-llama_Llama-3.1-70B,meta-llama/Llama-3.1-70B,62.71480645721229,62.60069183171611,46.39941295581887,24,48.55585334971749,-2.1564403938986203
meta-llama_Llama-3.1-70B-Instruct,meta-llama/Llama-3.1-70B-Instruct,67.9916681131748,68.09743928158808,55.92799173898473,24,55.83658918849117,0.09140255049356227
meta-llama_Llama-3.1-8B-Instruct,meta-llama/Llama-3.1-8B-Instruct,50.77243534108662,50.87032184331889,29.379192497334035,24,32.07839855670335,-2.6992060593693132
meta-llama_Llama-3.2-1B,meta-llama/Llama-3.2-1B,30.897413643464677,31.149540964608104,4.366029656556756,24,4.655890216585336,-0.28986056002857996
meta-llama_Llama-3.2-3B-Instruct,meta-llama/Llama-3.2-3B-Instruct,45.460857490019094,45.65365973106469,24.059186446885477,24,24.749763140042987,-0.6905766931575101
meta-llama_Meta-Llama-3-70B,meta-llama/Meta-Llama-3-70B,64.6589133830932,64.61074599904468,48.709812647505885,24,51.23822971137094,-2.5284170638650565
meta-llama_Meta-Llama-3-70B-Instruct,meta-llama/Meta-Llama-3-70B-Instruct,65.2490886998785,65.4669943237205,50.18513318440344,24,52.05252253544433,-1.8673893510408917
meta-llama_Meta-Llama-3-8B-Instruct,meta-llama/Meta-Llama-3-8B-Instruct,49.71359139038361,49.88711113616953,28.24494957634361,24,30.61746143115994,-2.3725118548163273
microsoft_Phi-3-medium-128k-instruct,microsoft/Phi-3-medium-128k-instruct,63.61742752994272,63.82322530870548,48.46045127399018,24,49.80124237477088,-1.3407911007806987
microsoft_Phi-3-medium-4k-instruct,microsoft/Phi-3-medium-4k-instruct,63.80836660302031,64.12464890555547,49.38061007422016,24,50.06469005314755,-0.684079978927393
microsoft_Phi-3-mini-128k-instruct,microsoft/Phi-3-mini-128k-instruct,55.597986460683906,55.74531792679852,37.09976663224031,24,38.73643988295033,-1.6366732507100181
microsoft_Phi-4-mini-instruct,microsoft/Phi-4-mini-instruct,56.67418850893942,56.886293550540394,38.73553611173529,24,40.22132679743708,-1.4857906857017866
microsoft_phi-1,microsoft/phi-1,31.123068911647284,31.394755895837843,4.273999212214679,24,4.967237472848683,-0.6932382606340042
microsoft_phi-1_5,microsoft/phi-1_5,33.31018920326332,33.59758321199666,7.468938770070243,24,7.984910879708827,-0.5159721096385841
microsoft_phi-4,microsoft/phi-4,66.86339177226176,67.03464626619115,52.57567157258284,24,54.279852907174444,-1.7041813345916026
migtissera_Tess-3-Mistral-Nemo-12B,migtissera/Tess-3-Mistral-Nemo-12B,48.8456865127582,48.99423024530449,28.042728344416503,24,29.41997198399321,-1.377243639576708
minghaowu_Qwen1.5-1.8B-OpenHermes-2.5,minghaowu/Qwen1.5-1.8B-OpenHermes-2.5,33.53584447144593,33.746396801266016,7.561477534247794,24,8.296258135972174,-0.7347806017243803
mistral-community_Mixtral-8x22B-v0.1,mistral-community/Mixtral-8x22B-v0.1,38.0,38.0,12.647903050108935,24,14.455664856418945,-1.80776180631001
mistralai_Codestral-22B-v0.1,mistralai/Codestral-22B-v0.1,50.876583926401665,51.39136921003168,30.737634411945635,24,32.222097290363344,-1.484462878417709
mistralai_Mistral-7B-Instruct-v0.1,mistralai/Mistral-7B-Instruct-v0.1,37.63235549383788,37.79708547781686,7.647020535827543,24,13.948408326599123,-6.301387790771581
mistralai_Mistral-7B-Instruct-v0.3,mistralai/Mistral-7B-Instruct-v0.3,47.00572817219233,47.2196317126484,25.56911494885904,24,26.881294355999753,-1.3121794071407145
mistralai_Mistral-7B-v0.3,mistralai/Mistral-7B-v0.3,45.113695538968926,45.16854629464251,24.03725427191849,24,24.27076736117629,-0.23351308925780145
mistralai_Mistral-Large-Instruct-2411,mistralai/Mistral-Large-Instruct-2411,67.00225655268183,67.4664773567507,52.7448919952634,24,54.471451218721114,-1.7265592234577127
mistralai_Mistral-Nemo-Instruct-2407,mistralai/Mistral-Nemo-Instruct-2407,48.75889602499566,48.84930100743055,29.679970381152803,24,29.300223039276535,0.3797473418762678
mistralai_Mistral-Small-Instruct-2409,mistralai/Mistral-Small-Instruct-2409,51.570907828501994,52.13075098146217,30.7920960925092,24,33.18008884809673,-2.387992755587529
mistralai_Mixtral-8x22B-Instruct-v0.1,mistralai/Mixtral-8x22B-Instruct-v0.1,61.100503384829025,61.249249262720184,44.11434558724835,24,46.32852297798738,-2.2141773907390316
mistralai_Mixtral-8x22B-v0.1,mistralai/Mixtral-8x22B-v0.1,62.33292831105711,62.39807473187269,45.58840384342722,24,48.028957992964116,-2.4405541495368936
mistralai_Mixtral-8x7B-v0.1,mistralai/Mixtral-8x7B-v0.1,50.3211248047214,50.44244568382994,30.294194918961484,24,31.455704044176642,-1.161509125215158
mkurman_llama-3.2-MEDIT-3B-o1,mkurman/llama-3.2-MEDIT-3B-o1,44.020135393160906,43.99658480796156,20.819346310345164,24,22.761930657746216,-1.942584347401052
mkurman_phi-4-MedIT-11B-exp-1,mkurman/phi-4-MedIT-11B-exp-1,53.879534802985596,54.13943771388248,34.73718585543679,24,36.36541077756022,-1.6282249221234295
mkxu_llama-3-8b-po1,mkxu/llama-3-8b-po1,49.435861829543484,49.760854852246354,29.181758873323105,24,30.234264808066584,-1.052505934743479
mlabonne_BigQwen2.5-52B-Instruct,mlabonne/BigQwen2.5-52B-Instruct,70.89047040444368,71.21004678698546,59.80960695923371,24,59.83620394202804,-0.02659698279433087
mlabonne_ChimeraLlama-3-8B-v2,mlabonne/ChimeraLlama-3-8B-v2,50.35584099982642,50.45597361952603,28.47879573339652,24,31.503603622063313,-3.0248078886667926
mlabonne_OrpoLlama-3-8B,mlabonne/OrpoLlama-3-8B,43.968061100503384,44.240790635030514,21.95410762879941,24,22.690081290916215,-0.7359736621168054
mlabonne_phixtral-2x2_8,mlabonne/phixtral-2x2_8,48.77625412254817,48.885941873076206,28.502644855771297,24,29.32417282821987,-0.8215279724485711
mlx-community_Josiefied-Qwen2.5-0.5B-Instruct-abliterated-v1-float32,mlx-community/Josiefied-Qwen2.5-0.5B-Instruct-abliterated-v1-float32,32.824162471793095,32.921013057720046,7.2211690840719855,24,7.314316789295468,-0.09314770522348237
mlx-community_Mistral-Small-24B-Instruct-2501-bf16,mlx-community/Mistral-Small-24B-Instruct-2501-bf16,66.9501822600243,67.13272911918484,52.39286892867324,24,54.39960185189111,-2.006732923217875
mmnga_Llama-3-70B-japanese-suzume-vector-v0.1,mmnga/Llama-3-70B-japanese-suzume-vector-v0.1,65.19701440722096,65.41763652331517,50.02266053282724,24,51.98067316861431,-1.958012635787071
mobiuslabsgmbh_DeepSeek-R1-ReDistill-Llama3-8B-v1.1,mobiuslabsgmbh/DeepSeek-R1-ReDistill-Llama3-8B-v1.1,34.3169588613088,34.73032015050413,7.891833484522146,24,9.373998638422227,-1.4821651539000813
mobiuslabsgmbh_DeepSeek-R1-ReDistill-Qwen-7B-v1.1,mobiuslabsgmbh/DeepSeek-R1-ReDistill-Qwen-7B-v1.1,36.69501822600243,36.98376276504417,11.565400479411355,24,12.65511972365906,-1.0897192442477053
monsterapi_Llama-3_1-8B-Instruct-orca-ORPO,monsterapi/Llama-3_1-8B-Instruct-orca-ORPO,28.328415205693457,28.653625778742803,1.3404688979507675,24,1.1113214529718283,0.22914744497893924
monsterapi_gemma-2-2b-LoRA-MonsterInstruct,monsterapi/gemma-2-2b-LoRA-MonsterInstruct,36.22634959208471,36.49686192749869,11.965057260762338,24,12.00847542218903,-0.043418161426691526
mukaj_Llama-3.1-Hawkish-8B,mukaj/Llama-3.1-Hawkish-8B,48.6373893421281,48.83822828416351,28.13584109991744,24,29.1325745166732,-0.9967334167557595
natong19_Mistral-Nemo-Instruct-2407-abliterated,natong19/Mistral-Nemo-Instruct-2407-abliterated,50.164901926748826,50.48447739625885,29.915044266358997,24,31.24015594368663,-1.3251116773276337
natong19_Qwen2-7B-Instruct-abliterated,natong19/Qwen2-7B-Instruct-abliterated,55.14667592431869,55.53035842403062,37.74683385346309,24,38.113745370423636,-0.366911516960549
nazimali_Mistral-Nemo-Kurdish-Instruct,nazimali/Mistral-Nemo-Kurdish-Instruct,46.7453567089047,46.99417600389813,25.56142263482943,24,26.522047521849736,-0.9606248870203054
nbeerbower_Dumpling-Qwen2.5-1.5B,nbeerbower/Dumpling-Qwen2.5-1.5B,41.19076549210207,41.59743091354107,18.17835840988572,24,18.858115059982698,-0.6797566500969765
nbeerbower_Dumpling-Qwen2.5-14B,nbeerbower/Dumpling-Qwen2.5-14B,64.25967713938552,64.5064426279838,49.666835922992384,24,50.68738456567424,-1.0205486426818595
nbeerbower_Gemma2-Gutenberg-Doppel-9B,nbeerbower/Gemma2-Gutenberg-Doppel-9B,58.58357923971533,58.70114193661849,41.08306318800703,24,42.855803581203865,-1.772740393196834
nbeerbower_Gutensuppe-mistral-nemo-12B,nbeerbower/Gutensuppe-mistral-nemo-12B,54.59121680263843,54.868322030982625,35.56934797458052,24,37.34735212423693,-1.7780041496564039
nbeerbower_Hermes2-Gutenberg2-Mistral-7B,nbeerbower/Hermes2-Gutenberg2-Mistral-7B,49.487936122201006,49.81450458280896,28.907334664767347,24,30.306114174896585,-1.3987795101292377
nbeerbower_Llama-3.1-Nemotron-lorablated-70B,nbeerbower/Llama-3.1-Nemotron-lorablated-70B,63.72157611525777,63.790424169443895,54.18258128894629,24,49.94494110843088,4.237640180515406
nbeerbower_Mahou-1.5-mistral-nemo-12B-lorablated,nbeerbower/Mahou-1.5-mistral-nemo-12B-lorablated,54.59121680263843,54.96040380079438,36.077381004161374,24,37.34735212423693,-1.269971120075553
nbeerbower_Mistral-Gutenberg-Doppel-7B-FFT,nbeerbower/Mistral-Gutenberg-Doppel-7B-FFT,40.704738760631834,40.76254089025594,17.34657495584369,24,18.187520969569327,-0.8409460137256382
nbeerbower_Mistral-Nemo-Moderne-12B-FFT-experimental,nbeerbower/Mistral-Nemo-Moderne-12B-FFT-experimental,51.970144072209685,52.34089179237257,32.0715397550976,24,33.73093399379342,-1.6593942386958247
nbeerbower_Mistral-Nemo-Prism-12B,nbeerbower/Mistral-Nemo-Prism-12B,54.41763582711335,54.751863522914874,35.91800839002647,24,37.10785423480359,-1.1898458447771176
nbeerbower_Mistral-Nemo-Prism-12B-v2,nbeerbower/Mistral-Nemo-Prism-12B-v2,54.539142509980906,54.918756373776795,36.19978764533613,24,37.275502757406926,-1.075715112070796
nbeerbower_Mistral-Small-Drummer-22B,nbeerbower/Mistral-Small-Drummer-22B,57.75039055719493,57.93201948136217,40.12177010845507,24,41.70621371192381,-1.584443603468742
nbeerbower_Mistral-Small-Gutenberg-Doppel-22B,nbeerbower/Mistral-Small-Gutenberg-Doppel-22B,58.35792397153272,58.58932329112819,40.93134519747112,24,42.54445632494052,-1.613111127469402
nbeerbower_Qwen2.5-Gutenberg-Doppel-14B,nbeerbower/Qwen2.5-Gutenberg-Doppel-14B,63.652143725047736,63.8173575518332,48.23890863039215,24,49.84914195265755,-1.610233322265394
nbeerbower_Stella-mistral-nemo-12B-v2,nbeerbower/Stella-mistral-nemo-12B-v2,54.59121680263843,54.83750956495209,35.364516100686416,24,37.34735212423693,-1.9828360235505116
nbeerbower_gemma2-gutenberg-27B,nbeerbower/gemma2-gutenberg-27B,37.840652664467974,37.96568350345161,13.091524912026523,24,14.235805793919134,-1.1442808818926107
nbeerbower_gemma2-gutenberg-9B,nbeerbower/gemma2-gutenberg-9B,59.38205172713071,59.50904001490335,42.35561106809721,24,43.95749387259726,-1.6018828045000504
nbeerbower_mistral-nemo-cc-12B,nbeerbower/mistral-nemo-cc-12B,53.844818607880576,53.99409546487519,34.44654701952267,24,36.31751119967355,-1.870964180150878
nbeerbower_mistral-nemo-gutenberg-12B-v3,nbeerbower/mistral-nemo-gutenberg-12B-v3,54.29612914424579,54.40657990510908,34.95791456295642,24,36.94020571220024,-1.9822911492438209
nbeerbower_mistral-nemo-gutenberg2-12B-test,nbeerbower/mistral-nemo-gutenberg2-12B-test,52.334664120812356,52.54779086302549,32.04475928596384,24,34.233879561603445,-2.1891202756396027
nbeerbower_mistral-nemo-kartoffel-12B,nbeerbower/mistral-nemo-kartoffel-12B,54.46971011977087,54.83796436144805,36.05253256686901,24,37.17970360163359,-1.1271710347645794
nbeerbower_mistral-nemo-wissenschaft-12B,nbeerbower/mistral-nemo-wissenschaft-12B,50.09546953653879,50.4030612099318,29.567999415715217,24,31.144356787913292,-1.5763573721980748
necva_IE-cont-Llama3.1-8B,necva/IE-cont-Llama3.1-8B,28.762367644506163,29.117781029884352,2.3470409575204094,24,1.7100661765551917,0.6369747809652178
neopolita_jessi-v0.1-bf16-falcon3-7b-instruct,neopolita/jessi-v0.1-bf16-falcon3-7b-instruct,54.78215587571602,55.16128933222162,36.13467912106424,24,37.61079980261361,-1.476120681549375
neopolita_jessi-v0.1-qwen2.5-7b-instruct,neopolita/jessi-v0.1-qwen2.5-7b-instruct,53.98368338830064,54.25870065630181,33.34225906937014,24,36.509109511220224,-3.1668504418500873
neopolita_jessi-v0.2-falcon3-10b-instruct,neopolita/jessi-v0.2-falcon3-10b-instruct,61.81218538448186,62.048466713143625,45.02184351970056,24,47.310464324664075,-2.2886208049635144
neopolita_jessi-v0.2-falcon3-7b-instruct,neopolita/jessi-v0.2-falcon3-7b-instruct,53.098420413122724,53.63079188886576,34.382892384888216,24,35.287670275110166,-0.9047778902219505
netcat420_DeepSeek-R1-MFANN-TIES-unretrained-7b,netcat420/DeepSeek-R1-MFANN-TIES-unretrained-7b,30.602325985072035,30.85990340530128,4.561587443058031,24,4.248743804548646,0.3128436385093858
netcat420_MFANN-Llama3.1-Abliterated-SLERP-TIES-V3,netcat420/MFANN-Llama3.1-Abliterated-SLERP-TIES-V3,49.0539836833883,49.140215942254436,26.978850946197483,24,29.70736945131323,-2.7285185051157477
netcat420_MFANN-Llama3.1-Abliterated-Slerp-TIES,netcat420/MFANN-Llama3.1-Abliterated-Slerp-TIES,49.62680090262107,49.67512179623833,27.59982935067644,24,30.497712486443262,-2.897883135766822
netcat420_MFANN-Llama3.1-Abliterated-Slerp-V3.2,netcat420/MFANN-Llama3.1-Abliterated-Slerp-V3.2,49.6962332928311,49.78253547434617,27.774394299037056,24,30.593511642216598,-2.819117343179542
netcat420_MFANN-llama3.1-abliterated-v2,netcat420/MFANN-llama3.1-abliterated-v2,49.34907134178094,49.40829733015403,27.35361826731554,24,30.11451586334991,-2.760897596034372
netcat420_MFANN-phigments-slerp-V3.3,netcat420/MFANN-phigments-slerp-V3.3,48.58531504947058,48.95295046363096,28.170621881092465,24,29.060725149843197,-0.8901032687507318
netcat420_Qwen2.5-Coder-Scholar-7B-Abliterated-MFANN,netcat420/Qwen2.5-Coder-Scholar-7B-Abliterated-MFANN,50.25169241451137,50.71448530886462,29.98074987281026,24,31.359904888403307,-1.3791550155930459
netcat420_Qwen2.5-DeepSeek-R1-MFANN-Slerp-7b,netcat420/Qwen2.5-DeepSeek-R1-MFANN-Slerp-7b,37.59763929873286,37.890218644722076,13.455601394009934,24,13.90050874871245,-0.44490735470251686
netcat420_qwen2.5-MFANN-7b-SLERPv1.1,netcat420/qwen2.5-MFANN-7b-SLERPv1.1,50.3211248047214,50.747619935376726,29.97691243171087,24,31.455704044176642,-1.4787916124657734
newsbang_Homer-v1.0-Qwen2.5-72B,newsbang/Homer-v1.0-Qwen2.5-72B,72.92136781808713,73.09799550978828,62.27406507872839,24,62.63832924839817,-0.3642641696697808
newsbang_Homer-v1.0-Qwen2.5-7B,newsbang/Homer-v1.0-Qwen2.5-7B,56.29231036278424,56.55254177370222,37.81084749225178,24,39.69443144068372,-1.8835839484319408
nhyha_N3N_gemma-2-9b-it_20241110_2026,nhyha/N3N_gemma-2-9b-it_20241110_2026,58.58357923971533,58.67149609980419,40.94410554905775,24,42.855803581203865,-1.9116980321461128
nhyha_merge_Qwen2.5-7B-Instruct_20241023_0314,nhyha/merge_Qwen2.5-7B-Instruct_20241023_0314,55.3723311925013,55.58529241660144,36.36518528982388,24,38.42509262668698,-2.0599073368631053
nisten_franqwenstein-35b,nisten/franqwenstein-35b,66.1169935775039,66.46579178049268,52.227468077653526,24,53.25001198261104,-1.0225439049575158
nisten_tqwendo-36b,nisten/tqwendo-36b,64.17288665162299,64.3183083265909,49.41493648187427,24,50.567635620957596,-1.1526991390833246
nlpguy_Mistral-NeMo-Minitron-Upscale-v3,nlpguy/Mistral-NeMo-Minitron-Upscale-v3,30.220447838916854,30.524522602918058,3.3982664477164874,24,3.7218484477952876,-0.3235820000788001
noname0202_gemma-2-2b-it-ties,noname0202/gemma-2-2b-it-ties,41.6767922235723,42.05740306029082,18.13956937900525,24,19.528709150396065,-1.3891397713908162
noname0202_gemma-2-9b-sft-jp-en-zh-v1,noname0202/gemma-2-9b-sft-jp-en-zh-v1,45.131053636521436,45.19290530910056,22.0002402150018,24,24.294717150119627,-2.294476935117828
noname0202_gemma-2-9b-sft-jp-en-zh-v2,noname0202/gemma-2-9b-sft-jp-en-zh-v2,44.87068217323382,45.150411845094006,22.658058596327027,24,23.935470315969614,-1.2774117196425863
noname0202_llama-math-1b-r16-0to512tokens-test,noname0202/llama-math-1b-r16-0to512tokens-test,34.62940461725395,34.88416602260141,8.389239359006991,24,9.80509483940225,-1.4158554803952583
noname0202_llama-math-1b-r32-0to512tokens-test,noname0202/llama-math-1b-r32-0to512tokens-test,34.664120812358966,34.9518313951016,8.191900397270365,24,9.852994417288922,-1.6610940200185578
noname0202_llama-math-1b-r32-test,noname0202/llama-math-1b-r32-test,34.64676271480646,34.85960127764988,8.498754758774203,24,9.829044628345587,-1.3302898695713843
notbdq_Qwen2.5-14B-Instruct-1M-GRPO-Reasoning,notbdq/Qwen2.5-14B-Instruct-1M-GRPO-Reasoning,61.777469189376845,61.98222551365404,45.65828060023316,24,47.26256474677742,-1.6042841465442592
nvidia_Mistral-NeMo-Minitron-8B-Base,nvidia/Mistral-NeMo-Minitron-8B-Base,52.59503558409998,52.77482854420399,31.822015157490156,24,34.593126395753465,-2.771111238263309
oopere_Llama-FinSent-S,oopere/Llama-FinSent-S,31.314007984724874,31.562055310321483,4.1560152972776905,24,5.230685151225362,-1.0746698539476718
oopere_pruned20-llama-1b,oopere/pruned20-llama-1b,30.029508765839264,30.313627830972035,3.185394259848986,24,3.4584007694186085,-0.2730065095696226
oopere_pruned20-llama-3.2-3b,oopere/pruned20-llama-3.2-3b,32.35549383787537,32.47848391290976,6.3327454652272905,24,6.6676724878254365,-0.334927022598146
oopere_pruned40-llama-1b,oopere/pruned40-llama-1b,29.317826766186425,29.69156380141993,2.6553089313766187,24,2.4764594227418923,0.17884950863472637
oopere_pruned40-llama-3.2-1B,oopere/pruned40-llama-3.2-1B,29.456691546606493,29.824897134753268,2.7012729836642007,24,2.6680577342885714,0.03321524937562925
oopere_pruned60-llama-1b,oopere/pruned60-llama-1b,29.66498871723659,30.16193474185398,2.9425264807533544,24,2.955455201608582,-0.01292872085522756
orai-nlp_Llama-eus-8B,orai-nlp/Llama-eus-8B,44.10692588092345,44.182454907887006,20.96137115221118,24,22.88167960246289,-1.92030845025171
pankajmathur_orca_mini_phi-4,pankajmathur/orca_mini_phi-4,68.46033674709251,68.56329737542379,54.63137024552032,24,56.483233489961194,-1.851863244440871
princeton-nlp_Llama-3-8B-ProLong-64k-Base,princeton-nlp/Llama-3-8B-ProLong-64k-Base,46.918937684429785,47.02640288936317,28.687899000980178,24,26.761545411283077,1.9263535896971007
princeton-nlp_Llama-3-8B-ProLong-64k-Instruct,princeton-nlp/Llama-3-8B-ProLong-64k-Instruct,49.71359139038361,49.9401039476056,30.08957216568684,24,30.61746143115994,-0.5278892654730996
princeton-nlp_Llama-3-Base-8B-SFT-DPO,princeton-nlp/Llama-3-Base-8B-SFT-DPO,46.554417635827114,46.658506064913546,26.001873821480995,24,26.258599843473057,-0.25672602199206196
princeton-nlp_Llama-3-Base-8B-SFT-IPO,princeton-nlp/Llama-3-Base-8B-SFT-IPO,46.78007290400972,46.900685823183984,25.705433288023944,24,26.569947099736407,-0.8645138117124631
princeton-nlp_Llama-3-Base-8B-SFT-KTO,princeton-nlp/Llama-3-Base-8B-SFT-KTO,46.71064051379969,46.92852292721418,25.55523001299593,24,26.474147943963068,-0.9189179309671367
princeton-nlp_Llama-3-Base-8B-SFT-ORPO,princeton-nlp/Llama-3-Base-8B-SFT-ORPO,47.266099635479954,47.340573024653914,26.48589369385502,24,27.240541190149774,-0.7546474962947549
princeton-nlp_Llama-3-Base-8B-SFT-RDPO,princeton-nlp/Llama-3-Base-8B-SFT-RDPO,46.43291095295955,46.620140448752295,25.526521127200017,24,26.09095132086971,-0.5644301936696934
princeton-nlp_Llama-3-Base-8B-SFT-RRHF,princeton-nlp/Llama-3-Base-8B-SFT-RRHF,44.99218885610137,45.20360167602379,23.659142323042403,24,24.10311883857295,-0.4439765155305473
princeton-nlp_Llama-3-Base-8B-SFT-SLiC-HF,princeton-nlp/Llama-3-Base-8B-SFT-SLiC-HF,46.936295781982295,47.040751277773346,26.37396261839453,24,26.785495200226418,-0.4115325818318887
princeton-nlp_Llama-3-Instruct-8B-CPO-v0.2,princeton-nlp/Llama-3-Instruct-8B-CPO-v0.2,50.164901926748826,50.266698712171284,29.086406714200837,24,31.24015594368663,-2.1537492294857934
princeton-nlp_Llama-3-Instruct-8B-DPO,princeton-nlp/Llama-3-Instruct-8B-DPO,49.783023780593645,49.913030791395016,28.50739167799402,24,30.713260586933274,-2.205868908939255
princeton-nlp_Llama-3-Instruct-8B-RDPO,princeton-nlp/Llama-3-Instruct-8B-RDPO,50.23433431695886,50.33626077797596,29.032479102136296,24,31.335955099459966,-2.3034759973236696
princeton-nlp_Llama-3-Instruct-8B-RRHF-v0.2,princeton-nlp/Llama-3-Instruct-8B-RRHF-v0.2,49.8871723659087,49.83895257292753,28.498723991187727,24,30.85695932059328,-2.3582353294055522
princeton-nlp_Llama-3-Instruct-8B-SimPO,princeton-nlp/Llama-3-Instruct-8B-SimPO,48.25551119597292,48.44684852490536,26.709132779658223,24,28.605679159919838,-1.896546380261615
princeton-nlp_Mistral-7B-Base-SFT-CPO,princeton-nlp/Mistral-7B-Base-SFT-CPO,43.638257247005726,43.82151250666357,21.857696499882195,24,22.235035300992855,-0.3773388011106604
princeton-nlp_Mistral-7B-Base-SFT-DPO,princeton-nlp/Mistral-7B-Base-SFT-DPO,43.11751432043048,43.50112397961269,20.79098038827006,24,21.516541632692824,-0.7255612444227637
princeton-nlp_Mistral-7B-Base-SFT-RDPO,princeton-nlp/Mistral-7B-Base-SFT-RDPO,43.93334490539837,44.3953286269242,22.98200980704625,24,22.64218171302955,0.3398280940166991
princeton-nlp_Mistral-7B-Base-SFT-SLiC-HF,princeton-nlp/Mistral-7B-Base-SFT-SLiC-HF,44.002777295608404,44.223991890402175,22.304722895019296,24,22.737980868802886,-0.43325797378359
princeton-nlp_Mistral-7B-Base-SFT-SimPO,princeton-nlp/Mistral-7B-Base-SFT-SimPO,43.7944801249783,43.98050727924063,22.33288648076616,24,22.450583401482866,-0.1176969207167069
princeton-nlp_Mistral-7B-Instruct-DPO,princeton-nlp/Mistral-7B-Instruct-DPO,40.53115778510675,40.60358459697702,16.875389341982814,24,17.94802308013598,-1.072633738153165
princeton-nlp_Mistral-7B-Instruct-IPO,princeton-nlp/Mistral-7B-Instruct-IPO,43.1522305155355,43.22183023180588,20.094109548877523,24,21.564441210579496,-1.470331661701973
princeton-nlp_Mistral-7B-Instruct-KTO,princeton-nlp/Mistral-7B-Instruct-KTO,41.38170456517965,41.39586477181159,17.81264785919903,24,19.121562738359373,-1.3089148791603442
princeton-nlp_Mistral-7B-Instruct-SLiC-HF,princeton-nlp/Mistral-7B-Instruct-SLiC-HF,40.374934907134175,40.40013641288438,16.653429432655862,24,17.73247497964597,-1.079045546990109
princeton-nlp_Sheared-LLaMA-1.3B,princeton-nlp/Sheared-LLaMA-1.3B,31.817392813747613,31.970467392464425,4.744629874421679,24,5.925229030582062,-1.1805991561603832
princeton-nlp_gemma-2-9b-it-DPO,princeton-nlp/gemma-2-9b-it-DPO,59.32997743447318,59.41444682956648,41.59365445538448,24,43.885644505767246,-2.291990050382765
princeton-nlp_gemma-2-9b-it-SimPO,princeton-nlp/gemma-2-9b-it-SimPO,58.3232077764277,58.391799231621235,40.093429916371655,24,42.49655674705385,-2.403126830682197
prithivMLmods_Galactic-Qwen-14B-Exp2,prithivMLmods/Galactic-Qwen-14B-Exp2,71.93195625759417,72.03002699449657,59.91731650130399,24,61.273191278628104,-1.3558747773241109
prithivMLmods_Llama-3.1-8B-Open-SFT,prithivMLmods/Llama-3.1-8B-Open-SFT,49.470578024648496,49.67982234773378,28.17992791986844,24,30.28216438595325,-2.102236466084811
prithivMLmods_Llama-3.2-6B-AlgoCode,prithivMLmods/Llama-3.2-6B-AlgoCode,37.33726783544523,37.4774244495677,11.60252636544502,24,13.54126191456243,-1.9387355491174105
prithivMLmods_Llama-Express.1-Math,prithivMLmods/Llama-Express.1-Math,33.36226349592085,33.638140090435265,7.199019778023913,24,8.056760246538836,-0.8577404685149235
prithivMLmods_Magellanic-Qwen-25B-R999,prithivMLmods/Magellanic-Qwen-25B-R999,25.70734247526471,26.0756898082949,2.00355862547039,24,0.0,2.00355862547039
prithivMLmods_Phi-4-Empathetic,prithivMLmods/Phi-4-Empathetic,67.05433084533935,67.26820578371974,52.83893775599707,24,54.543300585551115,-1.704362829554043
prithivMLmods_Phi-4-Math-IO,prithivMLmods/Phi-4-Math-IO,66.4988717236591,66.68255086606543,52.093770592369005,24,53.77690733936441,-1.6831367469954088
prithivMLmods_Phi-4-o1,prithivMLmods/Phi-4-o1,66.67245269918416,66.88727399756971,52.17086167586282,24,54.01640522879775,-1.8455435529349344
prithivMLmods_Phi4-Super,prithivMLmods/Phi4-Super,67.01961465023433,67.20116458521785,52.6972954461393,24,54.495401007664434,-1.7981055615251336
prithivMLmods_Primal-Opus-14B-Optimus-v1,prithivMLmods/Primal-Opus-14B-Optimus-v1,64.06873806630793,64.19423743359405,48.27170322245717,24,50.42393688729757,-2.152233664840402
prithivMLmods_Primal-Opus-14B-Optimus-v2,prithivMLmods/Primal-Opus-14B-Optimus-v2,65.266446797431,65.43780845512957,50.1813442955816,24,52.07647232438766,-1.895128028806056
prithivMLmods_Qwen2.5-14B-DeepSeek-R1-1M,prithivMLmods/Qwen2.5-14B-DeepSeek-R1-1M,61.360874848116644,61.41642378753172,40.75990957906041,24,46.68776981213738,-5.92786023307697
qingy2019_LLaMa_3.2_3B_Catalysts,qingy2019/LLaMa_3.2_3B_Catalysts,44.54087831973616,44.68126879895479,21.345400954820075,24,23.480424326046258,-2.1350233712261826
qingy2019_OpenMath2-Llama3.1-8B,qingy2019/OpenMath2-Llama3.1-8B,40.722096858184344,40.955241401694515,16.294369976218587,24,18.211470758512665,-1.917100782294078
qingy2019_Qwen2.5-Ultimate-14B-Instruct,qingy2019/Qwen2.5-Ultimate-14B-Instruct,58.16698489845513,58.415615928042484,40.58060064469629,24,42.28100864656383,-1.7004080018675438
qingy2024_QwEnlarge-16B-Instruct,qingy2024/QwEnlarge-16B-Instruct,59.191112654053114,59.49341698087997,42.5954533547226,24,43.694046194220576,-1.0985928394979751
qingy2024_Qwen2.5-4B,qingy2024/Qwen2.5-4B,42.45790661343517,42.69378314466817,19.977752146023,24,20.606449652846116,-0.6286975068231158
qingy2024_Qwen2.5-Coder-Draft-1.5B-Instruct,qingy2024/Qwen2.5-Coder-Draft-1.5B-Instruct,38.1010241277556,38.36795503038973,13.001065842415562,24,14.595052628069158,-1.5939867856535965
qingy2024_Qwen2.5-Math-14B-Instruct-Preview,qingy2024/Qwen2.5-Math-14B-Instruct-Preview,62.76688074986981,62.93942245934432,47.050807568284256,24,48.62770271654749,-1.5768951482632332
qingy2024_Qwen2.6-14B-Instruct,qingy2024/Qwen2.6-14B-Instruct,63.75629231036278,63.94142844483002,48.04794799002712,24,49.99284068631755,-1.944892696290431
qq8933_OpenLongCoT-Base-Gemma2-2B,qq8933/OpenLongCoT-Base-Gemma2-2B,30.77590696059712,31.063628708931066,3.546298466806123,24,4.488241693981993,-0.9419432271758703
rasyosef_Phi-1_5-Instruct-v0.1,rasyosef/Phi-1_5-Instruct-v0.1,30.932129838569693,31.178981070928938,4.820243721122045,24,4.703789794472004,0.11645392665004106
rasyosef_phi-2-instruct-apo,rasyosef/phi-2-instruct-apo,44.089567783370946,44.450964630048645,21.672437586715603,24,22.857729813519562,-1.1852922268039592
recoilme_Gemma-2-Ataraxy-Gemmasutra-9B-slerp,recoilme/Gemma-2-Ataraxy-Gemmasutra-9B-slerp,59.72921367818087,59.74387660615059,42.25120987807252,24,44.436489651463944,-2.1852797733914215
rhysjones_phi-2-orange-v2,rhysjones/phi-2-orange-v2,47.50911300121507,47.70220109816213,25.60654883732465,24,27.57583823535646,-1.9692893980318118
riaz_FineLlama-3.1-8B,riaz/FineLlama-3.1-8B,45.54764797778164,45.85729649801348,24.14877809167861,24,24.869512084759656,-0.7207339930810441
rombodawg_Rombos-Coder-V2.5-Qwen-14b,rombodawg/Rombos-Coder-V2.5-Qwen-14b,61.53445582364173,61.651353236664555,44.51949885999458,24,46.92726770157073,-2.40776884157615
rombodawg_Rombos-LLM-V2.5-Qwen-0.5b,rombodawg/Rombos-LLM-V2.5-Qwen-0.5b,32.806804374240585,32.936751831436254,8.412218566269734,24,7.2903670003521315,1.121851565917603
rombodawg_Rombos-LLM-V2.5-Qwen-14b,rombodawg/Rombos-LLM-V2.5-Qwen-14b,64.6241971879882,64.81086261669653,49.38690027144481,24,51.19033013348429,-1.8034298620394793
rombodawg_Rombos-LLM-V2.5-Qwen-32b,rombodawg/Rombos-LLM-V2.5-Qwen-32b,70.14407220968582,70.45537070859798,58.26189408678741,24,58.80636301746465,-0.5444689306772403
rombodawg_Rombos-LLM-V2.5.1-Qwen-3b,rombodawg/Rombos-LLM-V2.5.1-Qwen-3b,38.3093212983857,38.84043024656657,14.88140918445136,24,14.882450095389169,-0.001040910937808448
rombodawg_rombos_Replete-Coder-Llama3-8B,rombodawg/rombos_Replete-Coder-Llama3-8B,32.754730081583055,32.76277102526684,7.087845117845117,24,7.218517633522121,-0.1306725156770039
rsh345_mistral-ft-optimized-1218-NeuralHermes-2.5-Mistral-7B,rsh345/mistral-ft-optimized-1218-NeuralHermes-2.5-Mistral-7B,51.50147543829196,51.88437309746964,32.78974404613455,24,33.08428969232339,-0.29454564618883694
sabersaleh_Llama2-7B-SimPO,sabersaleh/Llama2-7B-SimPO,34.577330324596424,34.89155310129425,8.98121133440231,24,9.73324547257225,-0.7520341381699396
sabersaleh_Llama3,sabersaleh/Llama3,47.70005207429266,47.82189979634094,26.70679448256402,24,27.839285913733132,-1.132491431169111
sabersalehk_Llama3-001-300,sabersalehk/Llama3-001-300,47.318173928137476,47.44577198251654,25.706819355250055,24,27.312390556979775,-1.6055712017297203
sabersalehk_Llama3_01_300,sabersalehk/Llama3_01_300,46.78007290400972,46.913871396012475,25.1552501785412,24,26.569947099736407,-1.4146969211952083
sequelbox_Llama3.1-70B-PlumChat,sequelbox/Llama3.1-70B-PlumChat,67.47092518659954,67.53294797790946,52.81275213512472,24,55.11809552019113,-2.305343385066415
sequelbox_Llama3.1-8B-MOTH,sequelbox/Llama3.1-8B-MOTH,48.18607880576289,48.255063450373505,27.91633224536528,24,28.509880004146503,-0.5935477587812237
sequelbox_Llama3.1-8B-PlumCode,sequelbox/Llama3.1-8B-PlumCode,33.43169588613088,33.68086861425416,8.502927271642019,24,8.152559402312175,0.350367869329844
sequelbox_Llama3.1-8B-PlumMath,sequelbox/Llama3.1-8B-PlumMath,39.94098246832147,40.32302309004814,16.44658382894578,24,17.13373025606261,-0.6871464271168293
sethuiyer_Llama-3.1-8B-Experimental-1208-Instruct,sethuiyer/Llama-3.1-8B-Experimental-1208-Instruct,49.57472660996355,49.64226428926335,29.491580809437377,24,30.42586311961326,-0.9342823101758846
sethuiyer_Llamaverse-3.1-8B-Instruct,sethuiyer/Llamaverse-3.1-8B-Instruct,54.07047387606318,54.14159562743479,34.78211812089758,24,36.6288584559369,-1.8467403350393212
sethuiyer_Qwen2.5-7B-Anvita,sethuiyer/Qwen2.5-7B-Anvita,54.33084533935081,54.65860266784313,35.482447523885746,24,36.988105290086914,-1.5056577662011676
shastraai_Shastra-LLAMA2-Math-Commonsense-SFT,shastraai/Shastra-LLAMA2-Math-Commonsense-SFT,38.1010241277556,38.431675362576506,13.659523241343653,24,14.595052628069158,-0.9355293867255057
shivank21_mistral_dpo_self,shivank21/mistral_dpo_self,31.904183301510155,32.16256961597798,5.548411533266127,24,6.044977975298736,-0.49656644203260925
siqi00_Mistral-7B-DFT,siqi00/Mistral-7B-DFT,46.45026905051206,46.64877336777128,25.364499387227276,24,26.114901109813047,-0.7504017225857709
skymizer_Llama2-7b-sft-chat-custom-template-dpo,skymizer/Llama2-7b-sft-chat-custom-template-dpo,36.67766012844992,36.88466230266156,11.238865074478818,24,12.631169934715725,-1.3923048602369068
someon98_qwen-CoMa-0.5b,someon98/qwen-CoMa-0.5b,29.248394375976392,29.533439538939817,2.126793919588037,24,2.3806602669685555,-0.2538663473805185
sometimesanotion_Qwen2.5-14B-Vimarckoso-v2,sometimesanotion/Qwen2.5-14B-Vimarckoso-v2,65.31852109008852,65.50336897572636,50.41962540780512,24,52.14832169121766,-1.728696283412539
sometimesanotion_Qwen2.5-14B-Vimarckoso-v3,sometimesanotion/Qwen2.5-14B-Vimarckoso-v3,64.01666377365041,64.1460062329604,48.58158725626311,24,50.35208752046757,-1.7705002642044576
sometimesanotion_Qwen2.5-14B-Vimarckoso-v3-IF-Variant,sometimesanotion/Qwen2.5-14B-Vimarckoso-v3-IF-Variant,54.97309494879361,55.20788965536541,35.653096662329,24,37.874247480990284,-2.221150818661286
sometimesanotion_Qwen2.5-7B-Gordion-v0.1-Prose,sometimesanotion/Qwen2.5-7B-Gordion-v0.1-Prose,55.667418850893945,55.990895811778756,37.44132686992394,24,38.83223903872368,-1.390912168799737
sometimesanotion_Qwentessential-14B-v1,sometimesanotion/Qwentessential-14B-v1,65.35323728519354,65.45165968552055,50.365974711716206,24,52.19622126910433,-1.8302465573881221
sometimesanotion_Qwentinuum-14B-v1,sometimesanotion/Qwentinuum-14B-v1,65.4747439680611,65.72572845221036,50.73749377731295,24,52.36386979170767,-1.6263760143947223
sometimesanotion_Qwentinuum-14B-v2,sometimesanotion/Qwentinuum-14B-v2,65.33587918764104,65.55355668062346,50.53548026965414,24,52.172271480161,-1.636791210506864
sometimesanotion_Qwentinuum-14B-v6,sometimesanotion/Qwentinuum-14B-v6,65.266446797431,65.4451742021616,50.2319102421481,24,52.07647232438766,-1.8445620822395554
sometimesanotion_Qwentinuum-14B-v7,sometimesanotion/Qwentinuum-14B-v7,65.2838048949835,65.51430222697051,50.34706507410996,24,52.10042211333098,-1.7533570392210152
sometimesanotion_Qwentinuum-14B-v8,sometimesanotion/Qwentinuum-14B-v8,65.17965630966846,65.34258495008118,50.11142993537886,24,51.95672337967099,-1.8452934442921318
sometimesanotion_Qwenvergence-14B-v0.6-004-model_stock,sometimesanotion/Qwenvergence-14B-v0.6-004-model_stock,62.35028640860962,62.4933870754005,46.366653802814,24,48.052907781907464,-1.6862539790934647
sometimesanotion_Qwenvergence-14B-v3,sometimesanotion/Qwenvergence-14B-v3,65.266446797431,65.4823836148701,50.35268751505373,24,52.07647232438766,-1.723784809333928
sometimesanotion_Qwenvergence-14B-v3-Prose,sometimesanotion/Qwenvergence-14B-v3-Prose,64.93664294393335,65.12913170949324,49.79836668099142,24,51.6214263344643,-1.8230596534728818
sometimesanotion_Qwenvergence-14B-v3-Reason,sometimesanotion/Qwenvergence-14B-v3-Reason,65.40531157785107,65.61283957466178,50.69444798867054,24,52.26807063593433,-1.5736226472637895
sometimesanotion_Qwenvergence-14B-v8,sometimesanotion/Qwenvergence-14B-v8,65.14494011456344,65.22455361956445,49.83459258547442,24,51.90882380178431,-2.07423121630989
sometimesanotion_Qwenvergence-14B-v9,sometimesanotion/Qwenvergence-14B-v9,61.447665335879186,61.65623747365095,44.84335580801756,24,46.80751875685406,-1.9641629488364956
spmurrayzzz_Mistral-Syndicate-7B,spmurrayzzz/Mistral-Syndicate-7B,42.40583232077764,42.45057075567854,20.50625197041595,24,20.534600286016108,-0.028348315600158713
ssmits_Qwen2.5-95B-Instruct,ssmits/Qwen2.5-95B-Instruct,70.05728172192327,70.37799697488241,58.530351322851054,24,58.68661407274798,-0.1562627498969249
suayptalha_DeepSeek-R1-Distill-Llama-3B,suayptalha/DeepSeek-R1-Distill-Llama-3B,44.367297344211075,44.517853159705965,21.44875568223163,24,23.24092643661291,-1.792170754381278
suayptalha_Komodo-Llama-3.2-3B-v2-fp16,suayptalha/Komodo-Llama-3.2-3B-v2-fp16,43.395243881270616,43.549964909074994,20.20432897355036,24,21.899738255786183,-1.695409282235822
sumink_Qwenftmodel,sumink/Qwenftmodel,37.927443152230516,38.22697025666858,14.041351651308329,24,14.355554738635808,-0.3142030873274795
sumink_bbhqwen,sumink/bbhqwen,33.65735115431349,33.882459160501064,6.631749430919456,24,8.463906658575523,-1.832157227656067
sumink_bbhqwen2,sumink/bbhqwen2,30.185731643811838,30.663248168563744,3.8643035117477176,24,3.673948869908619,0.19035464183909845
sumink_bbhqwen4,sumink/bbhqwen4,31.904183301510155,31.99395559502713,4.8923014124501245,24,6.044977975298736,-1.1526765628486118
sumink_bbhqwen5,sumink/bbhqwen5,28.623502864086095,29.13096447640581,2.81326456924998,24,1.518467865008513,1.2947967042414668
sumink_bbhqwen6,sumink/bbhqwen6,27.30428745009547,27.822424198526292,2.129703501956035,24,0.0,2.129703501956035
synergetic_FrankenQwen2.5-14B,synergetic/FrankenQwen2.5-14B,60.24995660475612,60.477484356553425,44.273555426330965,24,45.15498331976399,-0.8814278934330275
tangledgroup_tangled-llama-pints-1.5b-v0.1-instruct,tangledgroup/tangled-llama-pints-1.5b-v0.1-instruct,31.070994618989758,31.434444692284966,3.8421954101765152,24,4.895388106018678,-1.0531926958421627
tanliboy_lambda-qwen2.5-14b-dpo-test,tanliboy/lambda-qwen2.5-14b-dpo-test,63.70421801770526,63.935052829812854,48.45443982860533,24,49.92099131948755,-1.4665514908822175
tanliboy_lambda-qwen2.5-32b-dpo-test,tanliboy/lambda-qwen2.5-32b-dpo-test,67.19319562575942,67.63904009446838,54.40796058706255,24,54.734898897097786,-0.32693831003523854
tensopolis_falcon3-10b-tensopolis-v1,tensopolis/falcon3-10b-tensopolis-v1,60.24995660475612,60.41637285218983,45.05928024956778,24,45.15498331976399,-0.09570307019621538
tensopolis_mistral-small-2501-tensopolis-v1,tensopolis/mistral-small-2501-tensopolis-v1,64.4332581149106,64.74735931872574,48.693238200527865,24,50.92688245510759,-2.2336442545797226
tensopolis_phi-4-tensopolis-v1,tensopolis/phi-4-tensopolis-v1,68.65127582017011,68.8557983020821,55.03657465495981,24,56.746681168337886,-1.7101065133780793
tensopolis_qwen2.5-14b-tensopolis-v1,tensopolis/qwen2.5-14b-tensopolis-v1,63.30498177399757,63.57132004158234,47.96504993841635,24,49.37014617379086,-1.4050962353745078
tensopolis_qwen2.5-7b-tensopolis-v1,tensopolis/qwen2.5-7b-tensopolis-v1,52.47352890123243,52.7005559401199,34.78352811189759,24,34.42547787315013,0.35805023874745956
theo77186_Qwen2.5-Coder-7B-Instruct-20241106,theo77186/Qwen2.5-Coder-7B-Instruct-20241106,49.800381878146155,50.079769862245485,28.938504045379137,24,30.737210375876607,-1.7987063304974704
theprint_CleverBoi-Llama-3.1-8B-Instruct,theprint/CleverBoi-Llama-3.1-8B-Instruct,45.49557368512411,45.59618469185148,24.04860308113929,24,24.797662717929647,-0.7490596367903564
theprint_CleverBoi-Llama-3.1-8B-v2,theprint/CleverBoi-Llama-3.1-8B-v2,46.43291095295955,46.67816011064479,24.132844977310707,24,26.09095132086971,-1.9581063435590025
theprint_ReWiz-Llama-3.1-8B-v2,theprint/ReWiz-Llama-3.1-8B-v2,46.08574900190939,46.32427545745096,23.7732870894326,24,25.611955542003027,-1.8386684525704275
thomas-yanxin_XinYuan-Qwen2-1_5B,thomas-yanxin/XinYuan-Qwen2-1_5B,36.17427529942718,36.35491993150823,12.12557956003766,24,11.936626055359019,0.1889535046786417
tianyil1_MistralForCausalLM_Cal_DPO,tianyil1/MistralForCausalLM_Cal_DPO,43.46467627148065,43.81423961751714,21.78360838715177,24,21.995537411559518,-0.2119290244077483
tiiuae_Falcon3-10B-Base,tiiuae/Falcon3-10B-Base,59.26054504426315,59.500425343714106,41.37546218651794,24,43.78984534999391,-2.414383163475968
tiiuae_Falcon3-1B-Instruct,tiiuae/Falcon3-1B-Instruct,37.18104495747266,37.44535691366672,12.961374062508185,24,13.32571381407242,-0.3643397515642359
tiiuae_Falcon3-3B-Base,tiiuae/Falcon3-3B-Base,43.91598680784586,44.21367825874385,21.584784293773264,24,22.618231924086214,-1.0334476303129492
tiiuae_Falcon3-7B-Instruct,tiiuae/Falcon3-7B-Instruct,55.979864606839094,56.32442785193331,37.91581245917148,24,39.26333523970369,-1.3475227805322163
tiiuae_Falcon3-Mamba-7B-Instruct,tiiuae/Falcon3-Mamba-7B-Instruct,46.537059538274605,46.78957688410694,25.20350517239808,24,26.234650054529723,-1.0311448821316418
tiiuae_falcon-11B,tiiuae/falcon-11B,43.62089914945322,43.91637035549385,21.937999462890275,24,22.21108551204953,-0.2730860491592537
tiiuae_falcon-40b,tiiuae/falcon-40b,40.09720534629405,40.185324955958,16.583304730312175,24,17.349278356552624,-0.7659736262404486
tiiuae_falcon-mamba-7b,tiiuae/falcon-mamba-7b,42.80506856448533,42.848549886043656,19.87687780354344,24,21.085445431712806,-1.2085676281693658
tinycompany_ShawtyIsBad-bgem3,tinycompany/ShawtyIsBad-bgem3,38.239888908175665,38.529707856388946,13.857811570359898,24,14.78665093961583,-0.9288393692559325
tinycompany_ShawtyIsBad-e5-large,tinycompany/ShawtyIsBad-e5-large,38.44818607880576,38.73483842947396,14.177224162496438,24,15.074048406935841,-0.8968242444394026
tinycompany_ShawtyIsBad-nomic1.5,tinycompany/ShawtyIsBad-nomic1.5,38.41346988370075,38.73599493472512,14.217971903055156,24,15.026148829049177,-0.8081769259940206
tugstugi_Qwen2.5-7B-Instruct-QwQ-v0.1,tugstugi/Qwen2.5-7B-Instruct-QwQ-v0.1,50.859225828849155,51.01062293388119,30.49889389653247,24,32.19814750142001,-1.6992536048875415
unsloth_Llama-3.2-1B-Instruct-no-system-message,unsloth/Llama-3.2-1B-Instruct-no-system-message,35.13278944627669,35.43744783345775,9.386371925607728,24,10.499638718758955,-1.1132667931512277
unsloth_phi-4-unsloth-bnb-4bit,unsloth/phi-4-unsloth-bnb-4bit,67.69658045478215,67.91089896968764,53.84008105932037,24,55.429442776454486,-1.5893617171341177
uukuguy_speechless-code-mistral-7b-v1.0,uukuguy/speechless-code-mistral-7b-v1.0,45.40878319736157,45.71712887094194,24.091412067845624,24,24.677913773212985,-0.5865017053673611
uukuguy_speechless-instruct-mistral-7b-v0.2,uukuguy/speechless-instruct-mistral-7b-v0.2,45.98160041659434,46.066679506817486,24.558747365322688,24,25.468256808343014,-0.9095094430203261
uukuguy_speechless-llama2-hermes-orca-platypus-wizardlm-13b,uukuguy/speechless-llama2-hermes-orca-platypus-wizardlm-13b,48.18607880576289,48.45537304067667,26.79172729423422,24,28.509880004146503,-1.7181527099122818
v000000_Qwen2.5-14B-Gutenberg-1e-Delta,v000000/Qwen2.5-14B-Gutenberg-1e-Delta,63.82572470057282,63.98499301885389,48.6166718794722,24,50.0886398420909,-1.4719679626186988
v000000_Qwen2.5-Lumen-14B,v000000/Qwen2.5-Lumen-14B,63.72157611525777,63.908095111496685,48.50786084405761,24,49.94494110843088,-1.4370802643732716
vhab10_Llama-3.1-8B-Base-Instruct-SLERP,vhab10/Llama-3.1-8B-Base-Instruct-SLERP,50.39055719493143,50.57443268070798,29.92604162309261,24,31.551503199949977,-1.6254615768573686
vhab10_Llama-3.2-Instruct-3B-TIES,vhab10/Llama-3.2-Instruct-3B-TIES,43.32581149106058,43.3236499665141,19.183159360187968,24,21.803939100012833,-2.620779739824865
vhab10_llama-3-8b-merged-linear,vhab10/llama-3-8b-merged-linear,49.19284846380837,49.370937443498526,27.8160513277408,24,29.8989677628599,-2.082916435119099
vicgalle_Configurable-Hermes-2-Pro-Llama-3-8B,vicgalle/Configurable-Hermes-2-Pro-Llama-3-8B,50.14754382919632,50.548412032757746,30.50962474895478,24,31.216206154743304,-0.7065814057885227
vicgalle_Humanish-RP-Llama-3.1-8B,vicgalle/Humanish-RP-Llama-3.1-8B,50.84186773129665,51.00385476143247,29.95856031523668,24,32.17419771247668,-2.215637397240002
vicgalle_Roleplay-Llama-3-8B,vicgalle/Roleplay-Llama-3-8B,49.95660475611873,50.123182069223226,28.554603909240623,24,30.952758476366622,-2.3981545671259994
vonjack_Qwen2.5-Coder-0.5B-Merged,vonjack/Qwen2.5-Coder-0.5B-Merged,30.411386911994445,30.760177520572366,3.588738438643756,24,3.9852961261719666,-0.3965576875282104
wave-on-discord_qwent-7b,wave-on-discord/qwent-7b,42.26696754035758,42.281032861183434,18.066398100675865,24,20.343001974469434,-2.2766038737935688
weathermanj_Menda-3b-Optim-100,weathermanj/Menda-3b-Optim-100,47.10987675750738,47.34802217779384,26.024032164105297,24,27.024993089659766,-1.0009609255544696
win10_EVA-Norns-Qwen2.5-v0.1,win10/EVA-Norns-Qwen2.5-v0.1,50.26905051206388,50.724083801738196,30.060941501467852,24,31.38385467734664,-1.3229131758787886
win10_Norns-Qwen2.5-12B,win10/Norns-Qwen2.5-12B,45.77330324596424,46.18920110392373,23.76925747689573,24,25.180859341023005,-1.4116018641272738
win10_Norns-Qwen2.5-7B,win10/Norns-Qwen2.5-7B,50.28640860961639,50.72887832228614,30.250415044309648,24,31.407804466289978,-1.15738942198033
win10_Qwen2.5-2B-Instruct,win10/Qwen2.5-2B-Instruct,36.66030203089741,37.059058548069764,12.07194568570475,24,12.607220145772388,-0.5352744600676385
wzhouad_gemma-2-9b-it-WPO-HB,wzhouad/gemma-2-9b-it-WPO-HB,56.2228779725742,56.28624376751974,36.66169583479774,24,39.59863228491037,-2.9369364501126327
x0000001_Deepseek-Lumen-R1-Qwen2.5-14B,x0000001/Deepseek-Lumen-R1-Qwen2.5-14B,45.58236417288665,45.69046842406629,22.725259750809624,24,24.917411662646323,-2.1921519118366994
xinchen9_Llama3.1_8B_Instruct_CoT,xinchen9/Llama3.1_8B_Instruct_CoT,44.90539836833883,44.9091385109321,21.14286611806116,24,23.98336989385628,-2.8405037757951206
xinchen9_Llama3.1_CoT_V1,xinchen9/Llama3.1_CoT_V1,43.7771220274258,43.760018472806735,20.166003338515427,24,22.42663361253954,-2.2606302740241127
xinchen9_Mistral-7B-CoT,xinchen9/Mistral-7B-CoT,38.50026037146329,38.72676209806967,14.80619341451162,24,15.145897773765851,-0.33970435925423104
xkp24_Llama-3-8B-Instruct-SPPO-Iter2_gp_2b-table,xkp24/Llama-3-8B-Instruct-SPPO-Iter2_gp_2b-table,49.36642943933345,49.51831916389767,27.69519951055004,24,30.13846565229325,-2.4432661417432087
xkp24_Llama-3-8B-Instruct-SPPO-Iter2_gp_8b-table,xkp24/Llama-3-8B-Instruct-SPPO-Iter2_gp_8b-table,49.921888561013716,50.04491092419729,28.508587310114308,24,30.904858898479954,-2.3962715883656465
xkp24_Llama-3-8B-Instruct-SPPO-score-Iter2_gp_8b-table-0.002,xkp24/Llama-3-8B-Instruct-SPPO-score-Iter2_gp_8b-table-0.002,49.383787536885954,49.51075713814987,28.046977965255564,24,30.16241544123658,-2.1154374759810146
xukp20_Llama-3-8B-Instruct-SPPO-Iter3_bt_2b-table,xukp20/Llama-3-8B-Instruct-SPPO-Iter3_bt_2b-table,48.8456865127582,49.01206199104098,26.866404089240515,24,29.41997198399321,-2.553567894752696
xukp20_Llama-3-8B-Instruct-SPPO-Iter3_bt_8b-table,xukp20/Llama-3-8B-Instruct-SPPO-Iter3_bt_8b-table,50.77243534108662,50.918685121914216,29.73123940180749,24,32.07839855670335,-2.3471591548958592
xukp20_Llama-3-8B-Instruct-SPPO-Iter3_gp_2b-table,xukp20/Llama-3-8B-Instruct-SPPO-Iter3_gp_2b-table,49.487936122201006,49.69531536151197,27.892403263090213,24,30.306114174896585,-2.4137109118063726
yam-peleg_Hebrew-Mistral-7B,yam-peleg/Hebrew-Mistral-7B,43.291095295955564,43.34036699236203,20.176940422218426,24,21.756039522126173,-1.5790990999077472
yfzp_Llama-3-8B-Instruct-SPPO-Iter1_bt_2b-table,yfzp/Llama-3-8B-Instruct-SPPO-Iter1_bt_2b-table,49.6788751952786,49.86613434913193,28.170106538118223,24,30.56956185327327,-2.3994553151550484
yfzp_Llama-3-8B-Instruct-SPPO-Iter1_bt_8b-table,yfzp/Llama-3-8B-Instruct-SPPO-Iter1_bt_8b-table,50.68564485332408,50.80359954971676,29.308127928492556,24,31.958649611986672,-2.650521683494116
yfzp_Llama-3-8B-Instruct-SPPO-Iter1_gp_2b-table,yfzp/Llama-3-8B-Instruct-SPPO-Iter1_gp_2b-table,49.22756465891338,49.41209189652045,27.469588233937547,24,29.946867340746564,-2.477279106809018
yfzp_Llama-3-8B-Instruct-SPPO-Iter1_gp_8b-table,yfzp/Llama-3-8B-Instruct-SPPO-Iter1_gp_8b-table,50.1128276340913,50.25359954971676,28.60442422478885,24,31.16830657685663,-2.563882352067779
yfzp_Llama-3-8B-Instruct-SPPO-score-Iter1_bt_2b-table-0.001,yfzp/Llama-3-8B-Instruct-SPPO-score-Iter1_bt_2b-table-0.001,49.66151709772609,49.79459532536202,28.09919885125768,24,30.545612064329937,-2.4464132130722582
yfzp_Llama-3-8B-Instruct-SPPO-score-Iter1_gp_2b-table-0.001,yfzp/Llama-3-8B-Instruct-SPPO-score-Iter1_gp_2b-table-0.001,49.401145634438464,49.57875856318713,27.82525272195498,24,30.186365230179913,-2.3611125082249345
yfzp_Llama-3-8B-Instruct-SPPO-score-Iter1_gp_8b-table-0.002,yfzp/Llama-3-8B-Instruct-SPPO-score-Iter1_gp_8b-table-0.002,49.74830758548863,49.915471695835485,28.12061516996449,24,30.66536100904661,-2.5447458390821183
yifAI_Llama-3-8B-Instruct-SPPO-score-Iter3_gp_8b-table-0.002,yifAI/Llama-3-8B-Instruct-SPPO-score-Iter3_gp_8b-table-0.002,49.00190939073077,49.145217071254876,27.28106392287093,24,29.63552008448322,-2.354456161612287
ymcki_gemma-2-2b-ORPO-jpn-it-abliterated-18,ymcki/gemma-2-2b-ORPO-jpn-it-abliterated-18,41.2601978823121,41.645186287816365,16.30199203988385,24,18.953914215756033,-2.6519221758721834
ymcki_gemma-2-2b-ORPO-jpn-it-abliterated-18-merge,ymcki/gemma-2-2b-ORPO-jpn-it-abliterated-18-merge,38.15309842041312,38.42696080489089,17.34833699622109,24,14.666901994899156,2.6814350013219332
ymcki_gemma-2-2b-jpn-it-abliterated-17,ymcki/gemma-2-2b-jpn-it-abliterated-17,29.126887693108834,29.46778102988435,16.23474918432881,24,2.2130117443652133,14.021737439963596
ymcki_gemma-2-2b-jpn-it-abliterated-17-18-24,ymcki/gemma-2-2b-jpn-it-abliterated-17-18-24,37.823294566915465,38.12359045735355,13.114728218255616,24,14.211856004975798,-1.0971277867201827
ymcki_gemma-2-2b-jpn-it-abliterated-17-ORPO-alpaca,ymcki/gemma-2-2b-jpn-it-abliterated-17-ORPO-alpaca,40.56587398021177,40.71597192671127,16.922412033306475,24,17.995922658022653,-1.073510624716178
yuvraj17_Llama3-8B-SuperNova-Spectrum-Hermes-DPO,yuvraj17/Llama3-8B-SuperNova-Spectrum-Hermes-DPO,43.70768963721576,43.99870586095269,21.238562899271304,24,22.330834456766194,-1.0922715574948896
yuvraj17_Llama3-8B-SuperNova-Spectrum-dare_ties,yuvraj17/Llama3-8B-SuperNova-Spectrum-dare_ties,45.77330324596424,46.15794426716074,23.492187889680057,24,25.180859341023005,-1.6886714513429482
yuvraj17_Llama3-8B-abliterated-Spectrum-slerp,yuvraj17/Llama3-8B-abliterated-Spectrum-slerp,49.487936122201006,49.77912063897858,28.54692976096071,24,30.306114174896585,-1.7591844139358734
zake7749_gemma-2-2b-it-chinese-kyara-dpo,zake7749/gemma-2-2b-it-chinese-kyara-dpo,42.35375802812012,42.57464897414602,19.061804188812648,24,20.462750919186107,-1.4009467303734588
zelk12_MT-Gen1-gemma-2-9B,zelk12/MT-Gen1-gemma-2-9B,60.89220621419892,60.99997385328262,44.01124668886745,24,46.04112551066736,-2.0298788217999046
zelk12_MT-Gen2-GI-gemma-2-9B,zelk12/MT-Gen2-GI-gemma-2-9B,60.8401319215414,60.95558882654465,44.00259101447648,24,45.969276143837355,-1.9666851293608758
zelk12_MT-Gen2-gemma-2-9B,zelk12/MT-Gen2-gemma-2-9B,60.89220621419892,61.004946626949994,44.10778153097642,24,46.04112551066736,-1.9333439796909389
zelk12_MT-Gen3-gemma-2-9B,zelk12/MT-Gen3-gemma-2-9B,60.85749001909391,60.97112889343964,43.95064827244946,24,45.99322593278068,-2.0425776603312187
zelk12_MT-Gen6-gemma-2-9B,zelk12/MT-Gen6-gemma-2-9B,58.42735636174275,58.44669261858689,39.39691509660613,24,42.640255480713854,-3.243340384107725
zelk12_MT-Gen7-gemma-2-9B,zelk12/MT-Gen7-gemma-2-9B,59.26054504426315,59.35242633580781,40.93907104389604,24,43.78984534999391,-2.8507743060978683
zelk12_MT-Merge-gemma-2-9B,zelk12/MT-Merge-gemma-2-9B,61.083145287276515,61.18379158679297,44.32084182103274,24,46.304573189044035,-1.9837313680112985
zelk12_MT-Merge2-MU-gemma-2-MTg2MT1g2-9B,zelk12/MT-Merge2-MU-gemma-2-MTg2MT1g2-9B,60.718625238673845,60.838922159877974,43.84019994693836,24,45.80162762123401,-1.9614276742956491
zelk12_MT-Merge4-gemma-2-9B,zelk12/MT-Merge4-gemma-2-9B,61.083145287276515,61.182180586844275,44.05349239999947,24,46.304573189044035,-2.2510807890445648
zelk12_MT-Merge6-gemma-2-9B,zelk12/MT-Merge6-gemma-2-9B,59.38205172713071,59.49106849534559,41.32196105730412,24,43.95749387259726,-2.635532815293139
zelk12_MT1-Gen2-gemma-2-9B,zelk12/MT1-Gen2-gemma-2-9B,60.85749001909391,60.95989894691558,43.91919055805058,24,45.99322593278068,-2.0740353747301015
zelk12_MT1-Gen5-gemma-2-9B,zelk12/MT1-Gen5-gemma-2-9B,60.11109182433605,60.17455017631886,42.49676419899819,24,44.963385008217294,-2.4666208092191013
zelk12_MT1-gemma-2-9B,zelk12/MT1-gemma-2-9B,60.99635479951397,61.087459507569235,44.16152621661877,24,46.18482424432736,-2.0232980277085915
zelk12_MT2-Gen1-gemma-2-9B,zelk12/MT2-Gen1-gemma-2-9B,60.87484811664642,61.008020279207436,44.141103157274806,24,46.01717572172403,-1.876072564449224
zelk12_MT2-Gen2-gemma-2-9B,zelk12/MT2-Gen2-gemma-2-9B,60.78805762888388,60.929175319364454,44.04450256220759,24,45.89742677700736,-1.8529242147997707
zelk12_MT2-Gen3-gemma-2-9B,zelk12/MT2-Gen3-gemma-2-9B,60.94428050685645,61.04772065373927,44.007274058843926,24,46.11297487749736,-2.105700818653432
zelk12_MT2-Gen4-gemma-2-9B,zelk12/MT2-Gen4-gemma-2-9B,60.85749001909391,60.965513920177614,43.778361681045226,24,45.99322593278068,-2.214864251735456
zelk12_MT2-Gen5-gemma-2-9B,zelk12/MT2-Gen5-gemma-2-9B,60.56240236070127,60.639338175277395,43.12428137338583,24,45.58607952074401,-2.4617981473581807
zelk12_MT2-Gen6-gemma-2-9B,zelk12/MT2-Gen6-gemma-2-9B,59.52091650755077,59.59649576371049,41.771094311913785,24,44.14909218414393,-2.3779978722301465
zelk12_MT2-Max-Merge_02012025163610-gemma-2-9B,zelk12/MT2-Max-Merge_02012025163610-gemma-2-9B,60.961638604408954,61.08461203950706,44.04081717896338,24,46.136924666440684,-2.0961074874773047
zelk12_MT3-Gen1-gemma-2-9B,zelk12/MT3-Gen1-gemma-2-9B,60.961638604408954,61.067609320303326,44.11949468740284,24,46.136924666440684,-2.0174299790378427
zelk12_MT3-Gen2-gemma-2-9B,zelk12/MT3-Gen2-gemma-2-9B,60.80541572643638,60.91473194676166,43.94022574925496,24,45.92137656595068,-1.981150816695724
zelk12_MT3-Gen3-gemma-2-9B,zelk12/MT3-Gen3-gemma-2-9B,60.77069953133137,60.888922159877986,43.78374025194924,24,45.87347698806401,-2.089736736114773
zelk12_MT3-Gen4-gemma-2-9B,zelk12/MT3-Gen4-gemma-2-9B,60.92692240930394,61.00843629460684,43.77959090180507,24,46.08902508855403,-2.309434186748959
zelk12_MT3-Gen5-gemma-2-9B,zelk12/MT3-Gen5-gemma-2-9B,60.90956431175143,60.98615465467814,43.9511986459128,24,46.06507529961068,-2.1138766536978864
zelk12_MT3-Gen5-gemma-2-9B_v1,zelk12/MT3-Gen5-gemma-2-9B_v1,61.03107099461899,61.13330718661595,44.15960180869316,24,46.232723822214034,-2.073122013520873
zelk12_MT3-Gen6-gemma-2-9B,zelk12/MT3-Gen6-gemma-2-9B,60.09373372678355,60.20072592121909,42.63936302517612,24,44.939435219273975,-2.300072194097858
zelk12_MT3-Max-Merge_02012025163610-gemma-2-9B,zelk12/MT3-Max-Merge_02012025163610-gemma-2-9B,61.11786148238153,61.234612039507056,44.20651979334247,24,46.35247276693071,-2.145952973588237
zelk12_MT3-gemma-2-9B,zelk12/MT3-gemma-2-9B,61.20465197014407,61.307842026088004,44.24846451595969,24,46.472221711647386,-2.2237571956876963
zelk12_MT4-Gen2-gemma-2-9B,zelk12/MT4-Gen2-gemma-2-9B,60.961638604408954,61.08348543973538,44.17665766133724,24,46.136924666440684,-1.9602670051034465
zelk12_MT4-Gen3-gemma-2-9B,zelk12/MT4-Gen3-gemma-2-9B,60.75334143377886,60.871128893439646,43.894390102514826,24,45.849527199120686,-1.9551370966058599
zelk12_MT4-Gen5-gemma-2-9B,zelk12/MT4-Gen5-gemma-2-9B,60.961638604408954,61.06664051994929,43.94789156904174,24,46.136924666440684,-2.189033097398948
zelk12_MT4-gemma-2-9B,zelk12/MT4-gemma-2-9B,60.6318347509113,60.73136013413019,43.55382749958519,24,45.68187867651734,-2.1280511769321535
zelk12_MT5-Gen1-gemma-2-9B,zelk12/MT5-Gen1-gemma-2-9B,61.01371289706648,61.10476837383056,44.18333461079421,24,46.20877403327071,-2.025439422476495
zelk12_MT5-Gen2-gemma-2-9B,zelk12/MT5-Gen2-gemma-2-9B,60.961638604408954,61.05412617423591,44.11321466977781,24,46.136924666440684,-2.0237099966628733
zelk12_MT5-Gen3-gemma-2-9B,zelk12/MT5-Gen3-gemma-2-9B,60.78805762888388,60.90494662694999,43.88591333925529,24,45.89742677700736,-2.011513437752072
zelk12_MT5-gemma-2-9B,zelk12/MT5-gemma-2-9B,61.01371289706648,61.12225549321132,44.27125659181852,24,46.20877403327071,-1.9375174414521865
zelk12_MTM-Merge-gemma-2-9B,zelk12/MTM-Merge-gemma-2-9B,61.22201006769658,61.33348543973538,44.38067726918037,24,46.496171500590705,-2.115494231410338
zelk12_Rv0.4DMv1t0.25-gemma-2-9B,zelk12/Rv0.4DMv1t0.25-gemma-2-9B,60.54504426314876,60.697126385220436,43.66476423073275,24,45.56212973180067,-1.8973655010679167
zelk12_Test01012025155054t0.5_gemma-2,zelk12/Test01012025155054t0.5_gemma-2,27.87710466932824,28.295044895258116,1.2805465682883084,24,0.48862694044512817,0.7919196278431802
zelk12_gemma-2-S2MTM-9B,zelk12/gemma-2-S2MTM-9B,60.56240236070127,60.60836790982921,43.11572752288462,24,45.58607952074401,-2.470351997859389
zelk12_recoilme-gemma-2-Gutenberg-Doppel-9B-v0.1,zelk12/recoilme-gemma-2-Gutenberg-Doppel-9B-v0.1,60.87484811664642,60.98779556010631,43.94125829423596,24,46.01717572172403,-2.075917427488072
zelk12_recoilme-gemma-2-Ifable-9B-v0.1,zelk12/recoilme-gemma-2-Ifable-9B-v0.1,60.57976045825377,60.64399292200404,43.39057008013784,24,45.61002930968734,-2.2194592295495
zelk12_recoilme-gemma-2-psy10k-mental_healt-9B-v0.1,zelk12/recoilme-gemma-2-psy10k-mental_healt-9B-v0.1,59.74657177573338,59.7759349920723,42.1326829485998,24,44.46043944040727,-2.3277564918074702
zetasepic_Qwen2.5-32B-Instruct-abliterated-v2,zetasepic/Qwen2.5-32B-Instruct-abliterated-v2,69.0505120638778,69.34020817780426,56.53381848053764,24,57.297526314034585,-0.7637078334969445
zetasepic_Qwen2.5-72B-Instruct-abliterated,zetasepic/Qwen2.5-72B-Instruct-abliterated,71.35913903836139,71.52257183282453,59.912975835046495,24,60.48284824349807,-0.5698724084515732
